442700.00,3921300.00,516.90462,315.71,315.71,2.00
442700.00,3921350.00,683.70952,316.21,316.21,2.00
442700.00,3921400.00,582.091,316.75,316.75,2.00
442700.00,3921450.00,326.89092,317.34,317.34,2.00
442700.00,3921500.00,250.8696,317.36,317.36,2.00
442700.00,3921550.00,233.31489,317.06,317.06,2.00
442700.00,3921600.00,211.16721,317.00,317.00,2.00
442700.00,3921650.00,194.91072,317.00,317.00,2.00
442700.00,3921700.00,181.02708,317.29,317.29,2.00
442700.00,3921750.00,170.68973,317.54,317.54,2.00
442700.00,3921800.00,170.92412,317.23,317.23,2.00
442700.00,3921850.00,170.71671,317.06,317.06,2.00
442700.00,3921900.00,162.93592,317.28,317.28,2.00
442700.00,3921950.00,153.14035,317.85,317.85,2.00
442700.00,3922000.00,147.97168,318.93,318.93,2.00
442700.00,3922050.00,140.99033,319.53,319.53,2.00
442700.00,3922100.00,137.82717,319.74,319.74,2.00
442700.00,3922150.00,134.97891,320.26,320.26,2.00
442700.00,3922200.00,130.71069,320.91,320.91,2.00
442700.00,3922250.00,124.77241,321.57,321.57,2.00
442700.00,3922300.00,124.73616,322.23,322.23,2.00
442750.00,3921300.00,467.38604,315.33,315.33,2.00
442750.00,3921350.00,565.76672,316.28,316.28,2.00
442750.00,3921400.00,580.16729,316.79,316.79,2.00
442750.00,3921450.00,392.28539,316.86,316.86,2.00
442750.00,3921500.00,286.90735,316.97,316.97,2.00
442750.00,3921550.00,245.99568,317.08,317.08,2.00
442750.00,3921600.00,213.40616,317.10,317.10,2.00
442750.00,3921650.00,198.88055,317.10,317.10,2.00
442750.00,3921700.00,192.72132,317.00,317.00,2.00
442750.00,3921750.00,183.131,316.92,316.92,2.00
442750.00,3921800.00,181.88356,316.97,316.97,2.00
442750.00,3921850.00,174.19729,317.16,317.16,2.00
442750.00,3921900.00,160.71301,317.79,317.79,2.00
442750.00,3921950.00,157.96799,318.58,318.58,2.00
442750.00,3922000.00,146.37606,319.61,319.61,2.00
442750.00,3922050.00,141.17512,320.35,320.35,2.00
442750.00,3922100.00,136.60891,320.85,320.85,2.00
442750.00,3922150.00,134.75967,321.02,321.02,2.00
442750.00,3922200.00,133.39536,321.05,321.05,2.00
442750.00,3922250.00,135.94113,321.03,321.03,2.00
442750.00,3922300.00,136.43089,321.01,321.01,2.00
442800.00,3921300.00,440.15855,315.08,315.08,2.00
442800.00,3921350.00,505.57613,315.31,315.31,2.00
442800.00,3921400.00,753.04376,315.65,315.65,2.00
442800.00,3921450.00,643.49436,316.08,316.08,2.00
442800.00,3921500.00,325.96373,316.78,316.78,2.00
442800.00,3921550.00,222.40968,317.61,317.61,2.00
442800.00,3921600.00,193.88743,317.77,317.77,2.00
442800.00,3921650.00,188.67597,317.76,317.76,2.00
442800.00,3921700.00,199.42692,316.97,316.97,2.00
442800.00,3921750.00,203.30663,316.29,316.29,2.00
442800.00,3921800.00,192.46499,316.70,316.70,2.00
442800.00,3921850.00,176.2657,317.36,317.36,2.00
442800.00,3921900.00,162.77339,318.70,318.70,2.00
442800.00,3921950.00,152.41616,319.76,319.76,2.00
442800.00,3922000.00,146.22998,320.44,320.44,2.00
442800.00,3922050.00,141.85553,320.81,320.81,2.00
442800.00,3922100.00,140.80466,320.96,320.96,2.00
442800.00,3922150.00,137.1681,321.28,321.28,2.00
442800.00,3922200.00,131.2497,321.67,321.67,2.00
442800.00,3922250.00,137.54902,321.38,321.38,2.00
442800.00,3922300.00,142.85905,320.99,320.99,2.00
442850.00,3921300.00,429.77987,315.09,315.09,2.00
442850.00,3921350.00,468.20025,315.33,315.33,2.00
442850.00,3921400.00,567.46082,315.72,315.72,2.00
442850.00,3921450.00,681.78054,316.26,316.26,2.00
442850.00,3921500.00,345.31599,317.00,317.00,2.00
442850.00,3921550.00,226.88914,317.85,317.85,2.00
442850.00,3921600.00,214.71928,317.62,317.62,2.00
442850.00,3921650.00,212.30892,317.17,317.17,2.00
442850.00,3921700.00,210.49779,316.77,316.77,2.00
442850.00,3921750.00,209.11414,316.48,316.48,2.00
442850.00,3921800.00,192.8162,317.02,317.02,2.00
442850.00,3921850.00,180.91366,317.85,317.85,2.00
442850.00,3921900.00,175.2124,319.47,319.47,2.00
442850.00,3921950.00,165.1876,320.53,320.53,2.00
442850.00,3922000.00,151.62727,320.86,320.86,2.00
442850.00,3922050.00,145.61365,321.00,321.00,2.00
442850.00,3922100.00,146.31017,321.00,321.00,2.00
442850.00,3922150.00,142.5011,321.24,321.24,2.00
442850.00,3922200.00,139.04591,321.58,321.58,2.00
442850.00,3922250.00,141.66002,321.51,321.51,2.00
442850.00,3922300.00,144.56058,321.35,321.35,2.00
442900.00,3921300.00,427.83873,315.31,315.31,2.00
442900.00,3921350.00,472.24397,315.85,315.85,2.00
442900.00,3921400.00,480.52913,316.38,316.38,2.00
442900.00,3921450.00,490.00121,316.92,316.92,2.00
442900.00,3921500.00,391.23881,317.39,317.39,2.00
442900.00,3921550.00,287.57191,317.83,317.83,2.00
442900.00,3921600.00,239.48553,317.06,317.06,2.00
442900.00,3921650.00,270.62478,316.02,316.02,2.00
442900.00,3921700.00,234.77144,316.53,316.53,2.00
442900.00,3921750.00,202.58008,317.08,317.08,2.00
442900.00,3921800.00,186.5626,317.74,317.74,2.00
442900.00,3921850.00,184.6793,318.63,318.63,2.00
442900.00,3921900.00,180.05302,320.17,320.17,2.00
442900.00,3921950.00,175.92824,321.03,321.03,2.00
442900.00,3922000.00,171.70298,320.97,320.97,2.00
442900.00,3922050.00,160.84877,320.95,320.95,2.00
442900.00,3922100.00,153.08838,320.96,320.96,2.00
442900.00,3922150.00,151.10581,320.99,320.99,2.00
442900.00,3922200.00,154.03062,321.03,321.03,2.00
442900.00,3922250.00,148.26342,321.49,321.49,2.00
442900.00,3922300.00,141.93264,321.98,321.98,2.00
442950.00,3921300.00,453.15059,315.98,315.98,2.00
442950.00,3921350.00,467.23996,316.51,316.51,2.00
442950.00,3921400.00,457.99877,317.05,317.05,2.00
442950.00,3921450.00,404.39504,317.59,317.59,2.00
442950.00,3921500.00,451.34517,317.57,317.57,2.00
442950.00,3921550.00,362.448,317.29,317.29,2.00
442950.00,3921600.00,290.33993,316.69,316.69,2.00
442950.00,3921650.00,275.08612,316.01,316.01,2.00
442950.00,3921700.00,255.00578,316.53,316.53,2.00
442950.00,3921750.00,209.56136,317.23,317.23,2.00
442950.00,3921800.00,192.27117,318.96,318.96,2.00
442950.00,3921850.00,184.90167,320.42,320.42,2.00
442950.00,3921900.00,182.22533,321.25,321.25,2.00
442950.00,3921950.00,181.9478,321.38,321.38,2.00
442950.00,3922000.00,184.38447,320.60,320.60,2.00
442950.00,3922050.00,183.32666,320.29,320.29,2.00
442950.00,3922100.00,174.19175,320.29,320.29,2.00
442950.00,3922150.00,161.88438,320.86,320.86,2.00
442950.00,3922200.00,151.79974,321.62,321.62,2.00
442950.00,3922250.00,149.55189,321.84,321.84,2.00
442950.00,3922300.00,148.43536,321.98,321.98,2.00
443000.00,3921300.00,526.61052,316.21,316.21,2.00
443000.00,3921350.00,475.18033,316.75,316.75,2.00
443000.00,3921400.00,466.17182,317.29,317.29,2.00
443000.00,3921450.00,400.47719,317.83,317.83,2.00
443000.00,3921500.00,415.59457,317.47,317.47,2.00
443000.00,3921550.00,473.81732,316.71,316.71,2.00
443000.00,3921600.00,394.03003,316.32,316.32,2.00
443000.00,3921650.00,295.90092,316.00,316.00,2.00
443000.00,3921700.00,272.597,316.54,316.54,2.00
443000.00,3921750.00,235.9199,317.30,317.30,2.00
443000.00,3921800.00,210.12599,319.47,319.47,2.00
443000.00,3921850.00,196.35238,321.22,321.22,2.00
443000.00,3921900.00,193.7557,321.97,321.97,2.00
443000.00,3921950.00,191.61961,322.08,322.08,2.00
443000.00,3922000.00,187.88718,321.40,321.40,2.00
443000.00,3922050.00,189.30797,320.99,320.99,2.00
443000.00,3922100.00,189.14565,320.78,320.78,2.00
443000.00,3922150.00,179.58178,321.39,321.39,2.00
443000.00,3922200.00,163.78919,322.27,322.27,2.00
443000.00,3922250.00,156.30253,322.53,322.53,2.00
443000.00,3922300.00,155.68956,322.66,322.66,2.00
443050.00,3921300.00,473.7844,316.21,316.21,2.00
443050.00,3921350.00,544.94609,316.75,316.75,2.00
443050.00,3921400.00,484.40934,317.24,317.24,2.00
443050.00,3921450.00,455.2782,317.70,317.70,2.00
443050.00,3921500.00,444.59101,317.10,317.10,2.00
443050.00,3921550.00,814.44232,316.02,316.02,2.00
443050.00,3921600.00,461.83451,315.96,315.96,2.00
443050.00,3921650.00,343.48194,316.06,316.06,2.00
443050.00,3921700.00,297.82762,316.63,316.63,2.00
443050.00,3921750.00,279.89109,317.42,317.42,2.00
443050.00,3921800.00,252.09478,319.49,319.49,2.00
443050.00,3921850.00,221.86513,321.28,321.28,2.00
443050.00,3921900.00,207.76619,322.36,322.36,2.00
443050.00,3921950.00,204.96835,322.96,322.96,2.00
443050.00,3922000.00,206.12695,322.97,322.97,2.00
443050.00,3922050.00,203.09979,322.63,322.63,2.00
443050.00,3922100.00,196.24574,322.09,322.09,2.00
443050.00,3922150.00,196.06703,322.38,322.38,2.00
443050.00,3922200.00,193.75978,322.95,322.95,2.00
443050.00,3922250.00,186.0076,323.48,323.48,2.00
443050.00,3922300.00,170.82969,323.93,323.93,2.00
443100.00,3921300.00,512.74496,316.21,316.21,2.00
443100.00,3921350.00,511.30112,316.76,316.76,2.00
443100.00,3921400.00,550.59808,316.85,316.85,2.00
443100.00,3921450.00,527.16313,316.59,316.59,2.00
443100.00,3921500.00,536.17785,315.77,315.77,2.00
443100.00,3921550.00,1020.04952,314.69,314.69,2.00
443100.00,3921600.00,726.99229,315.55,315.55,2.00
443100.00,3921650.00,396.4033,316.73,316.73,2.00
443100.00,3921700.00,288.55464,317.65,317.65,2.00
443100.00,3921750.00,309.59259,318.59,318.59,2.00
443100.00,3921800.00,297.52035,319.59,319.59,2.00
443100.00,3921850.00,266.90121,320.62,320.62,2.00
443100.00,3921900.00,233.63349,321.71,321.71,2.00
443100.00,3921950.00,217.40679,322.30,322.30,2.00
443100.00,3922000.00,212.38615,322.30,322.30,2.00
443100.00,3922050.00,203.37246,321.75,321.75,2.00
443100.00,3922100.00,204.37272,320.84,320.84,2.00
443100.00,3922150.00,202.17422,321.60,321.60,2.00
443100.00,3922200.00,210.98526,322.89,322.89,2.00
443100.00,3922250.00,207.05721,323.16,323.16,2.00
443100.00,3922300.00,195.97035,323.31,323.31,2.00
443150.00,3921300.00,569.97052,316.13,316.13,2.00
443150.00,3921350.00,575.90678,316.45,316.45,2.00
443150.00,3921400.00,535.67248,316.41,316.41,2.00
443150.00,3921450.00,520.98858,316.10,316.10,2.00
443150.00,3921500.00,597.04221,315.69,315.69,2.00
443150.00,3921550.00,589.06696,315.25,315.25,2.00
443150.00,3921600.00,800.93136,316.20,316.20,2.00
443150.00,3921650.00,426.76804,317.39,317.39,2.00
443150.00,3921700.00,309.19164,318.26,318.26,2.00
443150.00,3921750.00,300.38534,319.15,319.15,2.00
443150.00,3921800.00,305.74788,320.10,320.10,2.00
443150.00,3921850.00,293.29367,320.95,320.95,2.00
443150.00,3921900.00,271.48964,321.63,321.63,2.00
443150.00,3921950.00,245.64617,322.09,322.09,2.00
443150.00,3922000.00,228.5871,322.28,322.28,2.00
443150.00,3922050.00,217.12887,321.69,321.69,2.00
443150.00,3922100.00,214.94482,320.60,320.60,2.00
443150.00,3922150.00,210.11815,321.44,321.44,2.00
443150.00,3922200.00,224.05449,322.88,322.88,2.00
443150.00,3922250.00,223.19567,323.00,323.00,2.00
443150.00,3922300.00,216.90619,323.01,323.01,2.00
443200.00,3921300.00,693.33595,316.00,316.00,2.00
443200.00,3921350.00,656.97533,316.00,316.00,2.00
443200.00,3921400.00,608.94572,316.04,316.04,2.00
443200.00,3921450.00,602.39374,316.11,316.11,2.00
443200.00,3921500.00,563.29061,316.50,316.50,2.00
443200.00,3921550.00,614.00192,317.04,317.04,2.00
443200.00,3921600.00,540.54926,317.52,317.52,2.00
443200.00,3921650.00,422.9543,318.01,318.01,2.00
443200.00,3921700.00,359.37618,318.57,318.57,2.00
443200.00,3921750.00,340.12159,319.30,319.30,2.00
443200.00,3921800.00,284.93302,320.90,320.90,2.00
443200.00,3921850.00,296.62448,322.00,322.00,2.00
443200.00,3921900.00,291.85918,322.00,322.00,2.00
443200.00,3921950.00,278.351,322.25,322.25,2.00
443200.00,3922000.00,252.94305,322.78,322.78,2.00
443200.00,3922050.00,241.87598,322.32,322.32,2.00
443200.00,3922100.00,226.63466,321.25,321.25,2.00
443200.00,3922150.00,222.78946,321.84,321.84,2.00
443200.00,3922200.00,235.4639,322.92,322.92,2.00
443200.00,3922250.00,236.54954,323.00,323.00,2.00
443200.00,3922300.00,235.57954,323.04,323.04,2.00
443250.00,3921300.00,695.41556,316.00,316.00,2.00
443250.00,3921350.00,713.56727,316.00,316.00,2.00
443250.00,3921400.00,716.14608,316.45,316.45,2.00
443250.00,3921450.00,740.73882,317.23,317.23,2.00
443250.00,3921500.00,679.37401,317.83,317.83,2.00
443250.00,3921550.00,625.88094,318.36,318.36,2.00
443250.00,3921600.00,605.19051,318.23,318.23,2.00
443250.00,3921650.00,584.05258,318.02,318.02,2.00
443250.00,3921700.00,403.61948,318.94,318.94,2.00
443250.00,3921750.00,400.65781,319.91,319.91,2.00
443250.00,3921800.00,330.99746,321.16,321.16,2.00
443250.00,3921850.00,301.37532,322.00,322.00,2.00
443250.00,3921900.00,305.40036,322.00,322.00,2.00
443250.00,3921950.00,304.4845,322.08,322.08,2.00
443250.00,3922000.00,293.46847,322.26,322.26,2.00
443250.00,3922050.00,282.40845,322.10,322.10,2.00
443250.00,3922100.00,262.11689,321.75,321.75,2.00
443250.00,3922150.00,247.66457,322.51,322.51,2.00
443250.00,3922200.00,242.79576,323.59,323.59,2.00
443250.00,3922250.00,246.34704,323.33,323.33,2.00
443250.00,3922300.00,249.30148,323.04,323.04,2.00
443300.00,3921300.00,596.92244,316.49,316.49,2.00
443300.00,3921350.00,648.81613,316.70,316.70,2.00
443300.00,3921400.00,701.02672,317.16,317.16,2.00
443300.00,3921450.00,794.07915,317.82,317.82,2.00
443300.00,3921500.00,858.00437,318.24,318.24,2.00
443300.00,3921550.00,904.80272,318.58,318.58,2.00
443300.00,3921600.00,743.41913,318.33,318.33,2.00
443300.00,3921650.00,627.42439,318.03,318.03,2.00
443300.00,3921700.00,502.15385,319.11,319.11,2.00
443300.00,3921750.00,487.09538,320.09,320.09,2.00
443300.00,3921800.00,419.25316,320.59,320.59,2.00
443300.00,3921850.00,387.39337,321.06,321.06,2.00
443300.00,3921900.00,337.26231,321.45,321.45,2.00
443300.00,3921950.00,307.97916,321.65,321.65,2.00
443300.00,3922000.00,317.34407,321.66,321.66,2.00
443300.00,3922050.00,317.41588,321.78,321.78,2.00
443300.00,3922100.00,308.45038,321.96,321.96,2.00
443300.00,3922150.00,280.65371,322.43,322.43,2.00
443300.00,3922200.00,263.6422,322.99,322.99,2.00
443300.00,3922250.00,262.51945,323.18,323.18,2.00
443300.00,3922300.00,263.01907,323.33,323.33,2.00
443350.00,3921300.00,723.66893,317.14,317.14,2.00
443350.00,3921350.00,699.99483,317.75,317.75,2.00
443350.00,3921400.00,649.84037,317.98,317.98,2.00
443350.00,3921450.00,647.69056,317.96,317.96,2.00
443350.00,3921500.00,702.79778,317.97,317.97,2.00
443350.00,3921550.00,792.81428,318.00,318.00,2.00
443350.00,3921600.00,901.82862,318.05,318.05,2.00
443350.00,3921650.00,939.51945,318.14,318.14,2.00
443350.00,3921700.00,814.51913,319.19,319.19,2.00
443350.00,3921750.00,606.70684,319.95,319.95,2.00
443350.00,3921800.00,548.19507,319.39,319.39,2.00
443350.00,3921850.00,506.61221,319.38,319.38,2.00
443350.00,3921900.00,451.52252,320.46,320.46,2.00
443350.00,3921950.00,394.81988,321.01,321.01,2.00
443350.00,3922000.00,344.52003,321.00,321.00,2.00
443350.00,3922050.00,332.0785,321.35,321.35,2.00
443350.00,3922100.00,333.66987,321.89,321.89,2.00
443350.00,3922150.00,344.45981,321.58,321.58,2.00
443350.00,3922200.00,318.81225,321.07,321.07,2.00
443350.00,3922250.00,293.75069,322.55,322.55,2.00
443350.00,3922300.00,290.61519,323.93,323.93,2.00
443400.00,3921300.00,1372.58523,316.13,316.13,2.00
443400.00,3921350.00,1092.59764,317.45,317.45,2.00
443400.00,3921400.00,928.55523,317.77,317.77,2.00
443400.00,3921450.00,853.55429,317.39,317.39,2.00
443400.00,3921500.00,783.90935,317.58,317.58,2.00
443400.00,3921550.00,725.00235,317.96,317.96,2.00
443400.00,3921600.00,712.39288,319.00,319.00,2.00
443400.00,3921650.00,741.28327,320.11,320.11,2.00
443400.00,3921700.00,741.67598,320.80,320.80,2.00
443400.00,3921750.00,693.66278,321.19,321.19,2.00
443400.00,3921800.00,748.46221,320.28,320.28,2.00
443400.00,3921850.00,687.64966,320.05,320.05,2.00
443400.00,3921900.00,568.78608,321.12,321.12,2.00
443400.00,3921950.00,501.4477,321.67,321.67,2.00
443400.00,3922000.00,442.85125,321.66,321.66,2.00
443400.00,3922050.00,381.67048,321.32,321.32,2.00
443400.00,3922100.00,385.98929,320.80,320.80,2.00
443400.00,3922150.00,438.30252,319.71,319.71,2.00
443400.00,3922200.00,406.84553,318.48,318.48,2.00
443400.00,3922250.00,438.5855,320.63,320.63,2.00
443400.00,3922300.00,406.87744,322.77,322.77,2.00
443450.00,3921300.00,964.24193,315.62,315.62,2.00
443450.00,3921350.00,1107.76338,317.04,317.04,2.00
443450.00,3921400.00,1167.64144,317.67,317.67,2.00
443450.00,3921450.00,1376.98198,317.73,317.73,2.00
443450.00,3921500.00,1370.89902,318.13,318.13,2.00
443450.00,3921550.00,1266.17296,318.67,318.67,2.00
443450.00,3921600.00,1096.17316,319.82,319.82,2.00
443450.00,3921650.00,986.98916,321.02,321.02,2.00
443450.00,3921700.00,920.85658,321.37,321.37,2.00
443450.00,3921750.00,851.37167,321.51,321.51,2.00
443450.00,3921800.00,754.83504,320.81,320.81,2.00
443450.00,3921850.00,756.30882,320.59,320.59,2.00
443450.00,3921900.00,639.85868,321.31,321.31,2.00
443450.00,3921950.00,637.37224,321.76,321.76,2.00
443450.00,3922000.00,570.62249,321.94,321.94,2.00
443450.00,3922050.00,604.68985,321.63,321.63,2.00
443450.00,3922100.00,656.86099,321.06,321.06,2.00
443450.00,3922150.00,740.62208,319.90,319.90,2.00
443450.00,3922200.00,722.07426,318.60,318.60,2.00
443450.00,3922250.00,720.69889,320.32,320.32,2.00
443450.00,3922300.00,726.80118,322.12,322.12,2.00
443500.00,3921300.00,707.5873,315.55,315.55,2.00
443500.00,3921350.00,751.26317,316.58,316.58,2.00
443500.00,3921400.00,818.8297,317.65,317.65,2.00
443500.00,3921450.00,937.88482,318.73,318.73,2.00
443500.00,3921500.00,970.00988,319.38,319.38,2.00
443500.00,3921550.00,919.82218,319.90,319.90,2.00
443500.00,3921600.00,988.44148,320.45,320.45,2.00
443500.00,3921650.00,981.28681,320.97,320.97,2.00
443500.00,3921700.00,1131.44595,320.99,320.99,2.00
443500.00,3921750.00,1184.13456,321.00,321.00,2.00
443500.00,3921800.00,1149.81277,321.00,321.00,2.00
443500.00,3921850.00,1032.67637,321.00,321.00,2.00
443500.00,3921900.00,904.92371,321.00,321.00,2.00
443500.00,3921950.00,833.02073,321.28,321.28,2.00
443500.00,3922000.00,798.78722,321.82,321.82,2.00
443500.00,3922050.00,751.07319,322.34,322.34,2.00
443500.00,3922100.00,722.88777,322.84,322.84,2.00
443500.00,3922150.00,638.82306,322.46,322.46,2.00
443500.00,3922200.00,545.83548,321.87,321.87,2.00
443500.00,3922250.00,500.63133,321.92,321.92,2.00
443500.00,3922300.00,499.16857,322.12,322.12,2.00
443550.00,3921300.00,722.83184,316.55,316.55,2.00
443550.00,3921350.00,721.02764,316.87,316.87,2.00
443550.00,3921400.00,719.27932,317.65,317.65,2.00
443550.00,3921450.00,909.0217,318.74,318.74,2.00
443550.00,3921500.00,960.36357,318.85,318.85,2.00
443550.00,3921550.00,925.76137,318.65,318.65,2.00
443550.00,3921600.00,990.0218,319.13,319.13,2.00
443550.00,3921650.00,982.52963,319.69,319.69,2.00
443550.00,3921700.00,817.6361,320.43,320.43,2.00
443550.00,3921750.00,651.83785,321.08,321.08,2.00
443550.00,3921800.00,686.53648,321.43,321.43,2.00
443550.00,3921850.00,775.09007,321.79,321.79,2.00
443550.00,3921900.00,935.71527,322.14,322.14,2.00
443550.00,3921950.00,1110.38151,322.40,322.40,2.00
443550.00,3922000.00,1246.50087,322.58,322.58,2.00
443550.00,3922050.00,1064.98011,323.46,323.46,2.00
443550.00,3922100.00,780.38151,324.69,324.69,2.00
443550.00,3922150.00,724.56821,324.18,324.18,2.00
443550.00,3922200.00,737.78204,323.29,323.29,2.00
443550.00,3922250.00,596.62703,323.58,323.58,2.00
443550.00,3922300.00,431.48978,323.95,323.95,2.00
443600.00,3921300.00,665.37855,316.73,316.73,2.00
443600.00,3921350.00,661.96408,316.92,316.92,2.00
443600.00,3921400.00,645.53074,317.42,317.42,2.00
443600.00,3921450.00,651.75219,318.13,318.13,2.00
443600.00,3921500.00,662.52243,318.18,318.18,2.00
443600.00,3921550.00,649.61172,318.01,318.01,2.00
443600.00,3921600.00,633.84237,318.33,318.33,2.00
443600.00,3921650.00,601.02942,318.72,318.72,2.00
443600.00,3921700.00,639.98494,319.63,319.63,2.00
443600.00,3921750.00,656.75681,320.50,320.50,2.00
443600.00,3921800.00,605.57301,321.22,321.22,2.00
443600.00,3921850.00,535.8086,321.82,321.82,2.00
443600.00,3921900.00,517.33885,322.19,322.19,2.00
443600.00,3921950.00,524.42962,322.46,322.46,2.00
443600.00,3922000.00,544.57372,322.64,322.64,2.00
443600.00,3922050.00,639.56422,323.46,323.46,2.00
443600.00,3922100.00,714.97504,324.60,324.60,2.00
443600.00,3922150.00,746.776,324.46,324.46,2.00
443600.00,3922200.00,757.79107,324.01,324.01,2.00
443600.00,3922250.00,775.8602,324.23,324.23,2.00
443600.00,3922300.00,726.38994,324.50,324.50,2.00
443650.00,3921300.00,558.86265,316.25,316.25,2.00
443650.00,3921350.00,546.43315,316.79,316.79,2.00
443650.00,3921400.00,520.96958,316.99,316.99,2.00
443650.00,3921450.00,505.68891,316.97,316.97,2.00
443650.00,3921500.00,513.52357,317.39,317.39,2.00
443650.00,3921550.00,508.21167,317.94,317.94,2.00
443650.00,3921600.00,486.43752,318.00,318.00,2.00
443650.00,3921650.00,471.01607,318.04,318.04,2.00
443650.00,3921700.00,453.11435,318.59,318.59,2.00
443650.00,3921750.00,425.88895,319.26,319.26,2.00
443650.00,3921800.00,461.36728,320.34,320.34,2.00
443650.00,3921850.00,491.01335,321.02,321.02,2.00
443650.00,3921900.00,473.66982,321.04,321.04,2.00
443650.00,3921950.00,449.30127,321.33,321.33,2.00
443650.00,3922000.00,485.68827,321.86,321.86,2.00
443650.00,3922050.00,545.75629,322.07,322.07,2.00
443650.00,3922100.00,569.89035,322.14,322.14,2.00
443650.00,3922150.00,598.12024,322.99,322.99,2.00
443650.00,3922200.00,633.28493,323.98,323.98,2.00
443650.00,3922250.00,624.14379,323.52,323.52,2.00
443650.00,3922300.00,681.13918,323.18,323.18,2.00
443700.00,3921300.00,460.54996,316.26,316.26,2.00
443700.00,3921350.00,453.86928,316.80,316.80,2.00
443700.00,3921400.00,440.03231,316.54,316.54,2.00
443700.00,3921450.00,435.07083,315.82,315.82,2.00
443700.00,3921500.00,420.49217,316.08,316.08,2.00
443700.00,3921550.00,396.50216,316.63,316.63,2.00
443700.00,3921600.00,364.94216,317.01,317.01,2.00
443700.00,3921650.00,327.95606,317.44,317.44,2.00
443700.00,3921700.00,308.85771,318.69,318.69,2.00
443700.00,3921750.00,308.07027,319.74,319.74,2.00
443700.00,3921800.00,401.50829,320.12,320.12,2.00
443700.00,3921850.00,593.87327,320.49,320.49,2.00
443700.00,3921900.00,506.05622,320.84,320.84,2.00
443700.00,3921950.00,404.05623,321.29,321.29,2.00
443700.00,3922000.00,457.82701,321.83,321.83,2.00
443700.00,3922050.00,503.81287,321.54,321.54,2.00
443700.00,3922100.00,535.04572,320.87,320.87,2.00
443700.00,3922150.00,543.78605,321.95,321.95,2.00
443700.00,3922200.00,583.264,323.37,323.37,2.00
443700.00,3922250.00,601.70843,323.51,323.51,2.00
443700.00,3922300.00,582.38019,323.63,323.63,2.00
442700.00,3922400.00,121.38355,322.09,322.09,2.00
442700.00,3922500.00,124.459,322.85,322.85,2.00
442700.00,3922600.00,126.17156,322.24,322.24,2.00
442700.00,3922700.00,127.76541,322.80,322.80,2.00
442700.00,3922800.00,126.65186,323.42,323.42,2.00
442700.00,3922900.00,124.53076,324.66,324.66,2.00
442700.00,3923000.00,126.86591,324.73,324.73,2.00
442700.00,3923100.00,130.96046,324.51,324.51,2.00
442700.00,3923200.00,140.70347,325.13,325.13,2.00
442700.00,3923300.00,151.302,324.39,324.39,2.00
442800.00,3922400.00,146.98255,320.77,320.77,2.00
442800.00,3922500.00,129.70217,322.37,322.37,2.00
442800.00,3922600.00,128.91524,323.17,323.17,2.00
442800.00,3922700.00,127.50264,324.33,324.33,2.00
442800.00,3922800.00,128.53778,324.37,324.37,2.00
442800.00,3922900.00,130.03787,325.66,325.66,2.00
442800.00,3923000.00,131.11199,326.21,326.21,2.00
442800.00,3923100.00,137.47041,326.12,326.12,2.00
442800.00,3923200.00,153.61066,326.47,326.47,2.00
442800.00,3923300.00,165.82085,327.97,327.97,2.00
442900.00,3922400.00,157.46508,321.10,321.10,2.00
442900.00,3922500.00,143.60417,322.19,322.19,2.00
442900.00,3922600.00,142.91119,323.00,323.00,2.00
442900.00,3922700.00,138.06185,324.05,324.05,2.00
442900.00,3922800.00,134.21753,326.40,326.40,2.00
442900.00,3922900.00,145.40834,325.98,325.98,2.00
442900.00,3923000.00,154.76084,325.61,325.61,2.00
442900.00,3923100.00,147.74611,326.65,326.65,2.00
442900.00,3923200.00,157.89881,327.71,327.71,2.00
442900.00,3923300.00,173.52461,328.04,328.04,2.00
443000.00,3922400.00,168.16434,321.52,321.52,2.00
443000.00,3922500.00,156.89642,323.00,323.00,2.00
443000.00,3922600.00,159.49769,323.27,323.27,2.00
443000.00,3922700.00,156.24796,324.47,324.47,2.00
443000.00,3922800.00,161.44549,325.31,325.31,2.00
443000.00,3922900.00,168.23719,325.82,325.82,2.00
443000.00,3923000.00,169.05096,326.89,326.89,2.00
443000.00,3923100.00,166.02544,327.18,327.18,2.00
443000.00,3923200.00,172.9719,327.23,327.23,2.00
443000.00,3923300.00,200.13352,328.96,328.96,2.00
443100.00,3922400.00,173.61968,322.63,322.63,2.00
443100.00,3922500.00,176.99272,322.47,322.47,2.00
443100.00,3922600.00,184.49075,323.46,323.46,2.00
443100.00,3922700.00,180.45228,325.13,325.13,2.00
443100.00,3922800.00,193.11199,326.00,326.00,2.00
443100.00,3922900.00,190.83812,326.53,326.53,2.00
443100.00,3923000.00,176.25919,328.35,328.35,2.00
443100.00,3923100.00,173.49022,329.34,329.34,2.00
443100.00,3923200.00,219.3009,327.40,327.40,2.00
443100.00,3923300.00,215.84434,328.53,328.53,2.00
443200.00,3922400.00,232.68019,324.10,324.10,2.00
443200.00,3922500.00,195.55823,324.73,324.73,2.00
443200.00,3922600.00,208.01498,323.99,323.99,2.00
443200.00,3922700.00,217.16098,324.41,324.41,2.00
443200.00,3922800.00,251.74143,325.48,325.48,2.00
443200.00,3922900.00,253.54808,326.03,326.03,2.00
443200.00,3923000.00,248.84272,326.76,326.76,2.00
443200.00,3923100.00,272.55895,327.17,327.17,2.00
443200.00,3923200.00,309.46314,326.97,326.97,2.00
443200.00,3923300.00,479.8853,326.29,326.29,2.00
443300.00,3922400.00,269.30554,323.82,323.82,2.00
443300.00,3922500.00,275.04315,324.62,324.62,2.00
443300.00,3922600.00,268.43113,324.58,324.58,2.00
443300.00,3922700.00,319.75356,325.18,325.18,2.00
443300.00,3922800.00,351.52916,325.46,325.46,2.00
443300.00,3922900.00,377.42806,326.29,326.29,2.00
443300.00,3923000.00,414.45521,326.66,326.66,2.00
443300.00,3923100.00,392.76546,328.16,328.16,2.00
443300.00,3923200.00,680.2475,328.16,328.16,2.00
443300.00,3923300.00,486.11698,328.61,328.61,2.00
443400.00,3922400.00,529.79157,323.77,323.77,2.00
443400.00,3922500.00,671.62239,324.70,324.70,2.00
443400.00,3922600.00,711.70169,325.30,325.30,2.00
443400.00,3922700.00,664.53226,325.85,325.85,2.00
443400.00,3922800.00,585.12602,326.06,326.06,2.00
443400.00,3922900.00,482.22275,327.36,327.36,2.00
443400.00,3923000.00,331.30679,328.20,328.20,2.00
443400.00,3923100.00,260.78338,328.90,328.90,2.00
443400.00,3923200.00,238.11504,329.57,329.57,2.00
443400.00,3923300.00,355.50173,330.83,330.83,2.00
443500.00,3922400.00,405.68893,324.14,324.14,2.00
443500.00,3922500.00,403.83034,325.21,325.21,2.00
443500.00,3922600.00,418.3118,325.96,325.96,2.00
443500.00,3922700.00,403.57329,325.64,325.64,2.00
443500.00,3922800.00,411.64565,325.12,325.12,2.00
443500.00,3922900.00,296.62455,327.74,327.74,2.00
443500.00,3923000.00,217.96291,329.36,329.36,2.00
443500.00,3923100.00,184.6103,330.39,330.39,2.00
443500.00,3923200.00,180.28751,330.98,330.98,2.00
443500.00,3923300.00,402.20713,331.00,331.00,2.00
443600.00,3922400.00,506.86051,325.58,325.58,2.00
443600.00,3922500.00,332.87612,326.44,326.44,2.00
443600.00,3922600.00,283.23802,327.00,327.00,2.00
443600.00,3922700.00,312.165,326.80,326.80,2.00
443600.00,3922800.00,335.34632,326.48,326.48,2.00
443600.00,3922900.00,340.174,325.94,325.94,2.00
443600.00,3923000.00,300.43009,327.12,327.12,2.00
443600.00,3923100.00,205.63931,329.29,329.29,2.00
443600.00,3923200.00,154.50619,331.57,331.57,2.00
443600.00,3923300.00,357.45669,331.11,331.11,2.00
443700.00,3922400.00,709.89877,324.38,324.38,2.00
443700.00,3922500.00,838.39016,326.55,326.55,2.00
443700.00,3922600.00,504.22195,327.19,327.19,2.00
443700.00,3922700.00,383.1195,327.74,327.74,2.00
443700.00,3922800.00,336.00012,328.00,328.00,2.00
443700.00,3922900.00,344.97184,327.30,327.30,2.00
443700.00,3923000.00,364.53946,327.91,327.91,2.00
443700.00,3923100.00,277.29043,330.45,330.45,2.00
443700.00,3923200.00,268.64847,330.97,330.97,2.00
443700.00,3923300.00,301.22008,331.00,331.00,2.00
443800.00,3922400.00,414.9072,324.33,324.33,2.00
443800.00,3922500.00,585.93516,326.47,326.47,2.00
443800.00,3922600.00,473.92065,327.93,327.93,2.00
443800.00,3922700.00,427.51222,328.37,328.37,2.00
443800.00,3922800.00,437.34102,328.45,328.45,2.00
443800.00,3922900.00,409.33368,328.57,328.57,2.00
443800.00,3923000.00,467.27884,329.00,329.00,2.00
443800.00,3923100.00,338.83222,331.95,331.95,2.00
443800.00,3923200.00,213.01897,333.34,333.34,2.00
443800.00,3923300.00,387.35727,331.24,331.24,2.00
443900.00,3922400.00,284.65093,322.13,322.13,2.00
443900.00,3922500.00,291.24191,324.03,324.03,2.00
443900.00,3922600.00,254.64373,327.52,327.52,2.00
443900.00,3922700.00,227.41812,327.42,327.42,2.00
443900.00,3922800.00,197.87801,328.10,328.10,2.00
443900.00,3922900.00,211.29329,328.78,328.78,2.00
443900.00,3923000.00,299.4476,329.73,329.73,2.00
443900.00,3923100.00,334.10397,330.61,330.61,2.00
443900.00,3923200.00,367.94872,331.65,331.65,2.00
443900.00,3923300.00,265.99344,332.28,332.28,2.00
444000.00,3922400.00,252.98047,323.22,323.22,2.00
444000.00,3922500.00,201.23735,324.52,324.52,2.00
444000.00,3922600.00,214.59167,326.63,326.63,2.00
444000.00,3922700.00,260.07679,326.35,326.35,2.00
444000.00,3922800.00,200.49488,327.45,327.45,2.00
444000.00,3922900.00,161.29486,328.85,328.85,2.00
444000.00,3923000.00,169.26837,330.17,330.17,2.00
444000.00,3923100.00,210.87864,330.13,330.13,2.00
444000.00,3923200.00,399.72249,330.83,330.83,2.00
444000.00,3923300.00,221.45425,333.30,333.30,2.00
444100.00,3922400.00,217.7929,324.18,324.18,2.00
444100.00,3922500.00,200.8814,325.07,325.07,2.00
444100.00,3922600.00,185.24482,324.87,324.87,2.00
444100.00,3922700.00,187.49935,326.05,326.05,2.00
444100.00,3922800.00,170.04501,328.19,328.19,2.00
444100.00,3922900.00,187.12994,328.03,328.03,2.00
444100.00,3923000.00,189.8333,330.08,330.08,2.00
444100.00,3923100.00,202.03757,331.49,331.49,2.00
444100.00,3923200.00,301.39621,330.42,330.42,2.00
444100.00,3923300.00,175.42813,331.29,331.29,2.00
444200.00,3922400.00,210.74327,324.38,324.38,2.00
444200.00,3922500.00,189.43481,325.73,325.73,2.00
444200.00,3922600.00,179.27016,325.71,325.71,2.00
444200.00,3922700.00,145.69157,327.87,327.87,2.00
444200.00,3922800.00,157.86841,329.34,329.34,2.00
444200.00,3922900.00,152.96743,330.47,330.47,2.00
444200.00,3923000.00,190.38144,330.21,330.21,2.00
444200.00,3923100.00,221.20555,330.61,330.61,2.00
444200.00,3923200.00,233.89695,330.37,330.37,2.00
444200.00,3923300.00,169.49135,330.82,330.82,2.00
444300.00,3922400.00,234.59185,324.29,324.29,2.00
444300.00,3922500.00,201.82928,324.76,324.76,2.00
444300.00,3922600.00,203.94693,323.85,323.85,2.00
444300.00,3922700.00,168.98496,326.15,326.15,2.00
444300.00,3922800.00,164.20069,327.01,327.01,2.00
444300.00,3922900.00,169.95945,329.14,329.14,2.00
444300.00,3923000.00,164.96269,330.13,330.13,2.00
444300.00,3923100.00,213.10666,330.35,330.35,2.00
444300.00,3923200.00,195.81658,330.59,330.59,2.00
444300.00,3923300.00,176.32011,329.62,329.62,2.00
444400.00,3922400.00,189.50433,324.03,324.03,2.00
444400.00,3922500.00,224.81577,323.98,323.98,2.00
444400.00,3922600.00,213.43401,323.99,323.99,2.00
444400.00,3922700.00,185.68489,324.90,324.90,2.00
444400.00,3922800.00,161.76832,325.53,325.53,2.00
444400.00,3922900.00,159.59608,327.46,327.46,2.00
444400.00,3923000.00,168.0741,329.09,329.09,2.00
444400.00,3923100.00,231.2533,329.41,329.41,2.00
444400.00,3923200.00,184.0084,329.06,329.06,2.00
444400.00,3923300.00,170.45988,329.00,329.00,2.00
444500.00,3922400.00,369.58405,319.14,319.14,2.00
444500.00,3922500.00,287.60451,321.46,321.46,2.00
444500.00,3922600.00,194.67888,324.33,324.33,2.00
444500.00,3922700.00,204.81838,324.10,324.10,2.00
444500.00,3922800.00,202.41493,323.03,323.03,2.00
444500.00,3922900.00,181.01277,323.77,323.77,2.00
444500.00,3923000.00,166.90325,324.94,324.94,2.00
444500.00,3923100.00,220.28067,329.73,329.73,2.00
444500.00,3923200.00,183.0215,330.51,330.51,2.00
444500.00,3923300.00,169.78992,329.17,329.17,2.00
444600.00,3922400.00,476.90098,318.56,318.56,2.00
444600.00,3922500.00,433.2948,317.46,317.46,2.00
444600.00,3922600.00,327.626,319.69,319.69,2.00
444600.00,3922700.00,223.10066,322.16,322.16,2.00
444600.00,3922800.00,189.57541,324.57,324.57,2.00
444600.00,3922900.00,132.66427,328.11,328.11,2.00
444600.00,3923000.00,140.89957,326.97,326.97,2.00
444600.00,3923100.00,173.00651,329.26,329.26,2.00
444600.00,3923200.00,130.54351,333.51,333.51,2.00
444600.00,3923300.00,157.60055,330.99,330.99,2.00
444700.00,3922400.00,309.60701,320.06,320.06,2.00
444700.00,3922500.00,301.0887,320.48,320.48,2.00
444700.00,3922600.00,250.46039,321.93,321.93,2.00
444700.00,3922700.00,194.48518,325.25,325.25,2.00
444700.00,3922800.00,139.8083,327.04,327.04,2.00
444700.00,3922900.00,133.40618,328.47,328.47,2.00
444700.00,3923000.00,148.84424,327.53,327.53,2.00
444700.00,3923100.00,140.1494,327.94,327.94,2.00
444700.00,3923200.00,159.22255,331.99,331.99,2.00
444700.00,3923300.00,117.6465,332.73,332.73,2.00
443800.00,3922300.00,392.70701,324.00,324.00,2.00
443800.00,3922200.00,430.58393,320.19,320.19,2.00
443800.00,3922100.00,386.95167,320.95,320.95,2.00
443800.00,3922000.00,424.23237,320.88,320.88,2.00
443800.00,3921900.00,616.16894,319.79,319.79,2.00
443800.00,3921800.00,323.5274,319.03,319.03,2.00
443800.00,3921700.00,286.73196,318.19,318.19,2.00
443800.00,3921600.00,267.53979,316.02,316.02,2.00
443800.00,3921500.00,263.14755,315.00,315.00,2.00
443800.00,3921400.00,254.00167,316.97,316.97,2.00
443800.00,3921300.00,265.46614,317.26,317.26,2.00
443800.00,3921200.00,321.67716,317.79,317.79,2.00
443800.00,3921100.00,362.47624,316.21,316.21,2.00
443800.00,3921000.00,377.04824,315.05,315.05,2.00
443800.00,3920900.00,379.40616,314.05,314.05,2.00
443800.00,3920800.00,380.41421,314.24,314.24,2.00
443800.00,3920700.00,362.53138,314.74,314.74,2.00
443800.00,3920600.00,394.20339,313.55,313.55,2.00
443800.00,3920500.00,406.41324,312.48,312.48,2.00
443800.00,3920400.00,393.57875,311.04,311.04,2.00
443800.00,3920300.00,355.92158,309.54,309.54,2.00
443900.00,3922300.00,292.78475,322.45,322.45,2.00
443900.00,3922200.00,367.59747,320.76,320.76,2.00
443900.00,3922100.00,458.97474,319.34,319.34,2.00
443900.00,3922000.00,694.76675,317.63,317.63,2.00
443900.00,3921900.00,398.10803,320.49,320.49,2.00
443900.00,3921800.00,235.94971,319.65,319.65,2.00
443900.00,3921700.00,231.11229,318.54,318.54,2.00
443900.00,3921600.00,242.15665,318.43,318.43,2.00
443900.00,3921500.00,267.66716,317.76,317.76,2.00
443900.00,3921400.00,257.53976,317.02,317.02,2.00
443900.00,3921300.00,244.15839,316.67,316.67,2.00
443900.00,3921200.00,236.13872,316.12,316.12,2.00
443900.00,3921100.00,230.36745,316.90,316.90,2.00
443900.00,3921000.00,218.80548,316.02,316.02,2.00
443900.00,3920900.00,242.16489,315.40,315.40,2.00
443900.00,3920800.00,284.38771,315.86,315.86,2.00
443900.00,3920700.00,314.55449,314.42,314.42,2.00
443900.00,3920600.00,325.88246,311.73,311.73,2.00
443900.00,3920500.00,321.15087,310.51,310.51,2.00
443900.00,3920400.00,323.44912,310.81,310.81,2.00
443900.00,3920300.00,315.24779,310.26,310.26,2.00
444000.00,3922300.00,252.21677,322.89,322.89,2.00
444000.00,3922200.00,405.35909,319.47,319.47,2.00
444000.00,3922100.00,459.31545,320.00,320.00,2.00
444000.00,3922000.00,441.19879,322.23,322.23,2.00
444000.00,3921900.00,298.30711,321.16,321.16,2.00
444000.00,3921800.00,213.29114,319.76,319.76,2.00
444000.00,3921700.00,204.25749,319.42,319.42,2.00
444000.00,3921600.00,186.06837,320.52,320.52,2.00
444000.00,3921500.00,180.18453,319.44,319.44,2.00
444000.00,3921400.00,185.79818,317.49,317.49,2.00
444000.00,3921300.00,232.99715,316.65,316.65,2.00
444000.00,3921200.00,243.18139,316.13,316.13,2.00
444000.00,3921100.00,233.71871,316.29,316.29,2.00
444000.00,3921000.00,223.68978,316.01,316.01,2.00
444000.00,3920900.00,213.95887,315.31,315.31,2.00
444000.00,3920800.00,203.68634,315.17,315.17,2.00
444000.00,3920700.00,198.34858,314.02,314.02,2.00
444000.00,3920600.00,184.47553,312.02,312.02,2.00
444000.00,3920500.00,220.51365,310.21,310.21,2.00
444000.00,3920400.00,253.19907,310.87,310.87,2.00
444000.00,3920300.00,275.72832,311.13,311.13,2.00
444100.00,3922300.00,243.50434,323.81,323.81,2.00
444100.00,3922200.00,356.04461,320.86,320.86,2.00
444100.00,3922100.00,383.34172,321.81,321.81,2.00
444100.00,3922000.00,304.6608,322.78,322.78,2.00
444100.00,3921900.00,190.68904,320.98,320.98,2.00
444100.00,3921800.00,194.73187,320.32,320.32,2.00
444100.00,3921700.00,197.48066,319.01,319.01,2.00
444100.00,3921600.00,193.27518,319.52,319.52,2.00
444100.00,3921500.00,178.63284,319.98,319.98,2.00
444100.00,3921400.00,184.75162,317.47,317.47,2.00
444100.00,3921300.00,207.65142,316.02,316.02,2.00
444100.00,3921200.00,173.43401,316.79,316.79,2.00
444100.00,3921100.00,190.11097,316.99,316.99,2.00
444100.00,3921000.00,219.34537,315.07,315.07,2.00
444100.00,3920900.00,222.21138,313.98,313.98,2.00
444100.00,3920800.00,214.12527,313.70,313.70,2.00
444100.00,3920700.00,204.44482,311.93,311.93,2.00
444100.00,3920600.00,193.77889,311.34,311.34,2.00
444100.00,3920500.00,186.00716,310.32,310.32,2.00
444100.00,3920400.00,198.24469,310.90,310.90,2.00
444100.00,3920300.00,199.94412,310.38,310.38,2.00
444200.00,3922300.00,240.1503,324.00,324.00,2.00
444200.00,3922200.00,331.58235,322.49,322.49,2.00
444200.00,3922100.00,345.72266,323.45,323.45,2.00
444200.00,3922000.00,248.28151,323.07,323.07,2.00
444200.00,3921900.00,163.32136,321.84,321.84,2.00
444200.00,3921800.00,159.75925,321.56,321.56,2.00
444200.00,3921700.00,157.44111,322.06,322.06,2.00
444200.00,3921600.00,158.85869,320.59,320.59,2.00
444200.00,3921500.00,165.69517,319.91,319.91,2.00
444200.00,3921400.00,176.55552,318.00,318.00,2.00
444200.00,3921300.00,167.02041,317.38,317.38,2.00
444200.00,3921200.00,179.77534,316.66,316.66,2.00
444200.00,3921100.00,189.69036,314.94,314.94,2.00
444200.00,3921000.00,164.33328,311.84,311.84,2.00
444200.00,3920900.00,163.96174,310.65,310.65,2.00
444200.00,3920800.00,188.34969,309.90,309.90,2.00
444200.00,3920700.00,204.83176,309.28,309.28,2.00
444200.00,3920600.00,204.08925,308.90,308.90,2.00
444200.00,3920500.00,196.4451,308.77,308.77,2.00
444200.00,3920400.00,186.50159,309.00,309.00,2.00
444200.00,3920300.00,202.73699,308.60,308.60,2.00
444300.00,3922300.00,218.65563,323.52,323.52,2.00
444300.00,3922200.00,289.91685,323.45,323.45,2.00
444300.00,3922100.00,274.91477,323.87,323.87,2.00
444300.00,3922000.00,177.89477,323.25,323.25,2.00
444300.00,3921900.00,151.00407,322.00,322.00,2.00
444300.00,3921800.00,142.99891,321.95,321.95,2.00
444300.00,3921700.00,144.64577,321.07,321.07,2.00
444300.00,3921600.00,171.09345,319.62,319.62,2.00
444300.00,3921500.00,167.52882,319.18,319.18,2.00
444300.00,3921400.00,185.47996,317.23,317.23,2.00
444300.00,3921300.00,187.05487,315.00,315.00,2.00
444300.00,3921200.00,176.21236,313.90,313.90,2.00
444300.00,3921100.00,163.95496,311.12,311.12,2.00
444300.00,3921000.00,152.98686,309.09,309.09,2.00
444300.00,3920900.00,151.53074,308.65,308.65,2.00
444300.00,3920800.00,150.69601,308.81,308.81,2.00
444300.00,3920700.00,144.71696,309.54,309.54,2.00
444300.00,3920600.00,155.56069,308.12,308.12,2.00
444300.00,3920500.00,181.75062,309.98,309.98,2.00
444300.00,3920400.00,190.82724,310.78,310.78,2.00
444300.00,3920300.00,191.92916,309.72,309.72,2.00
444400.00,3922300.00,331.1943,322.37,322.37,2.00
444400.00,3922200.00,395.30468,321.30,321.30,2.00
444400.00,3922100.00,263.87823,322.05,322.05,2.00
444400.00,3922000.00,171.03667,320.55,320.55,2.00
444400.00,3921900.00,140.34199,321.82,321.82,2.00
444400.00,3921800.00,167.28958,320.55,320.55,2.00
444400.00,3921700.00,191.83956,317.44,317.44,2.00
444400.00,3921600.00,195.70314,314.42,314.42,2.00
444400.00,3921500.00,182.67547,314.87,314.87,2.00
444400.00,3921400.00,182.82542,315.10,315.10,2.00
444400.00,3921300.00,178.18694,314.92,314.92,2.00
444400.00,3921200.00,168.91135,313.42,313.42,2.00
444400.00,3921100.00,156.92536,312.06,312.06,2.00
444400.00,3921000.00,152.01864,310.08,310.08,2.00
444400.00,3920900.00,149.77143,310.92,310.92,2.00
444400.00,3920800.00,146.83573,309.98,309.98,2.00
444400.00,3920700.00,142.1662,310.18,310.18,2.00
444400.00,3920600.00,140.72937,311.26,311.26,2.00
444400.00,3920500.00,135.87516,312.35,312.35,2.00
444400.00,3920400.00,143.09136,313.42,313.42,2.00
444400.00,3920300.00,161.47056,312.95,312.95,2.00
444500.00,3922300.00,442.27972,317.55,317.55,2.00
444500.00,3922200.00,669.40266,316.25,316.25,2.00
444500.00,3922100.00,345.45974,317.22,317.22,2.00
444500.00,3922000.00,217.65377,317.65,317.65,2.00
444500.00,3921900.00,198.80123,316.73,316.73,2.00
444500.00,3921800.00,219.40419,316.89,316.89,2.00
444500.00,3921700.00,205.09316,314.74,314.74,2.00
444500.00,3921600.00,192.33173,313.42,313.42,2.00
444500.00,3921500.00,172.5658,314.40,314.40,2.00
444500.00,3921400.00,174.59443,315.35,315.35,2.00
444500.00,3921300.00,168.84785,315.74,315.74,2.00
444500.00,3921200.00,173.26928,315.94,315.94,2.00
444500.00,3921100.00,142.73565,317.09,317.09,2.00
444500.00,3921000.00,165.73154,314.75,314.75,2.00
444500.00,3920900.00,151.35925,314.61,314.61,2.00
444500.00,3920800.00,142.98977,315.10,315.10,2.00
444500.00,3920700.00,143.06252,313.26,313.26,2.00
444500.00,3920600.00,137.53246,312.74,312.74,2.00
444500.00,3920500.00,135.00369,311.89,311.89,2.00
444500.00,3920400.00,149.80444,311.80,311.80,2.00
444500.00,3920300.00,170.78991,311.45,311.45,2.00
444600.00,3922300.00,377.06285,319.44,319.44,2.00
444600.00,3922200.00,400.95173,318.10,318.10,2.00
444600.00,3922100.00,201.4842,317.99,317.99,2.00
444600.00,3922000.00,217.44609,317.31,317.31,2.00
444600.00,3921900.00,200.76707,315.64,315.64,2.00
444600.00,3921800.00,217.09438,316.24,316.24,2.00
444600.00,3921700.00,183.20824,316.23,316.23,2.00
444600.00,3921600.00,174.12293,315.05,315.05,2.00
444600.00,3921500.00,174.04663,315.16,315.16,2.00
444600.00,3921400.00,164.93528,315.99,315.99,2.00
444600.00,3921300.00,161.87978,316.57,316.57,2.00
444600.00,3921200.00,156.95778,316.64,316.64,2.00
444600.00,3921100.00,140.46956,317.28,317.28,2.00
444600.00,3921000.00,144.25569,316.10,316.10,2.00
444600.00,3920900.00,133.16958,316.00,316.00,2.00
444600.00,3920800.00,131.167,315.81,315.81,2.00
444600.00,3920700.00,139.14513,313.94,313.94,2.00
444600.00,3920600.00,135.57455,313.38,313.38,2.00
444600.00,3920500.00,134.49722,312.53,312.53,2.00
444600.00,3920400.00,140.45309,311.90,311.90,2.00
444600.00,3920300.00,168.59063,310.49,310.49,2.00
444700.00,3922300.00,373.02715,320.71,320.71,2.00
444700.00,3922200.00,233.7785,322.24,322.24,2.00
444700.00,3922100.00,165.82081,319.70,319.70,2.00
444700.00,3922000.00,154.82207,320.52,320.52,2.00
444700.00,3921900.00,158.65706,320.15,320.15,2.00
444700.00,3921800.00,160.38701,319.40,319.40,2.00
444700.00,3921700.00,149.43622,317.82,317.82,2.00
444700.00,3921600.00,157.75151,316.64,316.64,2.00
444700.00,3921500.00,145.20337,318.24,318.24,2.00
444700.00,3921400.00,144.83999,317.73,317.73,2.00
444700.00,3921300.00,134.41675,318.91,318.91,2.00
444700.00,3921200.00,145.9308,316.99,316.99,2.00
444700.00,3921100.00,146.41234,316.85,316.85,2.00
444700.00,3921000.00,151.81904,315.22,315.22,2.00
444700.00,3920900.00,145.26696,313.19,313.19,2.00
444700.00,3920800.00,139.67661,314.02,314.02,2.00
444700.00,3920700.00,138.32115,312.88,312.88,2.00
444700.00,3920600.00,127.55371,312.55,312.55,2.00
444700.00,3920500.00,124.6018,313.32,313.32,2.00
444700.00,3920400.00,136.3295,311.20,311.20,2.00
444700.00,3920300.00,159.01779,310.01,310.01,2.00
443700.00,3921200.00,450.10974,314.92,314.92,2.00
443700.00,3921100.00,486.96152,314.33,314.33,2.00
443700.00,3921000.00,501.72836,315.70,315.70,2.00
443700.00,3920900.00,477.86749,315.79,315.79,2.00
443700.00,3920800.00,464.77396,313.07,313.07,2.00
443700.00,3920700.00,482.78105,312.71,312.71,2.00
443700.00,3920600.00,468.18695,313.57,313.57,2.00
443700.00,3920500.00,468.17062,312.95,312.95,2.00
443700.00,3920400.00,458.65436,312.36,312.36,2.00
443700.00,3920300.00,428.96232,311.87,311.87,2.00
443600.00,3921200.00,655.88273,314.96,314.96,2.00
443600.00,3921100.00,631.72098,314.97,314.97,2.00
443600.00,3921000.00,561.81729,314.39,314.39,2.00
443600.00,3920900.00,565.89305,314.09,314.09,2.00
443600.00,3920800.00,567.15134,312.49,312.49,2.00
443600.00,3920700.00,546.80128,311.24,311.24,2.00
443600.00,3920600.00,512.35035,311.95,311.95,2.00
443600.00,3920500.00,501.16165,311.28,311.28,2.00
443600.00,3920400.00,487.01834,310.32,310.32,2.00
443600.00,3920300.00,466.16016,310.05,310.05,2.00
443500.00,3921200.00,712.82777,316.61,316.61,2.00
443500.00,3921100.00,676.11956,316.01,316.01,2.00
443500.00,3921000.00,626.9055,314.92,314.92,2.00
443500.00,3920900.00,586.151,312.16,312.16,2.00
443500.00,3920800.00,556.57544,312.89,312.89,2.00
443500.00,3920700.00,527.25791,312.16,312.16,2.00
443500.00,3920600.00,499.08214,312.56,312.56,2.00
443500.00,3920500.00,470.91242,311.47,311.47,2.00
443500.00,3920400.00,444.36946,308.58,308.58,2.00
443500.00,3920300.00,418.48123,305.83,305.83,2.00
443400.00,3921200.00,1390.29156,316.55,316.55,2.00
443400.00,3921100.00,1091.30361,316.74,316.74,2.00
443400.00,3921000.00,866.95503,315.98,315.98,2.00
443400.00,3920900.00,642.2626,314.22,314.22,2.00
443400.00,3920800.00,596.82408,313.82,313.82,2.00
443400.00,3920700.00,530.50431,312.68,312.68,2.00
443400.00,3920600.00,496.19482,311.93,311.93,2.00
443400.00,3920500.00,469.93206,310.62,310.62,2.00
443400.00,3920400.00,447.96891,307.90,307.90,2.00
443400.00,3920300.00,426.80492,306.81,306.81,2.00
443300.00,3921200.00,630.62483,314.54,314.54,2.00
443300.00,3921100.00,692.32571,314.25,314.25,2.00
443300.00,3921000.00,944.95324,315.44,315.44,2.00
443300.00,3920900.00,1321.31939,315.86,315.86,2.00
443300.00,3920800.00,1319.42917,313.36,313.36,2.00
443300.00,3920700.00,994.72067,312.47,312.47,2.00
443300.00,3920600.00,830.89365,311.50,311.50,2.00
443300.00,3920500.00,727.54461,311.41,311.41,2.00
443300.00,3920400.00,631.99279,309.49,309.49,2.00
443300.00,3920300.00,536.31667,309.02,309.02,2.00
443200.00,3921200.00,659.87301,314.21,314.21,2.00
443200.00,3921100.00,597.33722,315.62,315.62,2.00
443200.00,3921000.00,536.51924,315.88,315.88,2.00
443200.00,3920900.00,520.72656,315.08,315.08,2.00
443200.00,3920800.00,675.42584,313.88,313.88,2.00
443200.00,3920700.00,1255.27034,313.33,313.33,2.00
443200.00,3920600.00,1275.36267,311.91,311.91,2.00
443200.00,3920500.00,1155.54497,311.88,311.88,2.00
443200.00,3920400.00,1035.2862,311.62,311.62,2.00
443200.00,3920300.00,918.96984,311.62,311.62,2.00
443100.00,3921200.00,527.76904,315.13,315.13,2.00
443100.00,3921100.00,571.7189,315.08,315.08,2.00
443100.00,3921000.00,525.14898,315.51,315.51,2.00
443100.00,3920900.00,551.09129,313.86,313.86,2.00
443100.00,3920800.00,520.9692,312.64,312.64,2.00
443100.00,3920700.00,490.48815,312.31,312.31,2.00
443100.00,3920600.00,472.13884,312.55,312.55,2.00
443100.00,3920500.00,938.28839,310.76,310.76,2.00
443100.00,3920400.00,1035.07763,311.32,311.32,2.00
443100.00,3920300.00,1027.63755,311.22,311.22,2.00
443000.00,3921200.00,421.6767,315.13,315.13,2.00
443000.00,3921100.00,430.45103,313.18,313.18,2.00
443000.00,3921000.00,476.62063,312.92,312.92,2.00
443000.00,3920900.00,495.15736,312.69,312.69,2.00
443000.00,3920800.00,536.33984,310.35,310.35,2.00
443000.00,3920700.00,488.85851,307.84,307.84,2.00
443000.00,3920600.00,497.76179,308.40,308.40,2.00
443000.00,3920500.00,461.75406,309.78,309.78,2.00
443000.00,3920400.00,448.32153,310.55,310.55,2.00
443000.00,3920300.00,985.61452,311.20,311.20,2.00
442900.00,3921200.00,436.40334,314.24,314.24,2.00
442900.00,3921100.00,366.32929,312.32,312.32,2.00
442900.00,3921000.00,374.72994,308.62,308.62,2.00
442900.00,3920900.00,398.24454,310.25,310.25,2.00
442900.00,3920800.00,433.49323,310.11,310.11,2.00
442900.00,3920700.00,417.05119,309.44,309.44,2.00
442900.00,3920600.00,471.95633,307.39,307.39,2.00
442900.00,3920500.00,421.79272,309.19,309.19,2.00
442900.00,3920400.00,443.28163,310.62,310.62,2.00
442900.00,3920300.00,449.03259,312.00,312.00,2.00
442800.00,3921200.00,417.39472,315.89,315.89,2.00
442800.00,3921100.00,394.00412,314.25,314.25,2.00
442800.00,3921000.00,358.57315,309.99,309.99,2.00
442800.00,3920900.00,339.7313,310.13,310.13,2.00
442800.00,3920800.00,338.31181,311.05,311.05,2.00
442800.00,3920700.00,369.30117,306.75,306.75,2.00
442800.00,3920600.00,394.73346,307.12,307.12,2.00
442800.00,3920500.00,473.75296,309.24,309.24,2.00
442800.00,3920400.00,413.05831,309.87,309.87,2.00
442800.00,3920300.00,445.90556,309.87,309.87,2.00
442700.00,3921200.00,416.55072,315.95,315.95,2.00
442700.00,3921100.00,370.35169,315.02,315.02,2.00
442700.00,3921000.00,351.72521,311.43,311.43,2.00
442700.00,3920900.00,368.43803,310.00,310.00,2.00
442700.00,3920800.00,309.05866,309.95,309.95,2.00
442700.00,3920700.00,320.36751,309.01,309.01,2.00
442700.00,3920600.00,333.37522,307.18,307.18,2.00
442700.00,3920500.00,581.34043,308.18,308.18,2.00
442700.00,3920400.00,374.26612,309.00,309.00,2.00
442700.00,3920300.00,387.75768,308.43,308.43,2.00
442600.00,3921200.00,457.96407,314.23,314.23,2.00
442600.00,3921100.00,370.35286,314.17,314.17,2.00
442600.00,3921000.00,343.95241,314.53,314.53,2.00
442600.00,3920900.00,334.97866,312.67,312.67,2.00
442600.00,3920800.00,346.76487,312.29,312.29,2.00
442600.00,3920700.00,299.36239,309.72,309.72,2.00
442600.00,3920600.00,486.47504,308.50,308.50,2.00
442600.00,3920500.00,305.58548,309.67,309.67,2.00
442600.00,3920400.00,322.39937,308.48,308.48,2.00
442600.00,3920300.00,360.32908,307.17,307.17,2.00
442500.00,3921200.00,529.51562,312.85,312.85,2.00
442500.00,3921100.00,388.07284,312.53,312.53,2.00
442500.00,3921000.00,347.99358,313.64,313.64,2.00
442500.00,3920900.00,311.07782,312.68,312.68,2.00
442500.00,3920800.00,313.42077,310.91,310.91,2.00
442500.00,3920700.00,358.14868,307.97,307.97,2.00
442500.00,3920600.00,591.62486,308.36,308.36,2.00
442500.00,3920500.00,295.1562,310.32,310.32,2.00
442500.00,3920400.00,308.60731,309.28,309.28,2.00
442500.00,3920300.00,322.43144,306.38,306.38,2.00
442400.00,3921200.00,795.87385,313.41,313.41,2.00
442400.00,3921100.00,415.25802,310.97,310.97,2.00
442400.00,3921000.00,346.22391,311.96,311.96,2.00
442400.00,3920900.00,321.83276,311.21,311.21,2.00
442400.00,3920800.00,321.29523,309.65,309.65,2.00
442400.00,3920700.00,357.9536,310.00,310.00,2.00
442400.00,3920600.00,399.61465,309.59,309.59,2.00
442400.00,3920500.00,329.47031,309.00,309.00,2.00
442400.00,3920400.00,285.22234,308.52,308.52,2.00
442400.00,3920300.00,290.26652,309.37,309.37,2.00
442300.00,3921200.00,977.37103,313.16,313.16,2.00
442300.00,3921100.00,504.74566,311.19,311.19,2.00
442300.00,3921000.00,361.05132,310.32,310.32,2.00
442300.00,3920900.00,312.48683,309.22,309.22,2.00
442300.00,3920800.00,339.21896,308.28,308.28,2.00
442300.00,3920700.00,719.9378,308.97,308.97,2.00
442300.00,3920600.00,346.66731,310.22,310.22,2.00
442300.00,3920500.00,337.12203,310.13,310.13,2.00
442300.00,3920400.00,324.43561,308.59,308.59,2.00
442300.00,3920300.00,275.59977,309.23,309.23,2.00
442200.00,3921200.00,709.21378,313.18,313.18,2.00
442200.00,3921100.00,714.68033,312.00,312.00,2.00
442200.00,3921000.00,425.12568,311.82,311.82,2.00
442200.00,3920900.00,326.81583,309.88,309.88,2.00
442200.00,3920800.00,437.46915,308.80,308.80,2.00
442200.00,3920700.00,436.96827,308.88,308.88,2.00
442200.00,3920600.00,347.2782,309.04,309.04,2.00
442200.00,3920500.00,325.33144,308.46,308.46,2.00
442200.00,3920400.00,312.71337,307.87,307.87,2.00
442200.00,3920300.00,309.02138,308.55,308.55,2.00
442100.00,3921200.00,569.94283,314.41,314.41,2.00
442100.00,3921100.00,1349.07486,311.54,311.54,2.00
442100.00,3921000.00,503.70895,311.02,311.02,2.00
442100.00,3920900.00,362.21309,309.57,309.57,2.00
442100.00,3920800.00,820.90407,307.11,307.11,2.00
442100.00,3920700.00,343.41916,307.96,307.96,2.00
442100.00,3920600.00,323.24036,309.08,309.08,2.00
442100.00,3920500.00,321.79141,307.57,307.57,2.00
442100.00,3920400.00,287.58722,306.00,306.00,2.00
442100.00,3920300.00,280.58711,306.93,306.93,2.00
442000.00,3921200.00,351.05,311.01,311.01,2.00
442000.00,3921100.00,956.52172,309.52,309.52,2.00
442000.00,3921000.00,727.53357,311.49,311.49,2.00
442000.00,3920900.00,420.79658,311.16,311.16,2.00
442000.00,3920800.00,449.00298,310.58,310.58,2.00
442000.00,3920700.00,317.94201,309.78,309.78,2.00
442000.00,3920600.00,310.37413,308.25,308.25,2.00
442000.00,3920500.00,297.64769,307.36,307.36,2.00
442000.00,3920400.00,296.88853,307.42,307.42,2.00
442000.00,3920300.00,286.23024,307.81,307.81,2.00
441900.00,3921200.00,296.85919,308.53,308.53,2.00
441900.00,3921100.00,519.05554,307.33,307.33,2.00
441900.00,3921000.00,1127.67291,311.87,311.87,2.00
441900.00,3920900.00,546.81319,312.59,312.59,2.00
441900.00,3920800.00,437.24406,311.05,311.05,2.00
441900.00,3920700.00,340.00065,309.28,309.28,2.00
441900.00,3920600.00,297.64933,308.60,308.60,2.00
441900.00,3920500.00,290.47212,306.44,306.44,2.00
441900.00,3920400.00,276.6641,307.18,307.18,2.00
441900.00,3920300.00,276.27558,307.30,307.30,2.00
441800.00,3921200.00,263.52751,311.52,311.52,2.00
441800.00,3921100.00,394.91053,309.44,309.44,2.00
441800.00,3921000.00,1204.26333,310.14,310.14,2.00
441800.00,3920900.00,771.52045,309.69,309.69,2.00
441800.00,3920800.00,458.79791,309.43,309.43,2.00
441800.00,3920700.00,360.22301,307.31,307.31,2.00
441800.00,3920600.00,327.54274,306.09,306.09,2.00
441800.00,3920500.00,295.73376,305.47,305.47,2.00
441800.00,3920400.00,268.56869,306.01,306.01,2.00
441800.00,3920300.00,261.09717,306.90,306.90,2.00
441700.00,3921200.00,238.38438,310.29,310.29,2.00
441700.00,3921100.00,328.57929,310.13,310.13,2.00
441700.00,3921000.00,687.53076,312.62,312.62,2.00
441700.00,3920900.00,1060.6285,311.62,311.62,2.00
441700.00,3920800.00,587.58263,310.12,310.12,2.00
441700.00,3920700.00,394.6131,307.09,307.09,2.00
441700.00,3920600.00,329.93622,304.81,304.81,2.00
441700.00,3920500.00,301.68655,305.51,305.51,2.00
441700.00,3920400.00,279.94379,305.46,305.46,2.00
441700.00,3920300.00,256.34314,305.57,305.57,2.00
442600.00,3921300.00,844.14973,313.90,313.90,2.00
442600.00,3921400.00,451.94701,316.30,316.30,2.00
442600.00,3921500.00,242.97489,317.08,317.08,2.00
442600.00,3921600.00,197.08731,317.00,317.00,2.00
442600.00,3921700.00,174.40412,317.06,317.06,2.00
442600.00,3921800.00,157.05828,317.04,317.04,2.00
442600.00,3921900.00,157.19301,317.00,317.00,2.00
442600.00,3922000.00,142.24121,317.82,317.82,2.00
442600.00,3922100.00,135.25122,318.85,318.85,2.00
442600.00,3922200.00,125.55301,320.83,320.83,2.00
442600.00,3922300.00,118.7556,322.06,322.06,2.00
442600.00,3922400.00,121.03204,322.95,322.95,2.00
442600.00,3922500.00,118.45962,322.36,322.36,2.00
442600.00,3922600.00,134.09122,319.32,319.32,2.00
442600.00,3922700.00,134.15931,321.02,321.02,2.00
442600.00,3922800.00,125.68043,322.20,322.20,2.00
442600.00,3922900.00,150.31708,320.06,320.06,2.00
442600.00,3923000.00,147.26881,320.72,320.72,2.00
442600.00,3923100.00,132.24124,323.32,323.32,2.00
442600.00,3923200.00,134.22771,324.73,324.73,2.00
442600.00,3923300.00,152.72865,325.79,325.79,2.00
442500.00,3921300.00,995.09915,312.15,312.15,2.00
442500.00,3921400.00,359.50724,316.00,316.00,2.00
442500.00,3921500.00,248.93817,315.73,315.73,2.00
442500.00,3921600.00,203.30487,315.20,315.20,2.00
442500.00,3921700.00,180.94412,315.60,315.60,2.00
442500.00,3921800.00,156.91786,316.58,316.58,2.00
442500.00,3921900.00,142.69936,317.51,317.51,2.00
442500.00,3922000.00,140.37041,317.19,317.19,2.00
442500.00,3922100.00,137.00412,316.77,316.77,2.00
442500.00,3922200.00,125.25646,318.34,318.34,2.00
442500.00,3922300.00,123.73611,319.22,319.22,2.00
442500.00,3922400.00,113.60461,321.75,321.75,2.00
442500.00,3922500.00,113.73433,321.91,321.91,2.00
442500.00,3922600.00,121.74523,321.46,321.46,2.00
442500.00,3922700.00,129.87099,321.17,321.17,2.00
442500.00,3922800.00,126.58611,320.83,320.83,2.00
442500.00,3922900.00,120.9807,322.44,322.44,2.00
442500.00,3923000.00,122.83262,323.16,323.16,2.00
442500.00,3923100.00,124.45046,323.45,323.45,2.00
442500.00,3923200.00,126.5667,323.66,323.66,2.00
442500.00,3923300.00,142.43266,324.47,324.47,2.00
442400.00,3921300.00,591.37587,313.00,313.00,2.00
442400.00,3921400.00,316.58392,315.49,315.49,2.00
442400.00,3921500.00,228.50073,315.48,315.48,2.00
442400.00,3921600.00,192.33714,315.91,315.91,2.00
442400.00,3921700.00,163.82074,316.53,316.53,2.00
442400.00,3921800.00,148.57593,316.81,316.81,2.00
442400.00,3921900.00,143.45719,317.00,317.00,2.00
442400.00,3922000.00,132.67311,317.41,317.41,2.00
442400.00,3922100.00,124.26769,318.74,318.74,2.00
442400.00,3922200.00,120.30694,318.34,318.34,2.00
442400.00,3922300.00,125.44735,316.44,316.44,2.00
442400.00,3922400.00,122.19127,319.92,319.92,2.00
442400.00,3922500.00,118.24632,321.19,321.19,2.00
442400.00,3922600.00,123.72233,320.27,320.27,2.00
442400.00,3922700.00,127.39942,320.71,320.71,2.00
442400.00,3922800.00,127.43956,321.03,321.03,2.00
442400.00,3922900.00,113.6095,323.48,323.48,2.00
442400.00,3923000.00,123.70706,321.60,321.60,2.00
442400.00,3923100.00,134.87154,320.11,320.11,2.00
442400.00,3923200.00,122.30454,321.78,321.78,2.00
442400.00,3923300.00,133.52541,323.14,323.14,2.00
442300.00,3921300.00,418.87769,312.78,312.78,2.00
442300.00,3921400.00,279.92773,313.31,313.31,2.00
442300.00,3921500.00,216.56172,315.57,315.57,2.00
442300.00,3921600.00,180.44328,315.12,315.12,2.00
442300.00,3921700.00,164.21677,315.29,315.29,2.00
442300.00,3921800.00,150.50889,315.27,315.27,2.00
442300.00,3921900.00,141.81188,315.82,315.82,2.00
442300.00,3922000.00,137.78094,316.21,316.21,2.00
442300.00,3922100.00,121.36815,317.76,317.76,2.00
442300.00,3922200.00,114.42868,317.92,317.92,2.00
442300.00,3922300.00,121.78154,316.93,316.93,2.00
442300.00,3922400.00,112.34542,317.93,317.93,2.00
442300.00,3922500.00,120.73872,316.11,316.11,2.00
442300.00,3922600.00,113.14123,319.37,319.37,2.00
442300.00,3922700.00,110.92183,317.45,317.45,2.00
442300.00,3922800.00,121.76568,319.60,319.60,2.00
442300.00,3922900.00,120.52732,321.17,321.17,2.00
442300.00,3923000.00,114.59998,320.58,320.58,2.00
442300.00,3923100.00,130.89231,320.35,320.35,2.00
442300.00,3923200.00,122.09342,321.43,321.43,2.00
442300.00,3923300.00,128.72719,322.01,322.01,2.00
442200.00,3921300.00,327.1204,312.02,312.02,2.00
442200.00,3921400.00,245.81796,312.78,312.78,2.00
442200.00,3921500.00,202.50011,314.84,314.84,2.00
442200.00,3921600.00,169.50858,314.24,314.24,2.00
442200.00,3921700.00,156.92061,313.49,313.49,2.00
442200.00,3921800.00,141.13545,312.71,312.71,2.00
442200.00,3921900.00,137.61644,315.22,315.22,2.00
442200.00,3922000.00,132.11088,316.42,316.42,2.00
442200.00,3922100.00,127.91647,316.68,316.68,2.00
442200.00,3922200.00,116.77935,317.17,317.17,2.00
442200.00,3922300.00,110.94378,318.28,318.28,2.00
442200.00,3922400.00,117.87828,314.01,314.01,2.00
442200.00,3922500.00,113.18178,314.55,314.55,2.00
442200.00,3922600.00,110.14812,316.98,316.98,2.00
442200.00,3922700.00,109.31334,318.97,318.97,2.00
442200.00,3922800.00,118.70428,319.89,319.89,2.00
442200.00,3922900.00,115.40926,319.31,319.31,2.00
442200.00,3923000.00,115.601,320.41,320.41,2.00
442200.00,3923100.00,110.07792,322.22,322.22,2.00
442200.00,3923200.00,115.1018,323.01,323.01,2.00
442200.00,3923300.00,124.26384,321.74,321.74,2.00
442100.00,3921300.00,291.39514,312.61,312.61,2.00
442100.00,3921400.00,234.18464,313.59,313.59,2.00
442100.00,3921500.00,193.62078,314.30,314.30,2.00
442100.00,3921600.00,170.64354,314.99,314.99,2.00
442100.00,3921700.00,147.19514,313.82,313.82,2.00
442100.00,3921800.00,144.17753,311.94,311.94,2.00
442100.00,3921900.00,135.70502,315.00,315.00,2.00
442100.00,3922000.00,129.20722,317.00,317.00,2.00
442100.00,3922100.00,126.66931,316.20,316.20,2.00
442100.00,3922200.00,121.16085,316.81,316.81,2.00
442100.00,3922300.00,114.08592,317.09,317.09,2.00
442100.00,3922400.00,114.32236,314.60,314.60,2.00
442100.00,3922500.00,109.05833,315.64,315.64,2.00
442100.00,3922600.00,99.93946,316.66,316.66,2.00
442100.00,3922700.00,105.00425,319.12,319.12,2.00
442100.00,3922800.00,111.27489,319.88,319.88,2.00
442100.00,3922900.00,101.46935,318.54,318.54,2.00
442100.00,3923000.00,112.18316,319.29,319.29,2.00
442100.00,3923100.00,106.44914,320.15,320.15,2.00
442100.00,3923200.00,112.05786,321.40,321.40,2.00
442100.00,3923300.00,120.05882,321.00,321.00,2.00
442000.00,3921300.00,269.3486,313.14,313.14,2.00
442000.00,3921400.00,224.49079,314.17,314.17,2.00
442000.00,3921500.00,183.97701,314.68,314.68,2.00
442000.00,3921600.00,160.56118,314.62,314.62,2.00
442000.00,3921700.00,147.01445,314.45,314.45,2.00
442000.00,3921800.00,131.63233,312.73,312.73,2.00
442000.00,3921900.00,128.25764,314.03,314.03,2.00
442000.00,3922000.00,126.17615,314.71,314.71,2.00
442000.00,3922100.00,119.24143,314.32,314.32,2.00
442000.00,3922200.00,116.91041,314.28,314.28,2.00
442000.00,3922300.00,112.45263,316.17,316.17,2.00
442000.00,3922400.00,104.70491,317.64,317.64,2.00
442000.00,3922500.00,102.34748,317.90,317.90,2.00
442000.00,3922600.00,101.92643,318.65,318.65,2.00
442000.00,3922700.00,99.14621,317.86,317.86,2.00
442000.00,3922800.00,99.42793,318.23,318.23,2.00
442000.00,3922900.00,107.19837,319.47,319.47,2.00
442000.00,3923000.00,104.03871,319.00,319.00,2.00
442000.00,3923100.00,102.67217,317.91,317.91,2.00
442000.00,3923200.00,109.26739,319.21,319.21,2.00
442000.00,3923300.00,116.09493,320.02,320.02,2.00
441900.00,3921300.00,221.43529,311.22,311.22,2.00
441900.00,3921400.00,197.80429,312.70,312.70,2.00
441900.00,3921500.00,168.3563,312.84,312.84,2.00
441900.00,3921600.00,149.34507,312.78,312.78,2.00
441900.00,3921700.00,138.95104,313.32,313.32,2.00
441900.00,3921800.00,133.41591,313.72,313.72,2.00
441900.00,3921900.00,123.17469,312.92,312.92,2.00
441900.00,3922000.00,118.49185,312.74,312.74,2.00
441900.00,3922100.00,118.56562,314.26,314.26,2.00
441900.00,3922200.00,109.82289,313.76,313.76,2.00
441900.00,3922300.00,111.43674,314.93,314.93,2.00
441900.00,3922400.00,105.46108,317.14,317.14,2.00
441900.00,3922500.00,107.76156,315.70,315.70,2.00
441900.00,3922600.00,104.94278,316.68,316.68,2.00
441900.00,3922700.00,98.52043,316.77,316.77,2.00
441900.00,3922800.00,93.84219,316.85,316.85,2.00
441900.00,3922900.00,98.82432,316.89,316.89,2.00
441900.00,3923000.00,93.81367,317.93,317.93,2.00
441900.00,3923100.00,100.52814,318.84,318.84,2.00
441900.00,3923200.00,106.13536,319.23,319.23,2.00
441900.00,3923300.00,112.31917,319.10,319.10,2.00
441800.00,3921300.00,208.14437,310.12,310.12,2.00
441800.00,3921400.00,179.84491,310.41,310.41,2.00
441800.00,3921500.00,163.20259,311.84,311.84,2.00
441800.00,3921600.00,151.99841,311.99,311.99,2.00
441800.00,3921700.00,131.57112,312.75,312.75,2.00
441800.00,3921800.00,131.28992,313.91,313.91,2.00
441800.00,3921900.00,126.0589,314.14,314.14,2.00
441800.00,3922000.00,120.85715,312.12,312.12,2.00
441800.00,3922100.00,117.31994,311.51,311.51,2.00
441800.00,3922200.00,110.08926,312.36,312.36,2.00
441800.00,3922300.00,109.17331,314.86,314.86,2.00
441800.00,3922400.00,106.19717,315.06,315.06,2.00
441800.00,3922500.00,106.18055,315.90,315.90,2.00
441800.00,3922600.00,95.35063,318.10,318.10,2.00
441800.00,3922700.00,101.1156,316.55,316.55,2.00
441800.00,3922800.00,93.72184,317.31,317.31,2.00
441800.00,3922900.00,91.66681,318.02,318.02,2.00
441800.00,3923000.00,91.97871,317.51,317.51,2.00
441800.00,3923100.00,98.19466,317.58,317.58,2.00
441800.00,3923200.00,103.13759,317.81,317.81,2.00
441800.00,3923300.00,108.70388,318.30,318.30,2.00
441700.00,3921300.00,190.20584,311.11,311.11,2.00
441700.00,3921400.00,194.99549,310.55,310.55,2.00
441700.00,3921500.00,158.71882,313.20,313.20,2.00
441700.00,3921600.00,149.34455,314.21,314.21,2.00
441700.00,3921700.00,132.02546,313.46,313.46,2.00
441700.00,3921800.00,129.76537,313.74,313.74,2.00
441700.00,3921900.00,116.36944,313.02,313.02,2.00
441700.00,3922000.00,113.60119,312.99,312.99,2.00
441700.00,3922100.00,117.16903,310.15,310.15,2.00
441700.00,3922200.00,108.01712,312.44,312.44,2.00
441700.00,3922300.00,106.64872,314.09,314.09,2.00
441700.00,3922400.00,104.68365,316.85,316.85,2.00
441700.00,3922500.00,100.78672,316.50,316.50,2.00
441700.00,3922600.00,94.21783,312.41,312.41,2.00
441700.00,3922700.00,97.11514,314.62,314.62,2.00
441700.00,3922800.00,95.7303,316.28,316.28,2.00
441700.00,3922900.00,89.96863,317.75,317.75,2.00
441700.00,3923000.00,90.66027,316.59,316.59,2.00
441700.00,3923100.00,95.47124,316.63,316.63,2.00
441700.00,3923200.00,99.93557,318.29,318.29,2.00
441700.00,3923300.00,105.26203,317.53,317.53,2.00
441700.00,3923550.00,90.03908,318.47,318.47,2.00
441700.00,3923800.00,117.40025,319.83,319.83,2.00
441700.00,3924050.00,104.72192,321.50,321.50,2.00
441700.00,3924300.00,95.39985,319.26,319.26,2.00
441700.00,3924550.00,108.21289,322.67,322.67,2.00
441700.00,3924800.00,100.44862,321.95,321.95,2.00
441950.00,3923550.00,124.32606,321.17,321.17,2.00
441950.00,3923800.00,128.05648,321.91,321.91,2.00
441950.00,3924050.00,108.23066,321.73,321.73,2.00
441950.00,3924300.00,108.65996,321.56,321.56,2.00
441950.00,3924550.00,118.25739,324.08,324.08,2.00
441950.00,3924800.00,109.87071,328.50,328.50,2.00
442200.00,3923550.00,144.50784,322.33,322.33,2.00
442200.00,3923800.00,134.33692,322.62,326.00,2.00
442200.00,3924050.00,125.03866,322.93,322.93,2.00
442200.00,3924300.00,129.23588,323.05,323.05,2.00
442200.00,3924550.00,116.01612,326.61,326.61,2.00
442200.00,3924800.00,108.33075,330.93,330.93,2.00
442450.00,3923550.00,180.76371,324.00,324.00,2.00
442450.00,3923800.00,136.31209,323.41,323.41,2.00
442450.00,3924050.00,169.25675,326.13,326.13,2.00
442450.00,3924300.00,116.1843,328.32,328.32,2.00
442450.00,3924550.00,152.24535,329.00,329.00,2.00
442450.00,3924800.00,148.04805,329.31,329.31,2.00
442700.00,3923550.00,210.74486,326.02,326.02,2.00
442700.00,3923800.00,148.15266,329.41,329.41,2.00
442700.00,3924050.00,150.56286,329.30,329.30,2.00
442700.00,3924300.00,156.47526,329.70,329.70,2.00
442700.00,3924550.00,165.14315,329.94,329.94,2.00
442700.00,3924800.00,157.27215,331.47,331.47,2.00
442950.00,3923550.00,219.43995,329.76,329.76,2.00
442950.00,3923800.00,176.91523,330.24,330.24,2.00
442950.00,3924050.00,177.29903,332.91,332.91,2.00
442950.00,3924300.00,164.16394,333.51,333.51,2.00
442950.00,3924550.00,221.40537,331.73,331.73,2.00
442950.00,3924800.00,123.98678,334.97,334.97,2.00
443200.00,3923550.00,378.16755,329.42,329.42,2.00
443200.00,3923800.00,296.99085,331.31,331.31,2.00
443200.00,3924050.00,168.09739,332.54,332.54,2.00
443200.00,3924300.00,121.91559,336.12,336.12,2.00
443200.00,3924550.00,92.5148,335.88,335.88,2.00
443200.00,3924800.00,83.68731,338.57,338.57,2.00
443450.00,3923550.00,143.16744,332.61,332.61,2.00
443450.00,3923800.00,110.09673,335.15,335.15,2.00
443450.00,3924050.00,103.66991,334.85,334.85,2.00
443450.00,3924300.00,84.3782,337.00,337.00,2.00
443450.00,3924550.00,77.51311,337.38,337.38,2.00
443450.00,3924800.00,65.97958,339.11,339.11,2.00
443700.00,3923550.00,235.23666,331.70,331.70,2.00
443700.00,3923800.00,167.15353,333.52,333.52,2.00
443700.00,3924050.00,98.15631,335.55,335.55,2.00
443700.00,3924300.00,78.67701,337.84,337.84,2.00
443700.00,3924550.00,60.3319,341.76,341.76,2.00
443700.00,3924800.00,61.83299,341.32,341.32,2.00
443950.00,3923550.00,266.47266,333.42,333.42,2.00
443950.00,3923800.00,224.11142,336.25,336.25,2.00
443950.00,3924050.00,152.42076,338.78,338.78,2.00
443950.00,3924300.00,103.15924,340.07,340.07,2.00
443950.00,3924550.00,74.5726,341.03,341.03,2.00
443950.00,3924800.00,62.75487,342.60,342.60,2.00
444200.00,3923550.00,155.90924,333.07,333.07,2.00
444200.00,3923800.00,109.18833,337.26,337.26,2.00
444200.00,3924050.00,121.89971,339.86,339.86,2.00
444200.00,3924300.00,131.80604,341.69,341.69,2.00
444200.00,3924550.00,91.65036,340.52,340.52,2.00
444200.00,3924800.00,79.06498,341.99,341.99,2.00
444450.00,3923550.00,130.10702,329.76,329.76,2.00
444450.00,3923800.00,88.84953,335.18,335.18,2.00
444450.00,3924050.00,69.70456,337.80,337.80,2.00
444450.00,3924300.00,73.63509,340.00,340.00,2.00
444450.00,3924550.00,66.92281,341.98,341.98,2.00
444450.00,3924800.00,87.62678,344.32,344.32,2.00
444700.00,3923550.00,81.71404,332.76,332.76,2.00
444700.00,3923800.00,86.56358,333.48,333.48,2.00
444700.00,3924050.00,87.84788,334.45,334.45,2.00
444700.00,3924300.00,48.65895,339.54,339.54,2.00
444700.00,3924550.00,45.61868,340.39,340.39,2.00
444700.00,3924800.00,57.23908,343.80,343.80,2.00
444950.00,3923550.00,60.66731,333.97,333.97,2.00
444950.00,3923800.00,44.85911,338.38,338.38,2.00
444950.00,3924050.00,48.26149,337.30,337.30,2.00
444950.00,3924300.00,31.9012,341.40,341.40,2.00
444950.00,3924550.00,33.964,342.00,342.00,2.00
444950.00,3924800.00,29.25379,344.72,344.72,2.00
445200.00,3923550.00,64.70186,334.34,334.34,2.00
445200.00,3923800.00,45.20469,337.35,337.35,2.00
445200.00,3924050.00,32.52354,339.47,339.47,2.00
445200.00,3924300.00,31.39794,340.95,340.95,2.00
445200.00,3924550.00,24.65352,343.52,343.52,2.00
445200.00,3924800.00,19.57581,348.12,348.12,2.00
445450.00,3923550.00,78.13333,333.51,333.51,2.00
445450.00,3923800.00,43.74746,335.44,335.44,2.00
445450.00,3924050.00,47.99211,337.50,337.50,2.00
445450.00,3924300.00,42.78016,338.78,338.78,2.00
445450.00,3924550.00,32.61263,340.49,340.49,2.00
445450.00,3924800.00,24.5886,348.11,348.11,2.00
445700.00,3923550.00,70.74851,332.71,332.71,2.00
445700.00,3923800.00,46.45283,335.59,335.59,2.00
445700.00,3924050.00,48.69752,337.08,337.08,2.00
445700.00,3924300.00,32.50339,338.61,338.61,2.00
445700.00,3924550.00,30.2928,341.59,341.59,2.00
445700.00,3924800.00,28.86782,345.06,345.06,2.00
445950.00,3923550.00,61.01459,332.25,332.25,2.00
445950.00,3923800.00,53.84072,336.35,336.35,2.00
445950.00,3924050.00,41.49912,336.14,336.14,2.00
445950.00,3924300.00,35.53607,339.47,339.47,2.00
445950.00,3924550.00,26.25828,342.38,342.38,2.00
445950.00,3924800.00,29.70043,342.88,342.88,2.00
446200.00,3923550.00,54.80427,333.94,333.94,2.00
446200.00,3923800.00,42.19399,335.76,335.76,2.00
446200.00,3924050.00,44.44199,338.51,338.51,2.00
446200.00,3924300.00,30.18871,341.69,341.69,2.00
446200.00,3924550.00,27.47564,343.09,343.09,2.00
446200.00,3924800.00,25.34262,345.16,345.16,2.00
444950.00,3923300.00,125.59803,332.12,332.12,2.00
444950.00,3923050.00,125.44092,331.48,331.48,2.00
444950.00,3922800.00,115.88616,328.38,328.38,2.00
444950.00,3922550.00,174.47543,326.66,326.66,2.00
444950.00,3922300.00,172.0908,324.89,324.89,2.00
444950.00,3922050.00,126.02273,321.47,321.47,2.00
444950.00,3921800.00,126.68355,319.87,319.87,2.00
444950.00,3921550.00,130.66491,318.27,318.27,2.00
444950.00,3921300.00,135.41857,318.27,318.27,2.00
444950.00,3921050.00,126.90396,317.51,317.51,2.00
444950.00,3920800.00,121.10159,315.69,315.69,2.00
444950.00,3920550.00,115.81882,314.09,314.09,2.00
444950.00,3920300.00,138.21171,310.99,310.99,2.00
444950.00,3920050.00,146.01114,311.94,311.94,2.00
444950.00,3919800.00,141.66897,311.71,311.71,2.00
444950.00,3919550.00,126.75441,309.53,309.53,2.00
444950.00,3919300.00,178.2184,309.44,309.44,2.00
444950.00,3919050.00,119.62481,305.79,305.79,2.00
444950.00,3918800.00,123.41041,304.83,304.83,2.00
445200.00,3923300.00,109.5121,332.64,332.64,2.00
445200.00,3923050.00,92.11189,330.91,330.91,2.00
445200.00,3922800.00,108.8228,327.35,327.35,2.00
445200.00,3922550.00,173.65345,326.78,326.78,2.00
445200.00,3922300.00,107.81974,324.10,324.10,2.00
445200.00,3922050.00,107.74332,323.57,323.57,2.00
445200.00,3921800.00,104.77964,320.23,320.23,2.00
445200.00,3921550.00,116.51337,319.50,319.50,2.00
445200.00,3921300.00,116.09242,319.46,319.46,2.00
445200.00,3921050.00,119.96446,317.54,317.54,2.00
445200.00,3920800.00,109.97917,316.58,316.58,2.00
445200.00,3920550.00,101.70219,315.68,315.68,2.00
445200.00,3920300.00,111.74074,313.15,313.15,2.00
445200.00,3920050.00,139.89784,311.92,311.92,2.00
445200.00,3919800.00,105.74073,312.72,312.72,2.00
445200.00,3919550.00,140.83934,312.08,312.08,2.00
445200.00,3919300.00,199.43714,309.72,309.72,2.00
445200.00,3919050.00,127.64351,309.30,309.30,2.00
445200.00,3918800.00,106.88042,309.22,309.22,2.00
445450.00,3923300.00,98.13561,332.97,332.97,2.00
445450.00,3923050.00,89.07473,328.64,328.64,2.00
445450.00,3922800.00,124.41831,327.60,327.60,2.00
445450.00,3922550.00,132.16094,326.12,326.12,2.00
445450.00,3922300.00,117.17173,321.71,321.71,2.00
445450.00,3922050.00,103.75792,322.60,322.60,2.00
445450.00,3921800.00,96.19073,321.49,321.49,2.00
445450.00,3921550.00,107.39024,320.57,320.57,2.00
445450.00,3921300.00,108.00844,319.40,319.40,2.00
445450.00,3921050.00,103.21099,318.79,318.79,2.00
445450.00,3920800.00,118.88425,313.81,313.81,2.00
445450.00,3920550.00,85.41767,317.88,317.88,2.00
445450.00,3920300.00,84.78366,315.91,315.91,2.00
445450.00,3920050.00,117.1459,314.25,314.25,2.00
445450.00,3919800.00,84.71855,315.94,315.94,2.00
445450.00,3919550.00,133.12868,311.95,311.95,2.00
445450.00,3919300.00,109.9751,312.00,312.00,2.00
445450.00,3919050.00,156.46463,311.03,311.03,2.00
445450.00,3918800.00,97.53332,309.69,309.69,2.00
445700.00,3923300.00,111.33582,330.91,330.91,2.00
445700.00,3923050.00,91.74602,328.66,328.66,2.00
445700.00,3922800.00,144.2499,327.38,327.38,2.00
445700.00,3922550.00,115.05545,323.94,323.94,2.00
445700.00,3922300.00,92.10085,325.13,325.13,2.00
445700.00,3922050.00,92.95761,323.59,323.59,2.00
445700.00,3921800.00,88.8097,324.98,324.98,2.00
445700.00,3921550.00,94.03761,321.94,321.94,2.00
445700.00,3921300.00,99.61706,318.42,318.42,2.00
445700.00,3921050.00,101.87127,318.63,318.63,2.00
445700.00,3920800.00,81.94944,320.14,320.14,2.00
445700.00,3920550.00,78.08901,318.56,318.56,2.00
445700.00,3920300.00,77.08765,317.75,317.75,2.00
445700.00,3920050.00,106.38712,314.86,314.86,2.00
445700.00,3919800.00,76.05943,315.09,315.09,2.00
445700.00,3919550.00,94.13519,314.76,314.76,2.00
445700.00,3919300.00,117.90803,313.75,313.75,2.00
445700.00,3919050.00,170.67011,310.04,310.04,2.00
445700.00,3918800.00,89.21898,309.69,309.69,2.00
445950.00,3923300.00,106.11127,330.49,330.49,2.00
445950.00,3923050.00,97.50055,328.05,328.05,2.00
445950.00,3922800.00,105.2011,327.43,327.43,2.00
445950.00,3922550.00,86.77592,328.05,328.05,2.00
445950.00,3922300.00,85.48005,325.00,325.00,2.00
445950.00,3922050.00,86.78916,324.78,324.78,2.00
445950.00,3921800.00,84.45743,324.78,324.78,2.00
445950.00,3921550.00,84.15605,322.35,322.35,2.00
445950.00,3921300.00,91.98442,321.09,321.09,2.00
445950.00,3921050.00,91.2503,319.79,319.79,2.00
445950.00,3920800.00,78.89234,321.06,321.06,2.00
445950.00,3920550.00,76.22362,320.79,320.79,2.00
445950.00,3920300.00,73.86207,319.71,319.71,2.00
445950.00,3920050.00,83.48791,317.53,317.53,2.00
445950.00,3919800.00,76.67242,316.90,316.90,2.00
445950.00,3919550.00,76.81523,315.60,315.60,2.00
445950.00,3919300.00,96.67662,312.10,312.10,2.00
445950.00,3919050.00,100.17479,313.94,313.94,2.00
445950.00,3918800.00,130.62451,312.78,312.78,2.00
446200.00,3923300.00,83.47695,332.88,332.88,2.00
446200.00,3923050.00,84.95151,330.18,330.18,2.00
446200.00,3922800.00,102.53146,327.90,327.90,2.00
446200.00,3922550.00,83.54198,327.88,327.88,2.00
446200.00,3922300.00,74.51751,328.26,328.26,2.00
446200.00,3922050.00,79.17212,325.98,325.98,2.00
446200.00,3921800.00,74.20596,326.46,326.46,2.00
446200.00,3921550.00,80.44874,325.05,325.05,2.00
446200.00,3921300.00,83.87597,321.84,321.84,2.00
446200.00,3921050.00,87.27779,319.68,319.68,2.00
446200.00,3920800.00,75.30919,323.98,323.98,2.00
446200.00,3920550.00,71.5141,321.47,321.47,2.00
446200.00,3920300.00,68.99303,318.86,318.86,2.00
446200.00,3920050.00,78.45985,317.42,317.42,2.00
446200.00,3919800.00,72.93277,317.84,317.84,2.00
446200.00,3919550.00,74.64468,318.20,318.20,2.00
446200.00,3919300.00,74.40688,317.11,317.11,2.00
446200.00,3919050.00,68.9759,315.23,315.23,2.00
446200.00,3918800.00,108.55678,314.32,314.32,2.00
444700.00,3920050.00,174.49923,309.39,309.39,2.00
444700.00,3919800.00,202.00874,308.15,308.15,2.00
444700.00,3919550.00,226.07313,310.18,310.18,2.00
444700.00,3919300.00,151.18391,308.41,308.41,2.00
444700.00,3919050.00,172.17693,308.09,308.09,2.00
444700.00,3918800.00,116.03981,303.17,303.17,2.00
444450.00,3920050.00,169.23599,309.62,309.62,2.00
444450.00,3919800.00,230.37801,306.90,306.90,2.00
444450.00,3919550.00,177.56048,306.28,306.28,2.00
444450.00,3919300.00,135.89312,306.23,306.23,2.00
444450.00,3919050.00,149.12208,306.93,306.93,2.00
444450.00,3918800.00,134.01168,304.16,304.16,2.00
444200.00,3920050.00,207.69058,306.60,306.60,2.00
444200.00,3919800.00,284.05289,309.39,309.39,2.00
444200.00,3919550.00,212.20534,303.14,303.14,2.00
444200.00,3919300.00,224.23518,300.93,300.93,2.00
444200.00,3919050.00,214.36837,302.03,302.03,2.00
444200.00,3918800.00,185.82721,304.12,304.12,2.00
443950.00,3920050.00,287.60282,309.14,309.14,2.00
443950.00,3919800.00,306.83709,308.01,308.01,2.00
443950.00,3919550.00,285.95237,306.37,306.37,2.00
443950.00,3919300.00,259.78305,303.38,303.38,2.00
443950.00,3919050.00,267.8273,302.35,302.35,2.00
443950.00,3918800.00,257.43902,300.46,300.46,2.00
443700.00,3920050.00,410.78733,309.69,309.69,2.00
443700.00,3919800.00,382.29766,307.41,307.41,2.00
443700.00,3919550.00,345.00976,306.05,306.05,2.00
443700.00,3919300.00,330.68055,302.76,302.76,2.00
443700.00,3919050.00,307.48195,301.59,301.59,2.00
443700.00,3918800.00,280.95393,300.77,300.77,2.00
443450.00,3920050.00,387.54601,303.90,303.90,2.00
443450.00,3919800.00,351.947,302.02,302.02,2.00
443450.00,3919550.00,321.83583,305.30,305.30,2.00
443450.00,3919300.00,295.98848,305.83,305.83,2.00
443450.00,3919050.00,273.50513,301.92,301.92,2.00
443450.00,3918800.00,254.1323,303.29,303.29,2.00
443200.00,3920050.00,637.71898,303.05,303.05,2.00
443200.00,3919800.00,502.20923,301.36,301.36,2.00
443200.00,3919550.00,400.37974,299.70,299.70,2.00
443200.00,3919300.00,366.67668,304.70,304.70,2.00
443200.00,3919050.00,332.01582,305.58,305.58,2.00
443200.00,3918800.00,293.00203,300.86,300.86,2.00
442950.00,3920050.00,792.31187,309.76,309.76,2.00
442950.00,3919800.00,762.3549,307.22,307.22,2.00
442950.00,3919550.00,735.2456,306.00,306.00,2.00
442950.00,3919300.00,603.83629,300.22,300.22,2.00
442950.00,3919050.00,490.91056,302.88,302.88,2.00
442950.00,3918800.00,410.5962,296.69,296.69,2.00
442700.00,3920050.00,435.15648,308.63,308.63,2.00
442700.00,3919800.00,434.18421,308.35,308.35,2.00
442700.00,3919550.00,558.32208,307.71,307.71,2.00
442700.00,3919300.00,528.74966,304.33,304.33,2.00
442700.00,3919050.00,550.20453,301.34,301.34,2.00
442700.00,3918800.00,547.41043,298.60,298.60,2.00
442450.00,3920050.00,319.70562,307.72,307.72,2.00
442450.00,3919800.00,334.63695,305.67,305.67,2.00
442450.00,3919550.00,320.26738,306.24,306.24,2.00
442450.00,3919300.00,332.78485,304.84,304.84,2.00
442450.00,3919050.00,346.07685,302.41,302.41,2.00
442450.00,3918800.00,356.77305,302.33,302.33,2.00
442200.00,3920050.00,260.38194,308.61,308.61,2.00
442200.00,3919800.00,263.02829,304.86,304.86,2.00
442200.00,3919550.00,284.4564,305.76,305.76,2.00
442200.00,3919300.00,286.82875,305.42,305.42,2.00
442200.00,3919050.00,258.80397,302.81,302.81,2.00
442200.00,3918800.00,279.47102,300.89,300.89,2.00
441950.00,3920050.00,257.93329,306.40,306.40,2.00
441950.00,3919800.00,221.41221,304.62,304.62,2.00
441950.00,3919550.00,227.44879,304.21,304.21,2.00
441950.00,3919300.00,231.87055,300.71,300.71,2.00
441950.00,3919050.00,239.45974,301.15,301.15,2.00
441950.00,3918800.00,239.85252,299.16,299.16,2.00
441700.00,3920050.00,231.02887,304.33,304.33,2.00
441700.00,3919800.00,221.7368,305.07,305.07,2.00
441700.00,3919550.00,202.25827,303.53,303.53,2.00
441700.00,3919300.00,204.97555,303.48,303.48,2.00
441700.00,3919050.00,208.8008,302.31,302.31,2.00
441700.00,3918800.00,204.47997,301.07,301.07,2.00
441450.00,3920050.00,225.99475,304.08,304.08,2.00
441450.00,3919800.00,208.23793,304.55,304.55,2.00
441450.00,3919550.00,199.17434,303.75,303.75,2.00
441450.00,3919300.00,186.85273,303.12,303.12,2.00
441450.00,3919050.00,180.96688,302.44,302.44,2.00
441450.00,3918800.00,187.48932,301.05,301.05,2.00
441200.00,3920050.00,242.68421,304.94,304.94,2.00
441200.00,3919800.00,209.69602,305.15,305.15,2.00
441200.00,3919550.00,193.16038,305.30,305.30,2.00
441200.00,3919300.00,181.6466,300.37,300.37,2.00
441200.00,3919050.00,174.90396,301.83,301.83,2.00
441200.00,3918800.00,167.68723,299.82,299.82,2.00
440950.00,3920050.00,252.75412,304.70,304.70,2.00
440950.00,3919800.00,217.71156,304.92,304.92,2.00
440950.00,3919550.00,191.05228,303.87,303.87,2.00
440950.00,3919300.00,177.43909,303.37,303.37,2.00
440950.00,3919050.00,168.78259,300.53,300.53,2.00
440950.00,3918800.00,162.68089,299.66,299.66,2.00
440700.00,3920050.00,278.54354,303.14,303.14,2.00
440700.00,3919800.00,225.73662,304.82,304.82,2.00
440700.00,3919550.00,190.66726,302.00,302.00,2.00
440700.00,3919300.00,173.47707,300.46,300.46,2.00
440700.00,3919050.00,165.35643,299.68,299.68,2.00
440700.00,3918800.00,156.41464,300.24,300.24,2.00
440450.00,3920050.00,315.68909,305.00,305.00,2.00
440450.00,3919800.00,237.21739,303.32,303.32,2.00
440450.00,3919550.00,200.85412,303.11,303.11,2.00
440450.00,3919300.00,178.01109,298.18,298.18,2.00
440450.00,3919050.00,162.56368,299.29,299.29,2.00
440450.00,3918800.00,155.0214,299.09,299.09,2.00
440200.00,3920050.00,385.5394,304.29,304.29,2.00
440200.00,3919800.00,262.77008,304.88,304.88,2.00
440200.00,3919550.00,210.63244,303.65,303.65,2.00
440200.00,3919300.00,181.31042,300.19,300.19,2.00
440200.00,3919050.00,164.04185,301.59,301.59,2.00
440200.00,3918800.00,153.63534,300.34,300.34,2.00
441450.00,3920300.00,272.48423,307.43,307.43,2.00
441450.00,3920550.00,363.63666,306.01,306.01,2.00
441450.00,3920800.00,1191.85326,308.69,308.69,2.00
441450.00,3921050.00,651.72972,311.16,311.16,2.00
441450.00,3921300.00,207.8516,311.74,311.74,2.00
441450.00,3921550.00,135.72736,312.09,312.09,2.00
441450.00,3921800.00,161.81527,309.51,309.51,2.00
441450.00,3922050.00,124.8728,310.97,310.97,2.00
441450.00,3922300.00,103.26039,314.25,314.25,2.00
441450.00,3922550.00,95.86554,315.50,315.50,2.00
441450.00,3922800.00,91.63166,315.19,315.19,2.00
441450.00,3923050.00,88.95562,315.95,315.95,2.00
441450.00,3923300.00,97.30371,316.94,316.94,2.00
441450.00,3923550.00,80.58365,317.84,317.84,2.00
441450.00,3923800.00,99.25178,320.71,320.71,2.00
441450.00,3924050.00,90.38041,318.94,318.94,2.00
441450.00,3924300.00,89.41139,318.90,318.90,2.00
441450.00,3924550.00,96.99682,323.42,323.42,2.00
441450.00,3924800.00,98.34953,323.52,323.52,2.00
441200.00,3920300.00,290.6001,304.47,304.47,2.00
441200.00,3920550.00,485.09006,305.25,305.25,2.00
441200.00,3920800.00,624.7722,306.77,306.77,2.00
441200.00,3921050.00,405.39729,307.38,307.38,2.00
441200.00,3921300.00,294.41873,309.12,309.12,2.00
441200.00,3921550.00,251.50108,309.08,309.08,2.00
441200.00,3921800.00,169.59833,309.47,309.47,2.00
441200.00,3922050.00,127.46665,312.18,312.18,2.00
441200.00,3922300.00,99.02946,314.52,314.52,2.00
441200.00,3922550.00,98.69848,312.20,312.20,2.00
441200.00,3922800.00,87.75541,314.77,314.77,2.00
441200.00,3923050.00,84.39993,312.99,312.99,2.00
441200.00,3923300.00,90.58402,313.61,313.61,2.00
441200.00,3923550.00,89.08995,317.49,317.49,2.00
441200.00,3923800.00,89.1889,316.63,316.63,2.00
441200.00,3924050.00,95.23336,320.23,320.23,2.00
441200.00,3924300.00,85.86492,319.29,319.29,2.00
441200.00,3924550.00,81.16234,319.46,319.46,2.00
441200.00,3924800.00,91.08329,322.98,322.98,2.00
440950.00,3920300.00,341.73363,303.70,303.70,2.00
440950.00,3920550.00,757.97551,304.97,304.97,2.00
440950.00,3920800.00,326.2524,305.48,305.48,2.00
440950.00,3921050.00,248.19984,306.49,306.49,2.00
440950.00,3921300.00,475.82836,307.71,307.71,2.00
440950.00,3921550.00,271.7986,309.62,309.62,2.00
440950.00,3921800.00,182.12634,310.35,310.35,2.00
440950.00,3922050.00,130.62381,309.45,309.45,2.00
440950.00,3922300.00,132.56436,310.93,310.93,2.00
440950.00,3922550.00,90.94544,313.73,313.73,2.00
440950.00,3922800.00,85.58075,314.98,314.98,2.00
440950.00,3923050.00,78.71325,319.45,319.45,2.00
440950.00,3923300.00,84.35275,314.21,314.21,2.00
440950.00,3923550.00,87.77293,315.08,315.08,2.00
440950.00,3923800.00,73.67584,316.10,316.10,2.00
440950.00,3924050.00,84.1311,316.48,316.48,2.00
440950.00,3924300.00,81.94999,317.56,317.56,2.00
440950.00,3924550.00,76.3784,316.50,316.50,2.00
440950.00,3924800.00,72.72273,318.06,318.06,2.00
440700.00,3920300.00,440.24486,304.40,304.40,2.00
440700.00,3920550.00,641.39201,303.22,303.22,2.00
440700.00,3920800.00,235.826,304.75,304.75,2.00
440700.00,3921050.00,184.4286,305.97,305.97,2.00
440700.00,3921300.00,453.80057,308.00,308.00,2.00
440700.00,3921550.00,236.57959,309.00,309.00,2.00
440700.00,3921800.00,191.70534,311.07,311.07,2.00
440700.00,3922050.00,134.11342,304.85,304.85,2.00
440700.00,3922300.00,117.15876,309.87,309.87,2.00
440700.00,3922550.00,125.74441,310.16,310.16,2.00
440700.00,3922800.00,85.27254,313.40,313.40,2.00
440700.00,3923050.00,81.29373,314.27,314.27,2.00
440700.00,3923300.00,79.06092,310.90,310.90,2.00
440700.00,3923550.00,80.71257,313.48,313.48,2.00
440700.00,3923800.00,81.74525,315.91,315.91,2.00
440700.00,3924050.00,83.08273,314.83,314.83,2.00
440700.00,3924300.00,65.91133,317.75,317.75,2.00
440700.00,3924550.00,66.58043,316.72,316.72,2.00
440700.00,3924800.00,68.38808,317.24,317.24,2.00
440450.00,3920300.00,579.10776,305.15,305.15,2.00
440450.00,3920550.00,398.91939,304.35,304.35,2.00
440450.00,3920800.00,189.86785,304.23,304.23,2.00
440450.00,3921050.00,145.77903,304.08,304.08,2.00
440450.00,3921300.00,290.68073,305.46,305.46,2.00
440450.00,3921550.00,403.11084,308.81,308.81,2.00
440450.00,3921800.00,261.24364,306.86,306.86,2.00
440450.00,3922050.00,183.84853,306.27,306.27,2.00
440450.00,3922300.00,131.87739,308.33,308.33,2.00
440450.00,3922550.00,85.22186,312.32,312.32,2.00
440450.00,3922800.00,86.98845,314.51,314.51,2.00
440450.00,3923050.00,91.17779,310.47,310.47,2.00
440450.00,3923300.00,89.57101,310.88,310.88,2.00
440450.00,3923550.00,71.8249,317.07,317.07,2.00
440450.00,3923800.00,78.03688,314.31,314.31,2.00
440450.00,3924050.00,70.59811,315.23,315.23,2.00
440450.00,3924300.00,74.26072,314.51,314.51,2.00
440450.00,3924550.00,70.10403,314.56,314.56,2.00
440450.00,3924800.00,67.7965,317.52,317.52,2.00
440200.00,3920300.00,506.55642,303.73,303.73,2.00
440200.00,3920550.00,283.23132,303.84,303.84,2.00
440200.00,3920800.00,161.77287,303.72,303.72,2.00
440200.00,3921050.00,123.44543,302.13,302.13,2.00
440200.00,3921300.00,243.6807,308.15,308.15,2.00
440200.00,3921550.00,330.74957,305.26,305.26,2.00
440200.00,3921800.00,198.51965,306.42,306.42,2.00
440200.00,3922050.00,180.17441,304.57,304.57,2.00
440200.00,3922300.00,163.31575,310.04,310.04,2.00
440200.00,3922550.00,119.57092,310.00,310.00,2.00
440200.00,3922800.00,105.69729,309.97,309.97,2.00
440200.00,3923050.00,103.85301,311.15,311.15,2.00
440200.00,3923300.00,85.46488,308.73,308.73,2.00
440200.00,3923550.00,84.16775,311.02,311.02,2.00
440200.00,3923800.00,68.15104,308.58,308.58,2.00
440200.00,3924050.00,68.37257,311.18,311.18,2.00
440200.00,3924300.00,71.18114,311.41,311.41,2.00
440200.00,3924550.00,67.58848,313.20,313.20,2.00
440200.00,3924800.00,61.74836,317.34,317.34,2.00
