442700.00,3921300.00,461.72528,315.71,315.71,2.00
442700.00,3921350.00,630.9917,316.21,316.21,2.00
442700.00,3921400.00,530.15207,316.75,316.75,2.00
442700.00,3921450.00,272.61349,317.34,317.34,2.00
442700.00,3921500.00,198.66849,317.36,317.36,2.00
442700.00,3921550.00,183.6866,317.06,317.06,2.00
442700.00,3921600.00,162.74585,317.00,317.00,2.00
442700.00,3921650.00,139.11187,317.00,317.00,2.00
442700.00,3921700.00,123.41723,317.29,317.29,2.00
442700.00,3921750.00,109.78269,317.54,317.54,2.00
442700.00,3921800.00,107.78901,317.23,317.23,2.00
442700.00,3921850.00,107.79802,317.06,317.06,2.00
442700.00,3921900.00,103.12807,317.28,317.28,2.00
442700.00,3921950.00,98.1812,317.85,317.85,2.00
442700.00,3922000.00,89.8827,318.93,318.93,2.00
442700.00,3922050.00,88.93738,319.53,319.53,2.00
442700.00,3922100.00,88.04588,319.74,319.74,2.00
442700.00,3922150.00,85.70408,320.26,320.26,2.00
442700.00,3922200.00,82.40541,320.91,320.91,2.00
442700.00,3922250.00,79.28083,321.57,321.57,2.00
442700.00,3922300.00,77.38325,322.23,322.23,2.00
442750.00,3921300.00,409.71405,315.33,315.33,2.00
442750.00,3921350.00,510.98204,316.28,316.28,2.00
442750.00,3921400.00,526.90686,316.79,316.79,2.00
442750.00,3921450.00,340.68099,316.86,316.86,2.00
442750.00,3921500.00,236.38999,316.97,316.97,2.00
442750.00,3921550.00,195.45217,317.08,317.08,2.00
442750.00,3921600.00,163.47296,317.10,317.10,2.00
442750.00,3921650.00,139.89581,317.10,317.10,2.00
442750.00,3921700.00,134.61034,317.00,317.00,2.00
442750.00,3921750.00,132.67837,316.92,316.92,2.00
442750.00,3921800.00,116.85933,316.97,316.97,2.00
442750.00,3921850.00,108.72123,317.16,317.16,2.00
442750.00,3921900.00,99.25691,317.79,317.79,2.00
442750.00,3921950.00,94.186,318.58,318.58,2.00
442750.00,3922000.00,90.73643,319.61,319.61,2.00
442750.00,3922050.00,89.41714,320.35,320.35,2.00
442750.00,3922100.00,88.47722,320.85,320.85,2.00
442750.00,3922150.00,87.9456,321.02,321.02,2.00
442750.00,3922200.00,87.01418,321.05,321.05,2.00
442750.00,3922250.00,85.28206,321.03,321.03,2.00
442750.00,3922300.00,83.19099,321.01,321.01,2.00
442800.00,3921300.00,378.6681,315.08,315.08,2.00
442800.00,3921350.00,447.39414,315.31,315.31,2.00
442800.00,3921400.00,697.77949,315.65,315.65,2.00
442800.00,3921450.00,591.52778,316.08,316.08,2.00
442800.00,3921500.00,274.06878,316.78,316.78,2.00
442800.00,3921550.00,169.71797,317.61,317.61,2.00
442800.00,3921600.00,155.74087,317.77,317.77,2.00
442800.00,3921650.00,139.95683,317.76,317.76,2.00
442800.00,3921700.00,145.00561,316.97,316.97,2.00
442800.00,3921750.00,153.75247,316.29,316.29,2.00
442800.00,3921800.00,136.78731,316.70,316.70,2.00
442800.00,3921850.00,108.16286,317.36,317.36,2.00
442800.00,3921900.00,96.4834,318.70,318.70,2.00
442800.00,3921950.00,92.68629,319.76,319.76,2.00
442800.00,3922000.00,91.0873,320.44,320.44,2.00
442800.00,3922050.00,90.40982,320.81,320.81,2.00
442800.00,3922100.00,90.50963,320.96,320.96,2.00
442800.00,3922150.00,90.18638,321.28,321.28,2.00
442800.00,3922200.00,89.51883,321.67,321.67,2.00
442800.00,3922250.00,89.53342,321.38,321.38,2.00
442800.00,3922300.00,88.7806,320.99,320.99,2.00
442850.00,3921300.00,364.13388,315.09,315.09,2.00
442850.00,3921350.00,406.38261,315.33,315.33,2.00
442850.00,3921400.00,509.99177,315.72,315.72,2.00
442850.00,3921450.00,627.55047,316.26,316.26,2.00
442850.00,3921500.00,303.05455,317.00,317.00,2.00
442850.00,3921550.00,181.20882,317.85,317.85,2.00
442850.00,3921600.00,174.28083,317.62,317.62,2.00
442850.00,3921650.00,170.7433,317.17,317.17,2.00
442850.00,3921700.00,161.63954,316.77,316.77,2.00
442850.00,3921750.00,158.16244,316.48,316.48,2.00
442850.00,3921800.00,139.12773,317.02,317.02,2.00
442850.00,3921850.00,116.72557,317.85,317.85,2.00
442850.00,3921900.00,96.08156,319.47,319.47,2.00
442850.00,3921950.00,92.76875,320.53,320.53,2.00
442850.00,3922000.00,92.56054,320.86,320.86,2.00
442850.00,3922050.00,92.46688,321.00,321.00,2.00
442850.00,3922100.00,92.73636,321.00,321.00,2.00
442850.00,3922150.00,92.65473,321.24,321.24,2.00
442850.00,3922200.00,92.46233,321.58,321.58,2.00
442850.00,3922250.00,92.85235,321.51,321.51,2.00
442850.00,3922300.00,92.98404,321.35,321.35,2.00
442900.00,3921300.00,357.22889,315.31,315.31,2.00
442900.00,3921350.00,406.42417,315.85,315.85,2.00
442900.00,3921400.00,419.38812,316.38,316.38,2.00
442900.00,3921450.00,431.25631,316.92,316.92,2.00
442900.00,3921500.00,349.1165,317.39,317.39,2.00
442900.00,3921550.00,245.63151,317.83,317.83,2.00
442900.00,3921600.00,194.76779,317.06,317.06,2.00
442900.00,3921650.00,222.11594,316.02,316.02,2.00
442900.00,3921700.00,188.6646,316.53,316.53,2.00
442900.00,3921750.00,156.92195,317.08,317.08,2.00
442900.00,3921800.00,132.74768,317.74,317.74,2.00
442900.00,3921850.00,113.57245,318.63,318.63,2.00
442900.00,3921900.00,94.00191,320.17,320.17,2.00
442900.00,3921950.00,92.87928,321.03,321.03,2.00
442900.00,3922000.00,94.20607,320.97,320.97,2.00
442900.00,3922050.00,95.21922,320.95,320.95,2.00
442900.00,3922100.00,95.62658,320.96,320.96,2.00
442900.00,3922150.00,95.81256,320.99,320.99,2.00
442900.00,3922200.00,96.21046,321.03,321.03,2.00
442900.00,3922250.00,95.69846,321.49,321.49,2.00
442900.00,3922300.00,95.31236,321.98,321.98,2.00
442950.00,3921300.00,375.54517,315.98,315.98,2.00
442950.00,3921350.00,396.7141,316.51,316.51,2.00
442950.00,3921400.00,391.81882,317.05,317.05,2.00
442950.00,3921450.00,340.39259,317.59,317.59,2.00
442950.00,3921500.00,409.21993,317.57,317.57,2.00
442950.00,3921550.00,316.34368,317.29,317.29,2.00
442950.00,3921600.00,242.47964,316.69,316.69,2.00
442950.00,3921650.00,223.43185,316.01,316.01,2.00
442950.00,3921700.00,206.00402,316.53,316.53,2.00
442950.00,3921750.00,163.51508,317.23,317.23,2.00
442950.00,3921800.00,125.15816,318.96,318.96,2.00
442950.00,3921850.00,95.70521,320.42,320.42,2.00
442950.00,3921900.00,94.45035,321.25,321.25,2.00
442950.00,3921950.00,94.40657,321.38,321.38,2.00
442950.00,3922000.00,96.68179,320.60,320.60,2.00
442950.00,3922050.00,99.38923,320.29,320.29,2.00
442950.00,3922100.00,100.75176,320.29,320.29,2.00
442950.00,3922150.00,99.36114,320.86,320.86,2.00
442950.00,3922200.00,97.83421,321.62,321.62,2.00
442950.00,3922250.00,98.08321,321.84,321.84,2.00
442950.00,3922300.00,98.39524,321.98,321.98,2.00
443000.00,3921300.00,409.15672,316.21,316.21,2.00
443000.00,3921350.00,397.76244,316.75,316.75,2.00
443000.00,3921400.00,393.6509,317.29,317.29,2.00
443000.00,3921450.00,332.24392,317.83,317.83,2.00
443000.00,3921500.00,377.73215,317.47,317.47,2.00
443000.00,3921550.00,423.25972,316.71,316.71,2.00
443000.00,3921600.00,340.3447,316.32,316.32,2.00
443000.00,3921650.00,237.48167,316.00,316.00,2.00
443000.00,3921700.00,220.4632,316.54,316.54,2.00
443000.00,3921750.00,180.63184,317.30,317.30,2.00
443000.00,3921800.00,127.69067,319.47,319.47,2.00
443000.00,3921850.00,103.21174,321.22,321.22,2.00
443000.00,3921900.00,103.63016,321.97,321.97,2.00
443000.00,3921950.00,101.74368,322.08,322.08,2.00
443000.00,3922000.00,97.07773,321.40,321.40,2.00
443000.00,3922050.00,98.44877,320.99,320.99,2.00
443000.00,3922100.00,100.80027,320.78,320.78,2.00
443000.00,3922150.00,100.44686,321.39,321.39,2.00
443000.00,3922200.00,101.38372,322.27,322.27,2.00
443000.00,3922250.00,103.16589,322.53,322.53,2.00
443000.00,3922300.00,103.98597,322.66,322.66,2.00
443050.00,3921300.00,374.37288,316.21,316.21,2.00
443050.00,3921350.00,425.68399,316.75,316.75,2.00
443050.00,3921400.00,404.38137,317.24,317.24,2.00
443050.00,3921450.00,379.56406,317.70,317.70,2.00
443050.00,3921500.00,379.73337,317.10,317.10,2.00
443050.00,3921550.00,804.88585,316.02,316.02,2.00
443050.00,3921600.00,402.24969,315.96,315.96,2.00
443050.00,3921650.00,286.03963,316.06,316.06,2.00
443050.00,3921700.00,229.10261,316.63,316.63,2.00
443050.00,3921750.00,195.44595,317.42,317.42,2.00
443050.00,3921800.00,133.214,319.49,319.49,2.00
443050.00,3921850.00,113.52866,321.28,321.28,2.00
443050.00,3921900.00,111.90638,322.36,322.36,2.00
443050.00,3921950.00,112.55069,322.96,322.96,2.00
443050.00,3922000.00,114.06762,322.97,322.97,2.00
443050.00,3922050.00,110.45465,322.63,322.63,2.00
443050.00,3922100.00,102.84788,322.09,322.09,2.00
443050.00,3922150.00,104.57278,322.38,322.38,2.00
443050.00,3922200.00,109.55853,322.95,322.95,2.00
443050.00,3922250.00,117.5656,323.48,323.48,2.00
443050.00,3922300.00,122.90575,323.93,323.93,2.00
443100.00,3921300.00,369.3641,316.21,316.21,2.00
443100.00,3921350.00,405.98281,316.76,316.76,2.00
443100.00,3921400.00,427.06178,316.85,316.85,2.00
443100.00,3921450.00,433.33382,316.59,316.59,2.00
443100.00,3921500.00,460.36454,315.77,315.77,2.00
443100.00,3921550.00,1009.66189,314.69,314.69,2.00
443100.00,3921600.00,715.74615,315.55,315.55,2.00
443100.00,3921650.00,337.89732,316.73,316.73,2.00
443100.00,3921700.00,206.97209,317.65,317.65,2.00
443100.00,3921750.00,184.73417,318.59,318.59,2.00
443100.00,3921800.00,146.35093,319.59,319.59,2.00
443100.00,3921850.00,124.56972,320.62,320.62,2.00
443100.00,3921900.00,117.4391,321.71,321.71,2.00
443100.00,3921950.00,116.28878,322.30,322.30,2.00
443100.00,3922000.00,115.20889,322.30,322.30,2.00
443100.00,3922050.00,105.76078,321.75,321.75,2.00
443100.00,3922100.00,107.17172,320.84,320.84,2.00
443100.00,3922150.00,104.42878,321.60,321.60,2.00
443100.00,3922200.00,115.70406,322.89,322.89,2.00
443100.00,3922250.00,116.75635,323.16,323.16,2.00
443100.00,3922300.00,118.71594,323.31,323.31,2.00
443150.00,3921300.00,355.51109,316.13,316.13,2.00
443150.00,3921350.00,386.46076,316.45,316.45,2.00
443150.00,3921400.00,415.75461,316.41,316.41,2.00
443150.00,3921450.00,421.06785,316.10,316.10,2.00
443150.00,3921500.00,462.31297,315.69,315.69,2.00
443150.00,3921550.00,583.88094,315.25,315.25,2.00
443150.00,3921600.00,734.14636,316.20,316.20,2.00
443150.00,3921650.00,366.91154,317.39,317.39,2.00
443150.00,3921700.00,225.28217,318.26,318.26,2.00
443150.00,3921750.00,182.1525,319.15,319.15,2.00
443150.00,3921800.00,148.53427,320.10,320.10,2.00
443150.00,3921850.00,121.35019,320.95,320.95,2.00
443150.00,3921900.00,118.9334,321.63,321.63,2.00
443150.00,3921950.00,119.7581,322.09,322.09,2.00
443150.00,3922000.00,121.19654,322.28,322.28,2.00
443150.00,3922050.00,114.9918,321.69,321.69,2.00
443150.00,3922100.00,119.48143,320.60,320.60,2.00
443150.00,3922150.00,112.49313,321.44,321.44,2.00
443150.00,3922200.00,123.96148,322.88,322.88,2.00
443150.00,3922250.00,123.67216,323.00,323.00,2.00
443150.00,3922300.00,120.11572,323.01,323.01,2.00
443200.00,3921300.00,360.53276,316.00,316.00,2.00
443200.00,3921350.00,358.46548,316.00,316.00,2.00
443200.00,3921400.00,375.40043,316.04,316.04,2.00
443200.00,3921450.00,404.50585,316.11,316.11,2.00
443200.00,3921500.00,451.02759,316.50,316.50,2.00
443200.00,3921550.00,480.78694,317.04,317.04,2.00
443200.00,3921600.00,535.173,317.52,317.52,2.00
443200.00,3921650.00,360.19104,318.01,318.01,2.00
443200.00,3921700.00,284.15018,318.57,318.57,2.00
443200.00,3921750.00,196.60412,319.30,319.30,2.00
443200.00,3921800.00,134.42694,320.90,320.90,2.00
443200.00,3921850.00,133.77672,322.00,322.00,2.00
443200.00,3921900.00,132.53023,322.00,322.00,2.00
443200.00,3921950.00,131.34437,322.25,322.25,2.00
443200.00,3922000.00,134.09444,322.78,322.78,2.00
443200.00,3922050.00,129.54037,322.32,322.32,2.00
443200.00,3922100.00,128.3564,321.25,321.25,2.00
443200.00,3922150.00,126.32732,321.84,321.84,2.00
443200.00,3922200.00,131.15003,322.92,322.92,2.00
443200.00,3922250.00,132.43608,323.00,323.00,2.00
443200.00,3922300.00,131.75318,323.04,323.04,2.00
443250.00,3921300.00,346.36344,316.00,316.00,2.00
443250.00,3921350.00,360.14941,316.00,316.00,2.00
443250.00,3921400.00,376.69149,316.45,316.45,2.00
443250.00,3921450.00,417.12572,317.23,317.23,2.00
443250.00,3921500.00,479.09944,317.83,317.83,2.00
443250.00,3921550.00,504.99987,318.36,318.36,2.00
443250.00,3921600.00,469.47682,318.23,318.23,2.00
443250.00,3921650.00,516.43459,318.02,318.02,2.00
443250.00,3921700.00,328.44544,318.94,318.94,2.00
443250.00,3921750.00,199.23135,319.91,319.91,2.00
443250.00,3921800.00,152.09779,321.16,321.16,2.00
443250.00,3921850.00,151.80051,322.00,322.00,2.00
443250.00,3921900.00,150.28117,322.00,322.00,2.00
443250.00,3921950.00,149.08709,322.08,322.08,2.00
443250.00,3922000.00,149.72839,322.26,322.26,2.00
443250.00,3922050.00,148.67771,322.10,322.10,2.00
443250.00,3922100.00,147.78192,321.75,321.75,2.00
443250.00,3922150.00,147.57693,322.51,322.51,2.00
443250.00,3922200.00,162.5074,323.59,323.59,2.00
443250.00,3922250.00,150.68168,323.33,323.33,2.00
443250.00,3922300.00,143.77608,323.04,323.04,2.00
443300.00,3921300.00,327.56441,316.49,316.49,2.00
443300.00,3921350.00,338.2155,316.70,316.70,2.00
443300.00,3921400.00,364.34923,317.16,317.16,2.00
443300.00,3921450.00,428.61752,317.82,317.82,2.00
443300.00,3921500.00,497.54138,318.24,318.24,2.00
443300.00,3921550.00,552.77125,318.58,318.58,2.00
443300.00,3921600.00,548.32892,318.33,318.33,2.00
443300.00,3921650.00,557.9522,318.03,318.03,2.00
443300.00,3921700.00,358.2102,319.11,319.11,2.00
443300.00,3921750.00,246.10305,320.09,320.09,2.00
443300.00,3921800.00,187.56067,320.59,320.59,2.00
443300.00,3921850.00,174.05526,321.06,321.06,2.00
443300.00,3921900.00,174.75373,321.45,321.45,2.00
443300.00,3921950.00,175.50461,321.65,321.65,2.00
443300.00,3922000.00,176.07123,321.66,321.66,2.00
443300.00,3922050.00,176.50777,321.78,321.78,2.00
443300.00,3922100.00,176.75572,321.96,321.96,2.00
443300.00,3922150.00,177.50605,322.43,322.43,2.00
443300.00,3922200.00,181.03334,322.99,322.99,2.00
443300.00,3922250.00,182.35864,323.18,323.18,2.00
443300.00,3922300.00,182.60527,323.33,323.33,2.00
443350.00,3921300.00,350.99247,317.14,317.14,2.00
443350.00,3921350.00,393.25631,317.75,317.75,2.00
443350.00,3921400.00,418.95866,317.98,317.98,2.00
443350.00,3921450.00,413.29228,317.96,317.96,2.00
443350.00,3921500.00,425.28179,317.97,317.97,2.00
443350.00,3921550.00,441.16019,318.00,318.00,2.00
443350.00,3921600.00,490.14527,318.05,318.05,2.00
443350.00,3921650.00,564.96664,318.14,318.14,2.00
443350.00,3921700.00,554.49693,319.19,319.19,2.00
443350.00,3921750.00,323.66283,319.95,319.95,2.00
443350.00,3921800.00,271.50393,319.39,319.39,2.00
443350.00,3921850.00,254.36354,319.38,319.38,2.00
443350.00,3921900.00,218.37197,320.46,320.46,2.00
443350.00,3921950.00,219.15923,321.01,321.01,2.00
443350.00,3922000.00,221.25174,321.00,321.00,2.00
443350.00,3922050.00,222.69456,321.35,321.35,2.00
443350.00,3922100.00,224.67917,321.89,321.89,2.00
443350.00,3922150.00,226.50472,321.58,321.58,2.00
443350.00,3922200.00,229.22011,321.07,321.07,2.00
443350.00,3922250.00,233.65368,322.55,322.55,2.00
443350.00,3922300.00,280.38144,323.93,323.93,2.00
443400.00,3921300.00,363.8737,316.13,316.13,2.00
443400.00,3921350.00,390.57823,317.45,317.45,2.00
443400.00,3921400.00,407.6247,317.77,317.77,2.00
443400.00,3921450.00,393.40712,317.39,317.39,2.00
443400.00,3921500.00,415.23929,317.58,317.58,2.00
443400.00,3921550.00,451.68273,317.96,317.96,2.00
443400.00,3921600.00,526.34124,319.00,319.00,2.00
443400.00,3921650.00,449.84939,320.11,320.11,2.00
443400.00,3921700.00,432.18242,320.80,320.80,2.00
443400.00,3921750.00,310.21323,321.19,321.19,2.00
443400.00,3921800.00,312.62666,320.28,320.28,2.00
443400.00,3921850.00,282.11436,320.05,320.05,2.00
443400.00,3921900.00,287.48004,321.12,321.12,2.00
443400.00,3921950.00,297.99605,321.67,321.67,2.00
443400.00,3922000.00,306.10968,321.66,321.66,2.00
443400.00,3922050.00,314.02174,321.32,321.32,2.00
443400.00,3922100.00,324.66625,320.80,320.80,2.00
443400.00,3922150.00,336.94632,319.71,319.71,2.00
443400.00,3922200.00,346.89759,318.48,318.48,2.00
443400.00,3922250.00,358.53287,320.63,320.63,2.00
443400.00,3922300.00,394.09769,322.77,322.77,2.00
443450.00,3921300.00,476.18153,315.62,315.62,2.00
443450.00,3921350.00,475.21015,317.04,317.04,2.00
443450.00,3921400.00,494.465,317.67,317.67,2.00
443450.00,3921450.00,505.02708,317.73,317.73,2.00
443450.00,3921500.00,534.39812,318.13,318.13,2.00
443450.00,3921550.00,571.08179,318.67,318.67,2.00
443450.00,3921600.00,567.51678,319.82,319.82,2.00
443450.00,3921650.00,472.75392,321.02,321.02,2.00
443450.00,3921700.00,449.28895,321.37,321.37,2.00
443450.00,3921750.00,439.81276,321.51,321.51,2.00
443450.00,3921800.00,492.94391,320.81,320.81,2.00
443450.00,3921850.00,520.13657,320.59,320.59,2.00
443450.00,3921900.00,497.69033,321.31,321.31,2.00
443450.00,3921950.00,515.32206,321.76,321.76,2.00
443450.00,3922000.00,555.61668,321.94,321.94,2.00
443450.00,3922050.00,592.87839,321.63,321.63,2.00
443450.00,3922100.00,644.02738,321.06,321.06,2.00
443450.00,3922150.00,728.0309,319.90,319.90,2.00
443450.00,3922200.00,709.60145,318.60,318.60,2.00
443450.00,3922250.00,708.82693,320.32,320.32,2.00
443450.00,3922300.00,714.35602,322.12,322.12,2.00
443500.00,3921300.00,534.76631,315.55,315.55,2.00
443500.00,3921350.00,562.53898,316.58,316.58,2.00
443500.00,3921400.00,606.23079,317.65,317.65,2.00
443500.00,3921450.00,688.72022,318.73,318.73,2.00
443500.00,3921500.00,750.64721,319.38,319.38,2.00
443500.00,3921550.00,777.98806,319.90,319.90,2.00
443500.00,3921600.00,769.14278,320.45,320.45,2.00
443500.00,3921650.00,728.86726,320.97,320.97,2.00
443500.00,3921700.00,754.87242,320.99,320.99,2.00
443500.00,3921750.00,784.98974,321.00,321.00,2.00
443500.00,3921800.00,784.81827,321.00,321.00,2.00
443500.00,3921850.00,811.82061,321.00,321.00,2.00
443500.00,3921900.00,842.63221,321.00,321.00,2.00
443500.00,3921950.00,780.24195,321.28,321.28,2.00
443500.00,3922000.00,731.84652,321.82,321.82,2.00
443500.00,3922050.00,686.34738,322.34,322.34,2.00
443500.00,3922100.00,712.47447,322.84,322.84,2.00
443500.00,3922150.00,626.94832,322.46,322.46,2.00
443500.00,3922200.00,534.70696,321.87,321.87,2.00
443500.00,3922250.00,488.71009,321.92,321.92,2.00
443500.00,3922300.00,437.5029,322.12,322.12,2.00
443550.00,3921300.00,567.07004,316.55,316.55,2.00
443550.00,3921350.00,562.22937,316.87,316.87,2.00
443550.00,3921400.00,570.11671,317.65,317.65,2.00
443550.00,3921450.00,680.6638,318.74,318.74,2.00
443550.00,3921500.00,719.06584,318.85,318.85,2.00
443550.00,3921550.00,703.93816,318.65,318.65,2.00
443550.00,3921600.00,734.66692,319.13,319.13,2.00
443550.00,3921650.00,742.34483,319.69,319.69,2.00
443550.00,3921700.00,661.60868,320.43,320.43,2.00
443550.00,3921750.00,589.06496,321.08,321.08,2.00
443550.00,3921800.00,576.65496,321.43,321.43,2.00
443550.00,3921850.00,556.91659,321.79,321.79,2.00
443550.00,3921900.00,518.77786,322.14,322.14,2.00
443550.00,3921950.00,503.9205,322.40,322.40,2.00
443550.00,3922000.00,490.95453,322.58,322.58,2.00
443550.00,3922050.00,487.08942,323.46,323.46,2.00
443550.00,3922100.00,486.33395,324.69,324.69,2.00
443550.00,3922150.00,425.58676,324.18,324.18,2.00
443550.00,3922200.00,317.26941,323.29,323.29,2.00
443550.00,3922250.00,282.94766,323.58,323.58,2.00
443550.00,3922300.00,278.38695,323.95,323.95,2.00
443600.00,3921300.00,525.80417,316.73,316.73,2.00
443600.00,3921350.00,520.41874,316.92,316.92,2.00
443600.00,3921400.00,501.84727,317.42,317.42,2.00
443600.00,3921450.00,512.51024,318.13,318.13,2.00
443600.00,3921500.00,525.71373,318.18,318.18,2.00
443600.00,3921550.00,517.79699,318.01,318.01,2.00
443600.00,3921600.00,499.5014,318.33,318.33,2.00
443600.00,3921650.00,462.24591,318.72,318.72,2.00
443600.00,3921700.00,464.91166,319.63,319.63,2.00
443600.00,3921750.00,454.25525,320.50,320.50,2.00
443600.00,3921800.00,440.1481,321.22,321.22,2.00
443600.00,3921850.00,401.17109,321.82,321.82,2.00
443600.00,3921900.00,381.35767,322.19,322.19,2.00
443600.00,3921950.00,349.50805,322.46,322.46,2.00
443600.00,3922000.00,304.39423,322.64,322.64,2.00
443600.00,3922050.00,291.18644,323.46,323.46,2.00
443600.00,3922100.00,263.93479,324.60,324.60,2.00
443600.00,3922150.00,262.08795,324.46,324.46,2.00
443600.00,3922200.00,261.71487,324.01,324.01,2.00
443600.00,3922250.00,279.30175,324.23,324.23,2.00
443600.00,3922300.00,299.42941,324.50,324.50,2.00
443650.00,3921300.00,434.56739,316.25,316.25,2.00
443650.00,3921350.00,421.35901,316.79,316.79,2.00
443650.00,3921400.00,394.81176,316.99,316.99,2.00
443650.00,3921450.00,386.81193,316.97,316.97,2.00
443650.00,3921500.00,393.6961,317.39,317.39,2.00
443650.00,3921550.00,387.19882,317.94,317.94,2.00
443650.00,3921600.00,367.60029,318.00,318.00,2.00
443650.00,3921650.00,356.87114,318.04,318.04,2.00
443650.00,3921700.00,337.4328,318.59,318.59,2.00
443650.00,3921750.00,308.42109,319.26,319.26,2.00
443650.00,3921800.00,402.39808,320.34,320.34,2.00
443650.00,3921850.00,397.31848,321.02,321.02,2.00
443650.00,3921900.00,358.99349,321.04,321.04,2.00
443650.00,3921950.00,242.46128,321.33,321.33,2.00
443650.00,3922000.00,216.08063,321.86,321.86,2.00
443650.00,3922050.00,220.8736,322.07,322.07,2.00
443650.00,3922100.00,240.8576,322.14,322.14,2.00
443650.00,3922150.00,257.46308,322.99,322.99,2.00
443650.00,3922200.00,264.48064,323.98,323.98,2.00
443650.00,3922250.00,225.51845,323.52,323.52,2.00
443650.00,3922300.00,188.84766,323.18,323.18,2.00
443700.00,3921300.00,347.62231,316.26,316.26,2.00
443700.00,3921350.00,339.97574,316.80,316.80,2.00
443700.00,3921400.00,331.07056,316.54,316.54,2.00
443700.00,3921450.00,324.5285,315.82,315.82,2.00
443700.00,3921500.00,308.99682,316.08,316.08,2.00
443700.00,3921550.00,284.19453,316.63,316.63,2.00
443700.00,3921600.00,251.68912,317.01,317.01,2.00
443700.00,3921650.00,213.76872,317.44,317.44,2.00
443700.00,3921700.00,197.76427,318.69,318.69,2.00
443700.00,3921750.00,194.2502,319.74,319.74,2.00
443700.00,3921800.00,341.69261,320.12,320.12,2.00
443700.00,3921850.00,480.36163,320.49,320.49,2.00
443700.00,3921900.00,395.39613,320.84,320.84,2.00
443700.00,3921950.00,276.76134,321.29,321.29,2.00
443700.00,3922000.00,235.745,321.83,321.83,2.00
443700.00,3922050.00,239.3813,321.54,321.54,2.00
443700.00,3922100.00,239.8952,320.87,320.87,2.00
443700.00,3922150.00,192.37462,321.95,321.95,2.00
443700.00,3922200.00,171.28915,323.37,323.37,2.00
443700.00,3922250.00,180.66183,323.51,323.51,2.00
443700.00,3922300.00,179.29893,323.63,323.63,2.00
442700.00,3922400.00,77.52337,322.09,322.09,2.00
442700.00,3922500.00,75.91272,322.85,322.85,2.00
442700.00,3922600.00,70.87987,322.24,322.24,2.00
442700.00,3922700.00,70.63649,322.80,322.80,2.00
442700.00,3922800.00,72.18599,323.42,323.42,2.00
442700.00,3922900.00,73.27619,324.66,324.66,2.00
442700.00,3923000.00,78.118,324.73,324.73,2.00
442700.00,3923100.00,87.42985,324.51,324.51,2.00
442700.00,3923200.00,110.28457,325.13,325.13,2.00
442700.00,3923300.00,109.767,324.39,324.39,2.00
442800.00,3922400.00,85.05954,320.77,320.77,2.00
442800.00,3922500.00,82.19835,322.37,322.37,2.00
442800.00,3922600.00,82.50662,323.17,323.17,2.00
442800.00,3922700.00,79.47514,324.33,324.33,2.00
442800.00,3922800.00,77.96033,324.37,324.37,2.00
442800.00,3922900.00,83.68494,325.66,325.66,2.00
442800.00,3923000.00,88.98456,326.21,326.21,2.00
442800.00,3923100.00,100.66187,326.12,326.12,2.00
442800.00,3923200.00,119.15765,326.47,326.47,2.00
442800.00,3923300.00,116.55832,327.97,327.97,2.00
442900.00,3922400.00,96.15628,321.10,321.10,2.00
442900.00,3922500.00,89.50894,322.19,322.19,2.00
442900.00,3922600.00,87.82232,323.00,323.00,2.00
442900.00,3922700.00,89.09216,324.05,324.05,2.00
442900.00,3922800.00,100.49294,326.40,326.40,2.00
442900.00,3922900.00,89.5347,325.98,325.98,2.00
442900.00,3923000.00,95.97936,325.61,325.61,2.00
442900.00,3923100.00,104.38678,326.65,326.65,2.00
442900.00,3923200.00,119.3519,327.71,327.71,2.00
442900.00,3923300.00,121.15963,328.04,328.04,2.00
443000.00,3922400.00,103.48419,321.52,321.52,2.00
443000.00,3922500.00,102.93859,323.00,323.00,2.00
443000.00,3922600.00,99.70828,323.27,323.27,2.00
443000.00,3922700.00,97.23795,324.47,324.47,2.00
443000.00,3922800.00,101.63926,325.31,325.31,2.00
443000.00,3922900.00,113.5805,325.82,325.82,2.00
443000.00,3923000.00,107.69719,326.89,326.89,2.00
443000.00,3923100.00,107.43118,327.18,327.18,2.00
443000.00,3923200.00,129.89595,327.23,327.23,2.00
443000.00,3923300.00,138.99076,328.96,328.96,2.00
443100.00,3922400.00,112.48451,322.63,322.63,2.00
443100.00,3922500.00,111.6513,322.47,322.47,2.00
443100.00,3922600.00,113.55546,323.46,323.46,2.00
443100.00,3922700.00,128.17693,325.13,325.13,2.00
443100.00,3922800.00,123.19563,326.00,326.00,2.00
443100.00,3922900.00,122.3168,326.53,326.53,2.00
443100.00,3923000.00,115.78437,328.35,328.35,2.00
443100.00,3923100.00,116.04871,329.34,329.34,2.00
443100.00,3923200.00,151.22336,327.40,327.40,2.00
443100.00,3923300.00,153.30821,328.53,328.53,2.00
443200.00,3922400.00,141.10551,324.10,324.10,2.00
443200.00,3922500.00,144.90898,324.73,324.73,2.00
443200.00,3922600.00,142.5427,323.99,323.99,2.00
443200.00,3922700.00,146.09045,324.41,324.41,2.00
443200.00,3922800.00,169.87542,325.48,325.48,2.00
443200.00,3922900.00,174.29761,326.03,326.03,2.00
443200.00,3923000.00,174.32581,326.76,326.76,2.00
443200.00,3923100.00,196.88675,327.17,327.17,2.00
443200.00,3923200.00,229.84236,326.97,326.97,2.00
443200.00,3923300.00,419.22632,326.29,326.29,2.00
443300.00,3922400.00,189.72142,323.82,323.82,2.00
443300.00,3922500.00,195.14105,324.62,324.62,2.00
443300.00,3922600.00,193.36324,324.58,324.58,2.00
443300.00,3922700.00,225.02443,325.18,325.18,2.00
443300.00,3922800.00,254.81121,325.46,325.46,2.00
443300.00,3922900.00,283.61483,326.29,326.29,2.00
443300.00,3923000.00,321.69399,326.66,326.66,2.00
443300.00,3923100.00,313.83829,328.16,328.16,2.00
443300.00,3923200.00,629.52377,328.16,328.16,2.00
443300.00,3923300.00,435.00571,328.61,328.61,2.00
443400.00,3922400.00,518.74459,323.77,323.77,2.00
443400.00,3922500.00,661.17964,324.70,324.70,2.00
443400.00,3922600.00,700.96031,325.30,325.30,2.00
443400.00,3922700.00,653.35769,325.85,325.85,2.00
443400.00,3922800.00,557.37989,326.06,326.06,2.00
443400.00,3922900.00,477.26341,327.36,327.36,2.00
443400.00,3923000.00,328.28842,328.20,328.20,2.00
443400.00,3923100.00,223.99657,328.90,328.90,2.00
443400.00,3923200.00,198.00146,329.57,329.57,2.00
443400.00,3923300.00,223.1623,330.83,330.83,2.00
443500.00,3922400.00,379.97517,324.14,324.14,2.00
443500.00,3922500.00,330.43361,325.21,325.21,2.00
443500.00,3922600.00,412.54481,325.96,325.96,2.00
443500.00,3922700.00,283.19961,325.64,325.64,2.00
443500.00,3922800.00,291.86132,325.12,325.12,2.00
443500.00,3922900.00,219.0753,327.74,327.74,2.00
443500.00,3923000.00,165.42029,329.36,329.36,2.00
443500.00,3923100.00,141.46018,330.39,330.39,2.00
443500.00,3923200.00,138.00893,330.98,330.98,2.00
443500.00,3923300.00,245.96274,331.00,331.00,2.00
443600.00,3922400.00,254.31936,325.58,325.58,2.00
443600.00,3922500.00,230.83432,326.44,326.44,2.00
443600.00,3922600.00,269.36986,327.00,327.00,2.00
443600.00,3922700.00,247.04975,326.80,326.80,2.00
443600.00,3922800.00,198.61736,326.48,326.48,2.00
443600.00,3922900.00,170.64306,325.94,325.94,2.00
443600.00,3923000.00,173.82388,327.12,327.12,2.00
443600.00,3923100.00,134.88878,329.29,329.29,2.00
443600.00,3923200.00,97.36056,331.57,331.57,2.00
443600.00,3923300.00,207.84736,331.11,331.11,2.00
443700.00,3922400.00,221.73851,324.38,324.38,2.00
443700.00,3922500.00,195.11404,326.55,326.55,2.00
443700.00,3922600.00,150.5263,327.19,327.19,2.00
443700.00,3922700.00,155.42305,327.74,327.74,2.00
443700.00,3922800.00,129.84846,328.00,328.00,2.00
443700.00,3922900.00,137.43276,327.30,327.30,2.00
443700.00,3923000.00,150.75945,327.91,327.91,2.00
443700.00,3923100.00,98.39908,330.45,330.45,2.00
443700.00,3923200.00,110.20097,330.97,330.97,2.00
443700.00,3923300.00,203.72646,331.00,331.00,2.00
443800.00,3922400.00,180.36954,324.33,324.33,2.00
443800.00,3922500.00,137.60713,326.47,326.47,2.00
443800.00,3922600.00,135.14704,327.93,327.93,2.00
443800.00,3922700.00,114.57632,328.37,328.37,2.00
443800.00,3922800.00,139.1699,328.45,328.45,2.00
443800.00,3922900.00,119.79096,328.57,328.57,2.00
443800.00,3923000.00,121.38436,329.00,329.00,2.00
443800.00,3923100.00,72.69292,331.95,331.95,2.00
443800.00,3923200.00,68.31199,333.34,333.34,2.00
443800.00,3923300.00,153.50404,331.24,331.24,2.00
443900.00,3922400.00,173.71081,322.13,322.13,2.00
443900.00,3922500.00,145.00846,324.03,324.03,2.00
443900.00,3922600.00,129.52606,327.52,327.52,2.00
443900.00,3922700.00,117.73543,327.42,327.42,2.00
443900.00,3922800.00,102.15709,328.10,328.10,2.00
443900.00,3922900.00,80.24984,328.78,328.78,2.00
443900.00,3923000.00,108.57514,329.73,329.73,2.00
443900.00,3923100.00,108.92002,330.61,330.61,2.00
443900.00,3923200.00,175.0498,331.65,331.65,2.00
443900.00,3923300.00,102.02013,332.28,332.28,2.00
444000.00,3922400.00,150.82323,323.22,323.22,2.00
444000.00,3922500.00,109.59371,324.52,324.52,2.00
444000.00,3922600.00,121.87514,326.63,326.63,2.00
444000.00,3922700.00,147.23526,326.35,326.35,2.00
444000.00,3922800.00,96.37745,327.45,327.45,2.00
444000.00,3922900.00,75.15987,328.85,328.85,2.00
444000.00,3923000.00,73.32415,330.17,330.17,2.00
444000.00,3923100.00,110.7111,330.13,330.13,2.00
444000.00,3923200.00,228.75471,330.83,330.83,2.00
444000.00,3923300.00,75.8794,333.30,333.30,2.00
444100.00,3922400.00,146.75674,324.18,324.18,2.00
444100.00,3922500.00,118.88376,325.07,325.07,2.00
444100.00,3922600.00,103.44422,324.87,324.87,2.00
444100.00,3922700.00,94.20244,326.05,326.05,2.00
444100.00,3922800.00,87.72555,328.19,328.19,2.00
444100.00,3922900.00,100.42062,328.03,328.03,2.00
444100.00,3923000.00,95.198,330.08,330.08,2.00
444100.00,3923100.00,105.47041,331.49,331.49,2.00
444100.00,3923200.00,180.80249,330.42,330.42,2.00
444100.00,3923300.00,119.69357,331.29,331.29,2.00
444200.00,3922400.00,147.64688,324.38,324.38,2.00
444200.00,3922500.00,121.8401,325.73,325.73,2.00
444200.00,3922600.00,105.32642,325.71,325.71,2.00
444200.00,3922700.00,84.15016,327.87,327.87,2.00
444200.00,3922800.00,74.07019,329.34,329.34,2.00
444200.00,3922900.00,66.78958,330.47,330.47,2.00
444200.00,3923000.00,99.73215,330.21,330.21,2.00
444200.00,3923100.00,127.47866,330.61,330.61,2.00
444200.00,3923200.00,145.97653,330.37,330.37,2.00
444200.00,3923300.00,122.92721,330.82,330.82,2.00
444300.00,3922400.00,178.55319,324.29,324.29,2.00
444300.00,3922500.00,141.30052,324.76,324.76,2.00
444300.00,3922600.00,134.44992,323.85,323.85,2.00
444300.00,3922700.00,94.47718,326.15,326.15,2.00
444300.00,3922800.00,80.75576,327.01,327.01,2.00
444300.00,3922900.00,90.17779,329.14,329.14,2.00
444300.00,3923000.00,91.1041,330.13,330.13,2.00
444300.00,3923100.00,124.72406,330.35,330.35,2.00
444300.00,3923200.00,112.58583,330.59,330.59,2.00
444300.00,3923300.00,129.43762,329.62,329.62,2.00
444400.00,3922400.00,151.75446,324.03,324.03,2.00
444400.00,3922500.00,167.91805,323.98,323.98,2.00
444400.00,3922600.00,155.86074,323.99,323.99,2.00
444400.00,3922700.00,125.75656,324.90,324.90,2.00
444400.00,3922800.00,97.42606,325.53,325.53,2.00
444400.00,3922900.00,77.35987,327.46,327.46,2.00
444400.00,3923000.00,98.10499,329.09,329.09,2.00
444400.00,3923100.00,132.26786,329.41,329.41,2.00
444400.00,3923200.00,109.28995,329.06,329.06,2.00
444400.00,3923300.00,125.04611,329.00,329.00,2.00
444500.00,3922400.00,296.42508,319.14,319.14,2.00
444500.00,3922500.00,222.84251,321.46,321.46,2.00
444500.00,3922600.00,141.77566,324.33,324.33,2.00
444500.00,3922700.00,150.82028,324.10,324.10,2.00
444500.00,3922800.00,134.00108,323.03,323.03,2.00
444500.00,3922900.00,118.57776,323.77,323.77,2.00
444500.00,3923000.00,104.09107,324.94,324.94,2.00
444500.00,3923100.00,127.47463,329.73,329.73,2.00
444500.00,3923200.00,104.81739,330.51,330.51,2.00
444500.00,3923300.00,122.34357,329.17,329.17,2.00
444600.00,3922400.00,414.2497,318.56,318.56,2.00
444600.00,3922500.00,376.33656,317.46,317.46,2.00
444600.00,3922600.00,257.04138,319.69,319.69,2.00
444600.00,3922700.00,157.74374,322.16,322.16,2.00
444600.00,3922800.00,140.12296,324.57,324.57,2.00
444600.00,3922900.00,73.02721,328.11,328.11,2.00
444600.00,3923000.00,82.46719,326.97,326.97,2.00
444600.00,3923100.00,104.07293,329.26,329.26,2.00
444600.00,3923200.00,72.99439,333.51,333.51,2.00
444600.00,3923300.00,104.37094,330.99,330.99,2.00
444700.00,3922400.00,248.87625,320.06,320.06,2.00
444700.00,3922500.00,240.32414,320.48,320.48,2.00
444700.00,3922600.00,192.50264,321.93,321.93,2.00
444700.00,3922700.00,144.66814,325.25,325.25,2.00
444700.00,3922800.00,82.78175,327.04,327.04,2.00
444700.00,3922900.00,78.40864,328.47,328.47,2.00
444700.00,3923000.00,80.61942,327.53,327.53,2.00
444700.00,3923100.00,88.22278,327.94,327.94,2.00
444700.00,3923200.00,90.45985,331.99,331.99,2.00
444700.00,3923300.00,77.68764,332.73,332.73,2.00
443800.00,3922300.00,162.54458,324.00,324.00,2.00
443800.00,3922200.00,293.8295,320.19,320.19,2.00
443800.00,3922100.00,257.39551,320.95,320.95,2.00
443800.00,3922000.00,313.36844,320.88,320.88,2.00
443800.00,3921900.00,495.67653,319.79,319.79,2.00
443800.00,3921800.00,251.62698,319.03,319.03,2.00
443800.00,3921700.00,198.84937,318.19,318.19,2.00
443800.00,3921600.00,196.76364,316.02,316.02,2.00
443800.00,3921500.00,171.89235,315.00,315.00,2.00
443800.00,3921400.00,169.18146,316.97,316.97,2.00
443800.00,3921300.00,174.71804,317.26,317.26,2.00
443800.00,3921200.00,220.94206,317.79,317.79,2.00
443800.00,3921100.00,263.45021,316.21,316.21,2.00
443800.00,3921000.00,279.6017,315.05,315.05,2.00
443800.00,3920900.00,281.68103,314.05,314.05,2.00
443800.00,3920800.00,285.08387,314.24,314.24,2.00
443800.00,3920700.00,269.61337,314.74,314.74,2.00
443800.00,3920600.00,293.59771,313.55,313.55,2.00
443800.00,3920500.00,308.2292,312.48,312.48,2.00
443800.00,3920400.00,298.18532,311.04,311.04,2.00
443800.00,3920300.00,264.05242,309.54,309.54,2.00
443900.00,3922300.00,174.20056,322.45,322.45,2.00
443900.00,3922200.00,246.35905,320.76,320.76,2.00
443900.00,3922100.00,358.92285,319.34,319.34,2.00
443900.00,3922000.00,623.68557,317.63,317.63,2.00
443900.00,3921900.00,343.83014,320.49,320.49,2.00
443900.00,3921800.00,163.52881,319.65,319.65,2.00
443900.00,3921700.00,144.14204,318.54,318.54,2.00
443900.00,3921600.00,161.5658,318.43,318.43,2.00
443900.00,3921500.00,186.34484,317.76,317.76,2.00
443900.00,3921400.00,177.41708,317.02,317.02,2.00
443900.00,3921300.00,165.11071,316.67,316.67,2.00
443900.00,3921200.00,157.93117,316.12,316.12,2.00
443900.00,3921100.00,153.46926,316.90,316.90,2.00
443900.00,3921000.00,142.85655,316.02,316.02,2.00
443900.00,3920900.00,152.6618,315.40,315.40,2.00
443900.00,3920800.00,195.10559,315.86,315.86,2.00
443900.00,3920700.00,226.84329,314.42,314.42,2.00
443900.00,3920600.00,240.01168,311.73,311.73,2.00
443900.00,3920500.00,236.97941,310.51,310.51,2.00
443900.00,3920400.00,240.96182,310.81,310.81,2.00
443900.00,3920300.00,234.5384,310.26,310.26,2.00
444000.00,3922300.00,163.37104,322.89,322.89,2.00
444000.00,3922200.00,308.90256,319.47,319.47,2.00
444000.00,3922100.00,370.12139,320.00,320.00,2.00
444000.00,3922000.00,370.83197,322.23,322.23,2.00
444000.00,3921900.00,252.46782,321.16,321.16,2.00
444000.00,3921800.00,150.81483,319.76,319.76,2.00
444000.00,3921700.00,129.78692,319.42,319.42,2.00
444000.00,3921600.00,113.88063,320.52,320.52,2.00
444000.00,3921500.00,109.99588,319.44,319.44,2.00
444000.00,3921400.00,116.37345,317.49,317.49,2.00
444000.00,3921300.00,158.95261,316.65,316.65,2.00
444000.00,3921200.00,169.32153,316.13,316.13,2.00
444000.00,3921100.00,161.1407,316.29,316.29,2.00
444000.00,3921000.00,152.07685,316.01,316.01,2.00
444000.00,3920900.00,143.07105,315.31,315.31,2.00
444000.00,3920800.00,133.68282,315.17,315.17,2.00
444000.00,3920700.00,129.06254,314.02,314.02,2.00
444000.00,3920600.00,129.65048,312.02,312.02,2.00
444000.00,3920500.00,139.54949,310.21,310.21,2.00
444000.00,3920400.00,173.74347,310.87,310.87,2.00
444000.00,3920300.00,197.88374,311.13,311.13,2.00
444100.00,3922300.00,173.95185,323.81,323.81,2.00
444100.00,3922200.00,279.71576,320.86,320.86,2.00
444100.00,3922100.00,308.82452,321.81,321.81,2.00
444100.00,3922000.00,270.44562,322.78,322.78,2.00
444100.00,3921900.00,146.24165,320.98,320.98,2.00
444100.00,3921800.00,123.32465,320.32,320.32,2.00
444100.00,3921700.00,133.31165,319.01,319.01,2.00
444100.00,3921600.00,132.51609,319.52,319.52,2.00
444100.00,3921500.00,120.83019,319.98,319.98,2.00
444100.00,3921400.00,109.30332,317.47,317.47,2.00
444100.00,3921300.00,118.49974,316.02,316.02,2.00
444100.00,3921200.00,104.81954,316.79,316.79,2.00
444100.00,3921100.00,124.88459,316.99,316.99,2.00
444100.00,3921000.00,151.54402,315.07,315.07,2.00
444100.00,3920900.00,154.97476,313.98,313.98,2.00
444100.00,3920800.00,147.91624,313.70,313.70,2.00
444100.00,3920700.00,139.15817,311.93,311.93,2.00
444100.00,3920600.00,129.27557,311.34,311.34,2.00
444100.00,3920500.00,122.27548,310.32,310.32,2.00
444100.00,3920400.00,115.27249,310.90,310.90,2.00
444100.00,3920300.00,109.77548,310.38,310.38,2.00
444200.00,3922300.00,180.60597,324.00,324.00,2.00
444200.00,3922200.00,265.16031,322.49,322.49,2.00
444200.00,3922100.00,290.54528,323.45,323.45,2.00
444200.00,3922000.00,217.38593,323.07,323.07,2.00
444200.00,3921900.00,114.6316,321.84,321.84,2.00
444200.00,3921800.00,109.88066,321.56,321.56,2.00
444200.00,3921700.00,100.6867,322.06,322.06,2.00
444200.00,3921600.00,108.30105,320.59,320.59,2.00
444200.00,3921500.00,116.37491,319.91,319.91,2.00
444200.00,3921400.00,122.74641,318.00,318.00,2.00
444200.00,3921300.00,113.25087,317.38,317.38,2.00
444200.00,3921200.00,106.33983,316.66,316.66,2.00
444200.00,3921100.00,111.99322,314.94,314.94,2.00
444200.00,3921000.00,101.10388,311.84,311.84,2.00
444200.00,3920900.00,102.93676,310.65,310.65,2.00
444200.00,3920800.00,127.18011,309.90,309.90,2.00
444200.00,3920700.00,142.87008,309.28,309.28,2.00
444200.00,3920600.00,142.86943,308.90,308.90,2.00
444200.00,3920500.00,136.07359,308.77,308.77,2.00
444200.00,3920400.00,126.86368,309.00,309.00,2.00
444200.00,3920300.00,117.84853,308.60,308.60,2.00
444300.00,3922300.00,180.42857,323.52,323.52,2.00
444300.00,3922200.00,235.24905,323.45,323.45,2.00
444300.00,3922100.00,246.23107,323.87,323.87,2.00
444300.00,3922000.00,147.20713,323.25,323.25,2.00
444300.00,3921900.00,108.72751,322.00,322.00,2.00
444300.00,3921800.00,85.92436,321.95,321.95,2.00
444300.00,3921700.00,91.30362,321.07,321.07,2.00
444300.00,3921600.00,102.84162,319.62,319.62,2.00
444300.00,3921500.00,88.43607,319.18,319.18,2.00
444300.00,3921400.00,109.75333,317.23,317.23,2.00
444300.00,3921300.00,113.31353,315.00,315.00,2.00
444300.00,3921200.00,114.66734,313.90,313.90,2.00
444300.00,3921100.00,107.01353,311.12,311.12,2.00
444300.00,3921000.00,98.2439,309.09,309.09,2.00
444300.00,3920900.00,96.71813,308.65,308.65,2.00
444300.00,3920800.00,94.55649,308.81,308.81,2.00
444300.00,3920700.00,91.22123,309.54,309.54,2.00
444300.00,3920600.00,101.14434,308.12,308.12,2.00
444300.00,3920500.00,124.96164,309.98,309.98,2.00
444300.00,3920400.00,133.89381,310.78,310.78,2.00
444300.00,3920300.00,131.96894,309.72,309.72,2.00
444400.00,3922300.00,274.41322,322.37,322.37,2.00
444400.00,3922200.00,332.97116,321.30,321.30,2.00
444400.00,3922100.00,227.29292,322.05,322.05,2.00
444400.00,3922000.00,141.74894,320.55,320.55,2.00
444400.00,3921900.00,101.38583,321.82,321.82,2.00
444400.00,3921800.00,103.43769,320.55,320.55,2.00
444400.00,3921700.00,133.06336,317.44,317.44,2.00
444400.00,3921600.00,142.14508,314.42,314.42,2.00
444400.00,3921500.00,130.09893,314.87,314.87,2.00
444400.00,3921400.00,114.90228,315.10,315.10,2.00
444400.00,3921300.00,109.14352,314.92,314.92,2.00
444400.00,3921200.00,103.69048,313.42,313.42,2.00
444400.00,3921100.00,102.66432,312.06,312.06,2.00
444400.00,3921000.00,107.45282,310.08,310.08,2.00
444400.00,3920900.00,101.05935,310.92,310.92,2.00
444400.00,3920800.00,93.79652,309.98,309.98,2.00
444400.00,3920700.00,91.144,310.18,310.18,2.00
444400.00,3920600.00,89.68687,311.26,311.26,2.00
444400.00,3920500.00,85.79098,312.35,312.35,2.00
444400.00,3920400.00,82.289,313.42,313.42,2.00
444400.00,3920300.00,104.18445,312.95,312.95,2.00
444500.00,3922300.00,381.95193,317.55,317.55,2.00
444500.00,3922200.00,618.61134,316.25,316.25,2.00
444500.00,3922100.00,306.9844,317.22,317.22,2.00
444500.00,3922000.00,178.94467,317.65,317.65,2.00
444500.00,3921900.00,159.88753,316.73,316.73,2.00
444500.00,3921800.00,168.25667,316.89,316.89,2.00
444500.00,3921700.00,155.92973,314.74,314.74,2.00
444500.00,3921600.00,146.19533,313.42,313.42,2.00
444500.00,3921500.00,125.19356,314.40,314.40,2.00
444500.00,3921400.00,109.59675,315.35,315.35,2.00
444500.00,3921300.00,102.27738,315.74,315.74,2.00
444500.00,3921200.00,102.2917,315.94,315.94,2.00
444500.00,3921100.00,87.079,317.09,317.09,2.00
444500.00,3921000.00,98.06898,314.75,314.75,2.00
444500.00,3920900.00,96.64363,314.61,314.61,2.00
444500.00,3920800.00,100.7965,315.10,315.10,2.00
444500.00,3920700.00,95.66677,313.26,313.26,2.00
444500.00,3920600.00,89.60118,312.74,312.74,2.00
444500.00,3920500.00,87.09225,311.89,311.89,2.00
444500.00,3920400.00,87.23977,311.80,311.80,2.00
444500.00,3920300.00,96.37388,311.45,311.45,2.00
444600.00,3922300.00,316.89058,319.44,319.44,2.00
444600.00,3922200.00,342.74225,318.10,318.10,2.00
444600.00,3922100.00,174.67336,317.99,317.99,2.00
444600.00,3922000.00,181.35554,317.31,317.31,2.00
444600.00,3921900.00,159.18054,315.64,315.64,2.00
444600.00,3921800.00,169.22261,316.24,316.24,2.00
444600.00,3921700.00,128.14996,316.23,316.23,2.00
444600.00,3921600.00,123.53737,315.05,315.05,2.00
444600.00,3921500.00,121.58294,315.16,315.16,2.00
444600.00,3921400.00,102.46076,315.99,315.99,2.00
444600.00,3921300.00,96.43326,316.57,316.57,2.00
444600.00,3921200.00,91.52641,316.64,316.64,2.00
444600.00,3921100.00,85.1188,317.28,317.28,2.00
444600.00,3921000.00,87.49964,316.10,316.10,2.00
444600.00,3920900.00,84.55,316.00,316.00,2.00
444600.00,3920800.00,92.2278,315.81,315.81,2.00
444600.00,3920700.00,91.33272,313.94,313.94,2.00
444600.00,3920600.00,95.30423,313.38,313.38,2.00
444600.00,3920500.00,90.9906,312.53,312.53,2.00
444600.00,3920400.00,85.8798,311.90,311.90,2.00
444600.00,3920300.00,97.6617,310.49,310.49,2.00
444700.00,3922300.00,317.32093,320.71,320.71,2.00
444700.00,3922200.00,202.01871,322.24,322.24,2.00
444700.00,3922100.00,139.45695,319.70,319.70,2.00
444700.00,3922000.00,119.58954,320.52,320.52,2.00
444700.00,3921900.00,107.73866,320.15,320.15,2.00
444700.00,3921800.00,113.51539,319.40,319.40,2.00
444700.00,3921700.00,100.75216,317.82,317.82,2.00
444700.00,3921600.00,107.44769,316.64,316.64,2.00
444700.00,3921500.00,87.21617,318.24,318.24,2.00
444700.00,3921400.00,90.63736,317.73,317.73,2.00
444700.00,3921300.00,75.63524,318.91,318.91,2.00
444700.00,3921200.00,84.25188,316.99,316.99,2.00
444700.00,3921100.00,88.01522,316.85,316.85,2.00
444700.00,3921000.00,91.21179,315.22,315.22,2.00
444700.00,3920900.00,86.29797,313.19,313.19,2.00
444700.00,3920800.00,79.26768,314.02,314.02,2.00
444700.00,3920700.00,84.04977,312.88,312.88,2.00
444700.00,3920600.00,87.00232,312.55,312.55,2.00
444700.00,3920500.00,86.55251,313.32,313.32,2.00
444700.00,3920400.00,90.44849,311.20,311.20,2.00
444700.00,3920300.00,94.81796,310.01,310.01,2.00
443700.00,3921200.00,338.83618,314.92,314.92,2.00
443700.00,3921100.00,368.65873,314.33,314.33,2.00
443700.00,3921000.00,386.9476,315.70,315.70,2.00
443700.00,3920900.00,366.30549,315.79,315.79,2.00
443700.00,3920800.00,345.45766,313.07,313.07,2.00
443700.00,3920700.00,367.25454,312.71,312.71,2.00
443700.00,3920600.00,357.22751,313.57,313.57,2.00
443700.00,3920500.00,353.22186,312.95,312.95,2.00
443700.00,3920400.00,348.29094,312.36,312.36,2.00
443700.00,3920300.00,323.11943,311.87,311.87,2.00
443600.00,3921200.00,512.84811,314.96,314.96,2.00
443600.00,3921100.00,494.78425,314.97,314.97,2.00
443600.00,3921000.00,430.7693,314.39,314.39,2.00
443600.00,3920900.00,421.09526,314.09,314.09,2.00
443600.00,3920800.00,428.75549,312.49,312.49,2.00
443600.00,3920700.00,413.87643,311.24,311.24,2.00
443600.00,3920600.00,384.23386,311.95,311.95,2.00
443600.00,3920500.00,368.63407,311.28,311.28,2.00
443600.00,3920400.00,359.12965,310.32,310.32,2.00
443600.00,3920300.00,342.39988,310.05,310.05,2.00
443500.00,3921200.00,504.49542,316.61,316.61,2.00
443500.00,3921100.00,475.63173,316.01,316.01,2.00
443500.00,3921000.00,445.62408,314.92,314.92,2.00
443500.00,3920900.00,418.31456,312.16,312.16,2.00
443500.00,3920800.00,393.08362,312.89,312.89,2.00
443500.00,3920700.00,368.89941,312.16,312.16,2.00
443500.00,3920600.00,345.74226,312.56,312.56,2.00
443500.00,3920500.00,323.82402,311.47,311.47,2.00
443500.00,3920400.00,303.38074,308.58,308.58,2.00
443500.00,3920300.00,283.63706,305.83,305.83,2.00
443400.00,3921200.00,368.16456,316.55,316.55,2.00
443400.00,3921100.00,369.41447,316.74,316.74,2.00
443400.00,3921000.00,362.82345,315.98,315.98,2.00
443400.00,3920900.00,347.89243,314.22,314.22,2.00
443400.00,3920800.00,322.06273,313.82,313.82,2.00
443400.00,3920700.00,298.91295,312.68,312.68,2.00
443400.00,3920600.00,280.82932,311.93,311.93,2.00
443400.00,3920500.00,264.56315,310.62,310.62,2.00
443400.00,3920400.00,249.40154,307.90,307.90,2.00
443400.00,3920300.00,234.67751,306.81,306.81,2.00
443300.00,3921200.00,301.74844,314.54,314.54,2.00
443300.00,3921100.00,301.01098,314.25,314.25,2.00
443300.00,3921000.00,289.55078,315.44,315.44,2.00
443300.00,3920900.00,286.7856,315.86,315.86,2.00
443300.00,3920800.00,319.54698,313.36,313.36,2.00
443300.00,3920700.00,294.97345,312.47,312.47,2.00
443300.00,3920600.00,289.45514,311.50,311.50,2.00
443300.00,3920500.00,274.01099,311.41,311.41,2.00
443300.00,3920400.00,249.81862,309.49,309.49,2.00
443300.00,3920300.00,278.98626,309.02,309.02,2.00
443200.00,3921200.00,332.58445,314.21,314.21,2.00
443200.00,3921100.00,301.38925,315.62,315.62,2.00
443200.00,3921000.00,283.15034,315.88,315.88,2.00
443200.00,3920900.00,262.10384,315.08,315.08,2.00
443200.00,3920800.00,253.53529,313.88,313.88,2.00
443200.00,3920700.00,254.10014,313.33,313.33,2.00
443200.00,3920600.00,283.16338,311.91,311.91,2.00
443200.00,3920500.00,266.45703,311.88,311.88,2.00
443200.00,3920400.00,257.1215,311.62,311.62,2.00
443200.00,3920300.00,244.02443,311.62,311.62,2.00
443100.00,3921200.00,319.85258,315.13,315.13,2.00
443100.00,3921100.00,312.16578,315.08,315.08,2.00
443100.00,3921000.00,289.72934,315.51,315.51,2.00
443100.00,3920900.00,287.06894,313.86,313.86,2.00
443100.00,3920800.00,254.23314,312.64,312.64,2.00
443100.00,3920700.00,245.38341,312.31,312.31,2.00
443100.00,3920600.00,226.50552,312.55,312.55,2.00
443100.00,3920500.00,233.69047,310.76,310.76,2.00
443100.00,3920400.00,247.36964,311.32,311.32,2.00
443100.00,3920300.00,296.32894,311.22,311.22,2.00
443000.00,3921200.00,321.54265,315.13,315.13,2.00
443000.00,3921100.00,290.55877,313.18,313.18,2.00
443000.00,3921000.00,284.38421,312.92,312.92,2.00
443000.00,3920900.00,263.40805,312.69,312.69,2.00
443000.00,3920800.00,274.07596,310.35,310.35,2.00
443000.00,3920700.00,255.09294,307.84,307.84,2.00
443000.00,3920600.00,247.03415,308.40,308.40,2.00
443000.00,3920500.00,220.07893,309.78,309.78,2.00
443000.00,3920400.00,286.44724,310.55,310.55,2.00
443000.00,3920300.00,232.3766,311.20,311.20,2.00
442900.00,3921200.00,320.43892,314.24,314.24,2.00
442900.00,3921100.00,278.19001,312.32,312.32,2.00
442900.00,3921000.00,276.04035,308.62,308.62,2.00
442900.00,3920900.00,259.65501,310.25,310.25,2.00
442900.00,3920800.00,257.34784,310.11,310.11,2.00
442900.00,3920700.00,221.54039,309.44,309.44,2.00
442900.00,3920600.00,245.86643,307.39,307.39,2.00
442900.00,3920500.00,246.85775,309.19,309.19,2.00
442900.00,3920400.00,294.23071,310.62,310.62,2.00
442900.00,3920300.00,214.12616,312.00,312.00,2.00
442800.00,3921200.00,350.06925,315.89,315.89,2.00
442800.00,3921100.00,286.57952,314.25,314.25,2.00
442800.00,3921000.00,266.41314,309.99,309.99,2.00
442800.00,3920900.00,250.57942,310.13,310.13,2.00
442800.00,3920800.00,236.54932,311.05,311.05,2.00
442800.00,3920700.00,214.91407,306.75,306.75,2.00
442800.00,3920600.00,234.72583,307.12,307.12,2.00
442800.00,3920500.00,349.40142,309.24,309.24,2.00
442800.00,3920400.00,221.34928,309.87,309.87,2.00
442800.00,3920300.00,226.81531,309.87,309.87,2.00
442700.00,3921200.00,356.90692,315.95,315.95,2.00
442700.00,3921100.00,304.60453,315.02,315.02,2.00
442700.00,3921000.00,259.13986,311.43,311.43,2.00
442700.00,3920900.00,265.2765,310.00,310.00,2.00
442700.00,3920800.00,224.53608,309.95,309.95,2.00
442700.00,3920700.00,231.62868,309.01,309.01,2.00
442700.00,3920600.00,230.75737,307.18,307.18,2.00
442700.00,3920500.00,433.83925,308.18,308.18,2.00
442700.00,3920400.00,223.70445,309.00,309.00,2.00
442700.00,3920300.00,228.06221,308.43,308.43,2.00
442600.00,3921200.00,402.6542,314.23,314.23,2.00
442600.00,3921100.00,311.12487,314.17,314.17,2.00
442600.00,3921000.00,278.46076,314.53,314.53,2.00
442600.00,3920900.00,239.55378,312.67,312.67,2.00
442600.00,3920800.00,251.29655,312.29,312.29,2.00
442600.00,3920700.00,223.27539,309.72,309.72,2.00
442600.00,3920600.00,357.57241,308.50,308.50,2.00
442600.00,3920500.00,236.85859,309.67,309.67,2.00
442600.00,3920400.00,213.5481,308.48,308.48,2.00
442600.00,3920300.00,216.67839,307.17,307.17,2.00
442500.00,3921200.00,478.6733,312.85,312.85,2.00
442500.00,3921100.00,334.13692,312.53,312.53,2.00
442500.00,3921000.00,285.49567,313.64,313.64,2.00
442500.00,3920900.00,246.75767,312.68,312.68,2.00
442500.00,3920800.00,229.03472,310.91,310.91,2.00
442500.00,3920700.00,258.74482,307.97,307.97,2.00
442500.00,3920600.00,413.68542,308.36,308.36,2.00
442500.00,3920500.00,213.87475,310.32,310.32,2.00
442500.00,3920400.00,218.11467,309.28,309.28,2.00
442500.00,3920300.00,216.99415,306.38,306.38,2.00
442400.00,3921200.00,749.41725,313.41,313.41,2.00
442400.00,3921100.00,365.02826,310.97,310.97,2.00
442400.00,3921000.00,293.55467,311.96,311.96,2.00
442400.00,3920900.00,249.66036,311.21,311.21,2.00
442400.00,3920800.00,229.46483,309.65,309.65,2.00
442400.00,3920700.00,237.35608,310.00,310.00,2.00
442400.00,3920600.00,286.25952,309.59,309.59,2.00
442400.00,3920500.00,228.96932,309.00,309.00,2.00
442400.00,3920400.00,198.58238,308.52,308.52,2.00
442400.00,3920300.00,204.11834,309.37,309.37,2.00
442300.00,3921200.00,933.41009,313.16,313.16,2.00
442300.00,3921100.00,458.40426,311.19,311.19,2.00
442300.00,3921000.00,311.88308,310.32,310.32,2.00
442300.00,3920900.00,260.62608,309.22,309.22,2.00
442300.00,3920800.00,233.41038,308.28,308.28,2.00
442300.00,3920700.00,490.65111,308.97,308.97,2.00
442300.00,3920600.00,241.73658,310.22,310.22,2.00
442300.00,3920500.00,239.43692,310.13,310.13,2.00
442300.00,3920400.00,229.97537,308.59,308.59,2.00
442300.00,3920300.00,201.36559,309.23,309.23,2.00
442200.00,3921200.00,667.38307,313.18,313.18,2.00
442200.00,3921100.00,671.55873,312.00,312.00,2.00
442200.00,3921000.00,378.79905,311.82,311.82,2.00
442200.00,3920900.00,278.06411,309.88,309.88,2.00
442200.00,3920800.00,302.7662,308.80,308.80,2.00
442200.00,3920700.00,284.30107,308.88,308.88,2.00
442200.00,3920600.00,243.87088,309.04,309.04,2.00
442200.00,3920500.00,224.22582,308.46,308.46,2.00
442200.00,3920400.00,219.40109,307.87,307.87,2.00
442200.00,3920300.00,220.56206,308.55,308.55,2.00
442100.00,3921200.00,529.34402,314.41,314.41,2.00
442100.00,3921100.00,1307.66212,311.54,311.54,2.00
442100.00,3921000.00,460.38645,311.02,311.02,2.00
442100.00,3920900.00,316.40048,309.57,309.57,2.00
442100.00,3920800.00,567.35232,307.11,307.11,2.00
442100.00,3920700.00,270.28077,307.96,307.96,2.00
442100.00,3920600.00,241.85963,309.08,309.08,2.00
442100.00,3920500.00,227.33741,307.57,307.57,2.00
442100.00,3920400.00,202.16496,306.00,306.00,2.00
442100.00,3920300.00,193.91902,306.93,306.93,2.00
442000.00,3921200.00,312.44312,311.01,311.01,2.00
442000.00,3921100.00,916.70603,309.52,309.52,2.00
442000.00,3921000.00,685.59982,311.49,311.49,2.00
442000.00,3920900.00,377.13177,311.16,311.16,2.00
442000.00,3920800.00,303.65856,310.58,310.58,2.00
442000.00,3920700.00,260.20686,309.78,309.78,2.00
442000.00,3920600.00,247.96441,308.25,308.25,2.00
442000.00,3920500.00,230.66574,307.36,307.36,2.00
442000.00,3920400.00,214.18,307.42,307.42,2.00
442000.00,3920300.00,202.25366,307.81,307.81,2.00
441900.00,3921200.00,259.05743,308.53,308.53,2.00
441900.00,3921100.00,480.85021,307.33,307.33,2.00
441900.00,3921000.00,1087.85854,311.87,311.87,2.00
441900.00,3920900.00,505.271,312.59,312.59,2.00
441900.00,3920800.00,373.11083,311.05,311.05,2.00
441900.00,3920700.00,284.63442,309.28,309.28,2.00
441900.00,3920600.00,243.50283,308.60,308.60,2.00
441900.00,3920500.00,231.65547,306.44,306.44,2.00
441900.00,3920400.00,216.29922,307.18,307.18,2.00
441900.00,3920300.00,202.76488,307.30,307.30,2.00
441800.00,3921200.00,227.83492,311.52,311.52,2.00
441800.00,3921100.00,357.4621,309.44,309.44,2.00
441800.00,3921000.00,1166.43433,310.14,310.14,2.00
441800.00,3920900.00,642.77865,309.69,309.69,2.00
441800.00,3920800.00,404.53254,309.43,309.43,2.00
441800.00,3920700.00,306.81759,307.31,307.31,2.00
441800.00,3920600.00,270.49396,306.09,306.09,2.00
441800.00,3920500.00,238.90223,305.47,305.47,2.00
441800.00,3920400.00,212.35325,306.01,306.01,2.00
441800.00,3920300.00,202.56281,306.90,306.90,2.00
441700.00,3921200.00,198.34492,310.29,310.29,2.00
441700.00,3921100.00,293.18209,310.13,310.13,2.00
441700.00,3921000.00,651.32924,312.62,312.62,2.00
441700.00,3920900.00,1013.26538,311.62,311.62,2.00
441700.00,3920800.00,529.23171,310.12,310.12,2.00
441700.00,3920700.00,343.25978,307.09,307.09,2.00
441700.00,3920600.00,278.69375,304.81,304.81,2.00
441700.00,3920500.00,247.05258,305.51,305.51,2.00
441700.00,3920400.00,224.88137,305.46,305.46,2.00
441700.00,3920300.00,202.88536,305.57,305.57,2.00
442600.00,3921300.00,793.62621,313.90,313.90,2.00
442600.00,3921400.00,404.31221,316.30,316.30,2.00
442600.00,3921500.00,194.59111,317.08,317.08,2.00
442600.00,3921600.00,150.33531,317.00,317.00,2.00
442600.00,3921700.00,121.85798,317.06,317.06,2.00
442600.00,3921800.00,103.98386,317.04,317.04,2.00
442600.00,3921900.00,99.3417,317.00,317.00,2.00
442600.00,3922000.00,85.95088,317.82,317.82,2.00
442600.00,3922100.00,80.80166,318.85,318.85,2.00
442600.00,3922200.00,74.8993,320.83,320.83,2.00
442600.00,3922300.00,72.89146,322.06,322.06,2.00
442600.00,3922400.00,68.22076,322.95,322.95,2.00
442600.00,3922500.00,63.44247,322.36,322.36,2.00
442600.00,3922600.00,79.86564,319.32,319.32,2.00
442600.00,3922700.00,76.59369,321.02,321.02,2.00
442600.00,3922800.00,69.76417,322.20,322.20,2.00
442600.00,3922900.00,90.88703,320.06,320.06,2.00
442600.00,3923000.00,89.02481,320.72,320.72,2.00
442600.00,3923100.00,85.73964,323.32,323.32,2.00
442600.00,3923200.00,103.55885,324.73,324.73,2.00
442600.00,3923300.00,112.14099,325.79,325.79,2.00
442500.00,3921300.00,948.00684,312.15,312.15,2.00
442500.00,3921400.00,314.27868,316.00,316.00,2.00
442500.00,3921500.00,205.55997,315.73,315.73,2.00
442500.00,3921600.00,154.3779,315.20,315.20,2.00
442500.00,3921700.00,129.81222,315.60,315.60,2.00
442500.00,3921800.00,107.74061,316.58,316.58,2.00
442500.00,3921900.00,89.38307,317.51,317.51,2.00
442500.00,3922000.00,86.67569,317.19,317.19,2.00
442500.00,3922100.00,86.09461,316.77,316.77,2.00
442500.00,3922200.00,74.02352,318.34,318.34,2.00
442500.00,3922300.00,69.91376,319.22,319.22,2.00
442500.00,3922400.00,62.49178,321.75,321.75,2.00
442500.00,3922500.00,63.12435,321.91,321.91,2.00
442500.00,3922600.00,69.25973,321.46,321.46,2.00
442500.00,3922700.00,75.25392,321.17,321.17,2.00
442500.00,3922800.00,75.47794,320.83,320.83,2.00
442500.00,3922900.00,70.87899,322.44,322.44,2.00
442500.00,3923000.00,76.62026,323.16,323.16,2.00
442500.00,3923100.00,84.97792,323.45,323.45,2.00
442500.00,3923200.00,95.25209,323.66,323.66,2.00
442500.00,3923300.00,102.84285,324.47,324.47,2.00
442400.00,3921300.00,546.77833,313.00,313.00,2.00
442400.00,3921400.00,273.38457,315.49,315.49,2.00
442400.00,3921500.00,186.73929,315.48,315.48,2.00
442400.00,3921600.00,151.35569,315.91,315.91,2.00
442400.00,3921700.00,119.85456,316.53,316.53,2.00
442400.00,3921800.00,103.60226,316.81,316.81,2.00
442400.00,3921900.00,92.1659,317.00,317.00,2.00
442400.00,3922000.00,81.22785,317.41,317.41,2.00
442400.00,3922100.00,71.00241,318.74,318.74,2.00
442400.00,3922200.00,69.22548,318.34,318.34,2.00
442400.00,3922300.00,75.66115,316.44,316.44,2.00
442400.00,3922400.00,70.99387,319.92,319.92,2.00
442400.00,3922500.00,66.76201,321.19,321.19,2.00
442400.00,3922600.00,71.58973,320.27,320.27,2.00
442400.00,3922700.00,74.28328,320.71,320.71,2.00
442400.00,3922800.00,74.52,321.03,321.03,2.00
442400.00,3922900.00,70.36787,323.48,323.48,2.00
442400.00,3923000.00,76.19192,321.60,321.60,2.00
442400.00,3923100.00,83.93649,320.11,320.11,2.00
442400.00,3923200.00,91.47108,321.78,321.78,2.00
442400.00,3923300.00,94.8593,323.14,323.14,2.00
442300.00,3921300.00,376.37037,312.78,312.78,2.00
442300.00,3921400.00,238.51872,313.31,313.31,2.00
442300.00,3921500.00,173.22422,315.57,315.57,2.00
442300.00,3921600.00,140.45087,315.12,315.12,2.00
442300.00,3921700.00,116.85041,315.29,315.29,2.00
442300.00,3921800.00,102.85891,315.27,315.27,2.00
442300.00,3921900.00,96.10868,315.82,315.82,2.00
442300.00,3922000.00,88.80355,316.21,316.21,2.00
442300.00,3922100.00,71.32459,317.76,317.76,2.00
442300.00,3922200.00,66.28242,317.92,317.92,2.00
442300.00,3922300.00,70.33328,316.93,316.93,2.00
442300.00,3922400.00,64.98203,317.93,317.93,2.00
442300.00,3922500.00,70.8151,316.11,316.11,2.00
442300.00,3922600.00,67.53099,319.37,319.37,2.00
442300.00,3922700.00,63.33245,317.45,317.45,2.00
442300.00,3922800.00,72.26313,319.60,319.60,2.00
442300.00,3922900.00,70.13316,321.17,321.17,2.00
442300.00,3923000.00,75.77681,320.58,320.58,2.00
442300.00,3923100.00,82.81562,320.35,320.35,2.00
442300.00,3923200.00,87.93948,321.43,321.43,2.00
442300.00,3923300.00,90.98238,322.01,322.01,2.00
442200.00,3921300.00,285.96655,312.02,312.02,2.00
442200.00,3921400.00,205.94556,312.78,312.78,2.00
442200.00,3921500.00,163.6473,314.84,314.84,2.00
442200.00,3921600.00,131.69241,314.24,314.24,2.00
442200.00,3921700.00,114.22325,313.49,313.49,2.00
442200.00,3921800.00,105.59116,312.71,312.71,2.00
442200.00,3921900.00,91.96871,315.22,315.22,2.00
442200.00,3922000.00,84.1042,316.42,316.42,2.00
442200.00,3922100.00,78.93553,316.68,316.68,2.00
442200.00,3922200.00,72.54526,317.17,317.17,2.00
442200.00,3922300.00,68.52989,318.28,318.28,2.00
442200.00,3922400.00,83.10682,314.01,314.01,2.00
442200.00,3922500.00,78.9845,314.55,314.55,2.00
442200.00,3922600.00,62.61922,316.98,316.98,2.00
442200.00,3922700.00,62.64805,318.97,318.97,2.00
442200.00,3922800.00,70.62151,319.89,319.89,2.00
442200.00,3922900.00,69.5868,319.31,319.31,2.00
442200.00,3923000.00,74.99611,320.41,320.41,2.00
442200.00,3923100.00,80.17794,322.22,322.22,2.00
442200.00,3923200.00,85.71268,323.01,323.01,2.00
442200.00,3923300.00,87.46261,321.74,321.74,2.00
442100.00,3921300.00,252.3965,312.61,312.61,2.00
442100.00,3921400.00,196.28619,313.59,313.59,2.00
442100.00,3921500.00,156.10151,314.30,314.30,2.00
442100.00,3921600.00,128.84613,314.99,314.99,2.00
442100.00,3921700.00,108.71267,313.82,313.82,2.00
442100.00,3921800.00,113.07559,311.94,311.94,2.00
442100.00,3921900.00,89.56743,315.00,315.00,2.00
442100.00,3922000.00,82.04242,317.00,317.00,2.00
442100.00,3922100.00,80.37544,316.20,316.20,2.00
442100.00,3922200.00,73.67098,316.81,316.81,2.00
442100.00,3922300.00,67.42178,317.09,317.09,2.00
442100.00,3922400.00,75.44063,314.60,314.60,2.00
442100.00,3922500.00,68.64619,315.64,315.64,2.00
442100.00,3922600.00,61.69643,316.66,316.66,2.00
442100.00,3922700.00,62.14764,319.12,319.12,2.00
442100.00,3922800.00,66.13894,319.88,319.88,2.00
442100.00,3922900.00,69.43293,318.54,318.54,2.00
442100.00,3923000.00,74.14429,319.29,319.29,2.00
442100.00,3923100.00,77.71128,320.15,320.15,2.00
442100.00,3923200.00,82.83156,321.40,321.40,2.00
442100.00,3923300.00,84.16836,321.00,321.00,2.00
442000.00,3921300.00,231.39341,313.14,313.14,2.00
442000.00,3921400.00,187.40463,314.17,314.17,2.00
442000.00,3921500.00,147.51925,314.68,314.68,2.00
442000.00,3921600.00,124.19025,314.62,314.62,2.00
442000.00,3921700.00,106.00998,314.45,314.45,2.00
442000.00,3921800.00,102.45742,312.73,312.73,2.00
442000.00,3921900.00,87.59082,314.03,314.03,2.00
442000.00,3922000.00,80.26438,314.71,314.71,2.00
442000.00,3922100.00,78.62054,314.32,314.32,2.00
442000.00,3922200.00,76.06459,314.28,314.28,2.00
442000.00,3922300.00,71.808,316.17,316.17,2.00
442000.00,3922400.00,64.08098,317.64,317.64,2.00
442000.00,3922500.00,60.1912,317.90,317.90,2.00
442000.00,3922600.00,59.19551,318.65,318.65,2.00
442000.00,3922700.00,61.69988,317.86,317.86,2.00
442000.00,3922800.00,64.91313,318.23,318.23,2.00
442000.00,3922900.00,68.55823,319.47,319.47,2.00
442000.00,3923000.00,72.61681,319.00,319.00,2.00
442000.00,3923100.00,77.46217,317.91,317.91,2.00
442000.00,3923200.00,80.11731,319.21,319.21,2.00
442000.00,3923300.00,81.08581,320.02,320.02,2.00
441900.00,3921300.00,184.6971,311.22,311.22,2.00
441900.00,3921400.00,161.96738,312.70,312.70,2.00
441900.00,3921500.00,133.80862,312.84,312.84,2.00
441900.00,3921600.00,115.31298,312.78,312.78,2.00
441900.00,3921700.00,104.85004,313.32,313.32,2.00
441900.00,3921800.00,94.9286,313.72,313.72,2.00
441900.00,3921900.00,94.97256,312.92,312.92,2.00
441900.00,3922000.00,91.61899,312.74,312.74,2.00
441900.00,3922100.00,78.33651,314.26,314.26,2.00
441900.00,3922200.00,77.54265,313.76,313.76,2.00
441900.00,3922300.00,71.28423,314.93,314.93,2.00
441900.00,3922400.00,63.12492,317.14,317.14,2.00
441900.00,3922500.00,71.03823,315.70,315.70,2.00
441900.00,3922600.00,63.41106,316.68,316.68,2.00
441900.00,3922700.00,61.67694,316.77,316.77,2.00
441900.00,3922800.00,64.55019,316.85,316.85,2.00
441900.00,3922900.00,68.10818,316.89,316.89,2.00
441900.00,3923000.00,71.81778,317.93,317.93,2.00
441900.00,3923100.00,75.9775,318.84,318.84,2.00
441900.00,3923200.00,77.01248,319.23,319.23,2.00
441900.00,3923300.00,78.16248,319.10,319.10,2.00
441800.00,3921300.00,164.24406,310.12,310.12,2.00
441800.00,3921400.00,145.16309,310.41,310.41,2.00
441800.00,3921500.00,127.93562,311.84,311.84,2.00
441800.00,3921600.00,120.19977,311.99,311.99,2.00
441800.00,3921700.00,101.95798,312.75,312.75,2.00
441800.00,3921800.00,93.98446,313.91,313.91,2.00
441800.00,3921900.00,85.26399,314.14,314.14,2.00
441800.00,3922000.00,93.97825,312.12,312.12,2.00
441800.00,3922100.00,91.35463,311.51,311.51,2.00
441800.00,3922200.00,84.92586,312.36,312.36,2.00
441800.00,3922300.00,68.93922,314.86,314.86,2.00
441800.00,3922400.00,67.40483,315.06,315.06,2.00
441800.00,3922500.00,67.17858,315.90,315.90,2.00
441800.00,3922600.00,58.33282,318.10,318.10,2.00
441800.00,3922700.00,63.48194,316.55,316.55,2.00
441800.00,3922800.00,63.22085,317.31,317.31,2.00
441800.00,3922900.00,67.22615,318.02,318.02,2.00
441800.00,3923000.00,70.81964,317.51,317.51,2.00
441800.00,3923100.00,73.73435,317.58,317.58,2.00
441800.00,3923200.00,74.08931,317.81,317.81,2.00
441800.00,3923300.00,75.38163,318.30,318.30,2.00
441700.00,3921300.00,155.7786,311.11,311.11,2.00
441700.00,3921400.00,146.70933,310.55,310.55,2.00
441700.00,3921500.00,126.14357,313.20,313.20,2.00
441700.00,3921600.00,113.23256,314.21,314.21,2.00
441700.00,3921700.00,98.68868,313.46,313.46,2.00
441700.00,3921800.00,91.81093,313.74,313.74,2.00
441700.00,3921900.00,89.63573,313.02,313.02,2.00
441700.00,3922000.00,86.61712,312.99,312.99,2.00
441700.00,3922100.00,87.06492,310.15,310.15,2.00
441700.00,3922200.00,83.28464,312.44,312.44,2.00
441700.00,3922300.00,74.25181,314.09,314.09,2.00
441700.00,3922400.00,64.19813,316.85,316.85,2.00
441700.00,3922500.00,64.84742,316.50,316.50,2.00
441700.00,3922600.00,71.91122,312.41,312.41,2.00
441700.00,3922700.00,61.33404,314.62,314.62,2.00
441700.00,3922800.00,63.18782,316.28,316.28,2.00
441700.00,3922900.00,65.95864,317.75,317.75,2.00
441700.00,3923000.00,69.0323,316.59,316.59,2.00
441700.00,3923100.00,71.70261,316.63,316.63,2.00
441700.00,3923200.00,72.18649,318.29,318.29,2.00
441700.00,3923300.00,72.74939,317.53,317.53,2.00
441700.00,3923550.00,51.90693,318.47,318.47,2.00
441700.00,3923800.00,69.70149,319.83,319.83,2.00
441700.00,3924050.00,61.2631,321.50,321.50,2.00
441700.00,3924300.00,61.24069,319.26,319.26,2.00
441700.00,3924550.00,68.45636,322.67,322.67,2.00
441700.00,3924800.00,67.7006,321.95,321.95,2.00
441950.00,3923550.00,74.13521,321.17,321.17,2.00
441950.00,3923800.00,73.1987,321.91,321.91,2.00
441950.00,3924050.00,66.677,321.73,321.73,2.00
441950.00,3924300.00,66.59696,321.56,321.56,2.00
441950.00,3924550.00,84.13203,324.08,324.08,2.00
441950.00,3924800.00,75.67689,328.50,328.50,2.00
442200.00,3923550.00,93.06454,322.33,322.33,2.00
442200.00,3923800.00,75.7441,322.62,326.00,2.00
442200.00,3924050.00,79.3507,322.93,322.93,2.00
442200.00,3924300.00,85.13386,323.05,323.05,2.00
442200.00,3924550.00,79.15145,326.61,326.61,2.00
442200.00,3924800.00,77.9312,330.93,330.93,2.00
442450.00,3923550.00,111.56206,324.00,324.00,2.00
442450.00,3923800.00,88.12054,323.41,323.41,2.00
442450.00,3924050.00,123.24586,326.13,326.13,2.00
442450.00,3924300.00,87.79819,328.32,328.32,2.00
442450.00,3924550.00,120.24956,329.00,329.00,2.00
442450.00,3924800.00,119.30206,329.31,329.31,2.00
442700.00,3923550.00,127.97562,326.02,326.02,2.00
442700.00,3923800.00,101.00738,329.41,329.41,2.00
442700.00,3924050.00,120.3399,329.30,329.30,2.00
442700.00,3924300.00,129.10752,329.70,329.70,2.00
442700.00,3924550.00,134.0619,329.94,329.94,2.00
442700.00,3924800.00,121.44567,331.47,331.47,2.00
442950.00,3923550.00,128.67018,329.76,329.76,2.00
442950.00,3923800.00,147.10752,330.24,330.24,2.00
442950.00,3924050.00,146.96281,332.91,332.91,2.00
442950.00,3924300.00,136.45659,333.51,333.51,2.00
442950.00,3924550.00,184.66452,331.73,331.73,2.00
442950.00,3924800.00,106.00837,334.97,334.97,2.00
443200.00,3923550.00,329.26015,329.42,329.42,2.00
443200.00,3923800.00,258.36242,331.31,331.31,2.00
443200.00,3924050.00,146.64152,332.54,332.54,2.00
443200.00,3924300.00,103.51483,336.12,336.12,2.00
443200.00,3924550.00,80.53434,335.88,335.88,2.00
443200.00,3924800.00,70.92899,338.57,338.57,2.00
443450.00,3923550.00,120.63501,332.61,332.61,2.00
443450.00,3923800.00,81.255,335.15,335.15,2.00
443450.00,3924050.00,80.54489,334.85,334.85,2.00
443450.00,3924300.00,59.38884,337.00,337.00,2.00
443450.00,3924550.00,50.29914,337.38,337.38,2.00
443450.00,3924800.00,41.08905,339.11,339.11,2.00
443700.00,3923550.00,83.70117,331.70,331.70,2.00
443700.00,3923800.00,68.38591,333.52,333.52,2.00
443700.00,3924050.00,50.93402,335.55,335.55,2.00
443700.00,3924300.00,39.70813,337.84,337.84,2.00
443700.00,3924550.00,28.80266,341.76,341.76,2.00
443700.00,3924800.00,31.15978,341.32,341.32,2.00
443950.00,3923550.00,61.13339,333.42,333.42,2.00
443950.00,3923800.00,41.52798,336.25,336.25,2.00
443950.00,3924050.00,30.22841,338.78,338.78,2.00
443950.00,3924300.00,28.63581,340.07,340.07,2.00
443950.00,3924550.00,32.59583,341.03,341.03,2.00
443950.00,3924800.00,26.39917,342.60,342.60,2.00
444200.00,3923550.00,48.79276,333.07,333.07,2.00
444200.00,3923800.00,40.74406,337.26,337.26,2.00
444200.00,3924050.00,40.24881,339.86,339.86,2.00
444200.00,3924300.00,32.52117,341.69,341.69,2.00
444200.00,3924550.00,33.11235,340.52,340.52,2.00
444200.00,3924800.00,24.19102,341.99,341.99,2.00
444450.00,3923550.00,64.73368,329.76,329.76,2.00
444450.00,3923800.00,38.6164,335.18,335.18,2.00
444450.00,3924050.00,24.39048,337.80,337.80,2.00
444450.00,3924300.00,25.41736,340.00,340.00,2.00
444450.00,3924550.00,19.25071,341.98,341.98,2.00
444450.00,3924800.00,31.75713,344.32,344.32,2.00
444700.00,3923550.00,51.95591,332.76,332.76,2.00
444700.00,3923800.00,39.85958,333.48,333.48,2.00
444700.00,3924050.00,39.30271,334.45,334.45,2.00
444700.00,3924300.00,19.92113,339.54,339.54,2.00
444700.00,3924550.00,18.06977,340.39,340.39,2.00
444700.00,3924800.00,22.37348,343.80,343.80,2.00
444950.00,3923550.00,47.97635,333.97,333.97,2.00
444950.00,3923800.00,23.29526,338.38,338.38,2.00
444950.00,3924050.00,27.96008,337.30,337.30,2.00
444950.00,3924300.00,16.87613,341.40,341.40,2.00
444950.00,3924550.00,15.26357,342.00,342.00,2.00
444950.00,3924800.00,12.47079,344.72,344.72,2.00
445200.00,3923550.00,44.42314,334.34,334.34,2.00
445200.00,3923800.00,24.14135,337.35,337.35,2.00
445200.00,3924050.00,21.08041,339.47,339.47,2.00
445200.00,3924300.00,19.45099,340.95,340.95,2.00
445200.00,3924550.00,16.82821,343.52,343.52,2.00
445200.00,3924800.00,12.74133,348.12,348.12,2.00
445450.00,3923550.00,40.34634,333.51,333.51,2.00
445450.00,3923800.00,27.25644,335.44,335.44,2.00
445450.00,3924050.00,26.26298,337.50,337.50,2.00
445450.00,3924300.00,22.35529,338.78,338.78,2.00
445450.00,3924550.00,19.24958,340.49,340.49,2.00
445450.00,3924800.00,16.77323,348.11,348.11,2.00
445700.00,3923550.00,53.37252,332.71,332.71,2.00
445700.00,3923800.00,33.11585,335.59,335.59,2.00
445700.00,3924050.00,20.95001,337.08,337.08,2.00
445700.00,3924300.00,23.51411,338.61,338.61,2.00
445700.00,3924550.00,20.41885,341.59,341.59,2.00
445700.00,3924800.00,19.07002,345.06,345.06,2.00
445950.00,3923550.00,36.70874,332.25,332.25,2.00
445950.00,3923800.00,41.81588,336.35,336.35,2.00
445950.00,3924050.00,28.73624,336.14,336.14,2.00
445950.00,3924300.00,20.36087,339.47,339.47,2.00
445950.00,3924550.00,17.5605,342.38,342.38,2.00
445950.00,3924800.00,20.04059,342.88,342.88,2.00
446200.00,3923550.00,46.51362,333.94,333.94,2.00
446200.00,3923800.00,32.77765,335.76,335.76,2.00
446200.00,3924050.00,33.36363,338.51,338.51,2.00
446200.00,3924300.00,20.56501,341.69,341.69,2.00
446200.00,3924550.00,19.7834,343.09,343.09,2.00
446200.00,3924800.00,16.83947,345.16,345.16,2.00
444950.00,3923300.00,79.95178,332.12,332.12,2.00
444950.00,3923050.00,74.30046,331.48,331.48,2.00
444950.00,3922800.00,79.47885,328.38,328.38,2.00
444950.00,3922550.00,138.61672,326.66,326.66,2.00
444950.00,3922300.00,149.94816,324.89,324.89,2.00
444950.00,3922050.00,97.31706,321.47,321.47,2.00
444950.00,3921800.00,89.61475,319.87,319.87,2.00
444950.00,3921550.00,87.93962,318.27,318.27,2.00
444950.00,3921300.00,78.33178,318.27,318.27,2.00
444950.00,3921050.00,76.98094,317.51,317.51,2.00
444950.00,3920800.00,68.23823,315.69,315.69,2.00
444950.00,3920550.00,69.55671,314.09,314.09,2.00
444950.00,3920300.00,82.98865,310.99,310.99,2.00
444950.00,3920050.00,82.60992,311.94,311.94,2.00
444950.00,3919800.00,89.06456,311.71,311.71,2.00
444950.00,3919550.00,85.48464,309.53,309.53,2.00
444950.00,3919300.00,131.08292,309.44,309.44,2.00
444950.00,3919050.00,87.22943,305.79,305.79,2.00
444950.00,3918800.00,93.03971,304.83,304.83,2.00
445200.00,3923300.00,69.00918,332.64,332.64,2.00
445200.00,3923050.00,57.86703,330.91,330.91,2.00
445200.00,3922800.00,80.51961,327.35,327.35,2.00
445200.00,3922550.00,137.98156,326.78,326.78,2.00
445200.00,3922300.00,91.25956,324.10,324.10,2.00
445200.00,3922050.00,64.39164,323.57,323.57,2.00
445200.00,3921800.00,73.57001,320.23,320.23,2.00
445200.00,3921550.00,74.15741,319.50,319.50,2.00
445200.00,3921300.00,65.17397,319.46,319.46,2.00
445200.00,3921050.00,72.03336,317.54,317.54,2.00
445200.00,3920800.00,64.70055,316.58,316.58,2.00
445200.00,3920550.00,57.00951,315.68,315.68,2.00
445200.00,3920300.00,66.33052,313.15,313.15,2.00
445200.00,3920050.00,78.40655,311.92,311.92,2.00
445200.00,3919800.00,68.00202,312.72,312.72,2.00
445200.00,3919550.00,93.80995,312.08,312.08,2.00
445200.00,3919300.00,133.22774,309.72,309.72,2.00
445200.00,3919050.00,88.31566,309.30,309.30,2.00
445200.00,3918800.00,75.7007,309.22,309.22,2.00
445450.00,3923300.00,61.59026,332.97,332.97,2.00
445450.00,3923050.00,65.66956,328.64,328.64,2.00
445450.00,3922800.00,97.77314,327.60,327.60,2.00
445450.00,3922550.00,113.97886,326.12,326.12,2.00
445450.00,3922300.00,91.06883,321.71,321.71,2.00
445450.00,3922050.00,71.50954,322.60,322.60,2.00
445450.00,3921800.00,66.86346,321.49,321.49,2.00
445450.00,3921550.00,71.36949,320.57,320.57,2.00
445450.00,3921300.00,62.77731,319.40,319.40,2.00
445450.00,3921050.00,61.71551,318.79,318.79,2.00
445450.00,3920800.00,71.8713,313.81,313.81,2.00
445450.00,3920550.00,54.30971,317.88,317.88,2.00
445450.00,3920300.00,50.87955,315.91,315.91,2.00
445450.00,3920050.00,66.07137,314.25,314.25,2.00
445450.00,3919800.00,58.33641,315.94,315.94,2.00
445450.00,3919550.00,86.84117,311.95,311.95,2.00
445450.00,3919300.00,74.05517,312.00,312.00,2.00
445450.00,3919050.00,114.08953,311.03,311.03,2.00
445450.00,3918800.00,72.4625,309.69,309.69,2.00
445700.00,3923300.00,72.28083,330.91,330.91,2.00
445700.00,3923050.00,71.32727,328.66,328.66,2.00
445700.00,3922800.00,114.57865,327.38,327.38,2.00
445700.00,3922550.00,93.28017,323.94,323.94,2.00
445700.00,3922300.00,63.05652,325.13,325.13,2.00
445700.00,3922050.00,65.26472,323.59,323.59,2.00
445700.00,3921800.00,51.56899,324.98,324.98,2.00
445700.00,3921550.00,61.47258,321.94,321.94,2.00
445700.00,3921300.00,63.3088,318.42,318.42,2.00
445700.00,3921050.00,60.68323,318.63,318.63,2.00
445700.00,3920800.00,50.84943,320.14,320.14,2.00
445700.00,3920550.00,46.07793,318.56,318.56,2.00
445700.00,3920300.00,51.25917,317.75,317.75,2.00
445700.00,3920050.00,62.05713,314.86,314.86,2.00
445700.00,3919800.00,45.0316,315.09,315.09,2.00
445700.00,3919550.00,60.30585,314.76,314.76,2.00
445700.00,3919300.00,79.66401,313.75,313.75,2.00
445700.00,3919050.00,114.06782,310.04,310.04,2.00
445700.00,3918800.00,61.09662,309.69,309.69,2.00
445950.00,3923300.00,68.80439,330.49,330.49,2.00
445950.00,3923050.00,85.51231,328.05,328.05,2.00
445950.00,3922800.00,89.46764,327.43,327.43,2.00
445950.00,3922550.00,59.02725,328.05,328.05,2.00
445950.00,3922300.00,58.45269,325.00,325.00,2.00
445950.00,3922050.00,53.50372,324.78,324.78,2.00
445950.00,3921800.00,50.39776,324.78,324.78,2.00
445950.00,3921550.00,57.42973,322.35,322.35,2.00
445950.00,3921300.00,59.9415,321.09,321.09,2.00
445950.00,3921050.00,53.66439,319.79,319.79,2.00
445950.00,3920800.00,48.46923,321.06,321.06,2.00
445950.00,3920550.00,46.99651,320.79,320.79,2.00
445950.00,3920300.00,44.43381,319.71,319.71,2.00
445950.00,3920050.00,48.94278,317.53,317.53,2.00
445950.00,3919800.00,43.92881,316.90,316.90,2.00
445950.00,3919550.00,49.07866,315.60,315.60,2.00
445950.00,3919300.00,62.73387,312.10,312.10,2.00
445950.00,3919050.00,67.91447,313.94,313.94,2.00
445950.00,3918800.00,94.88472,312.78,312.78,2.00
446200.00,3923300.00,51.39265,332.88,332.88,2.00
446200.00,3923050.00,63.45178,330.18,330.18,2.00
446200.00,3922800.00,88.52891,327.90,327.90,2.00
446200.00,3922550.00,45.19055,327.88,327.88,2.00
446200.00,3922300.00,37.46288,328.26,328.26,2.00
446200.00,3922050.00,41.34172,325.98,325.98,2.00
446200.00,3921800.00,39.6808,326.46,326.46,2.00
446200.00,3921550.00,47.32463,325.05,325.05,2.00
446200.00,3921300.00,54.72284,321.84,321.84,2.00
446200.00,3921050.00,50.64092,319.68,319.68,2.00
446200.00,3920800.00,46.82174,323.98,323.98,2.00
446200.00,3920550.00,46.11343,321.47,321.47,2.00
446200.00,3920300.00,43.06445,318.86,318.86,2.00
446200.00,3920050.00,46.43458,317.42,317.42,2.00
446200.00,3919800.00,43.16154,317.84,317.84,2.00
446200.00,3919550.00,45.85378,318.20,318.20,2.00
446200.00,3919300.00,49.22479,317.11,317.11,2.00
446200.00,3919050.00,46.53211,315.23,315.23,2.00
446200.00,3918800.00,73.33991,314.32,314.32,2.00
444700.00,3920050.00,100.7426,309.39,309.39,2.00
444700.00,3919800.00,131.4882,308.15,308.15,2.00
444700.00,3919550.00,150.87828,310.18,310.18,2.00
444700.00,3919300.00,109.40208,308.41,308.41,2.00
444700.00,3919050.00,123.82871,308.09,308.09,2.00
444700.00,3918800.00,81.15673,303.17,303.17,2.00
444450.00,3920050.00,118.26814,309.62,309.62,2.00
444450.00,3919800.00,155.68171,306.90,306.90,2.00
444450.00,3919550.00,132.02601,306.28,306.28,2.00
444450.00,3919300.00,95.14797,306.23,306.23,2.00
444450.00,3919050.00,109.80849,306.93,306.93,2.00
444450.00,3918800.00,81.74112,304.16,304.16,2.00
444200.00,3920050.00,131.22177,306.60,306.60,2.00
444200.00,3919800.00,189.56114,309.39,309.39,2.00
444200.00,3919550.00,148.31255,303.14,303.14,2.00
444200.00,3919300.00,162.99751,300.93,300.93,2.00
444200.00,3919050.00,156.57608,302.03,302.03,2.00
444200.00,3918800.00,130.29741,304.12,304.12,2.00
443950.00,3920050.00,212.20055,309.14,309.14,2.00
443950.00,3919800.00,226.73239,308.01,308.01,2.00
443950.00,3919550.00,211.29558,306.37,306.37,2.00
443950.00,3919300.00,183.39425,303.38,303.38,2.00
443950.00,3919050.00,196.25543,302.35,302.35,2.00
443950.00,3918800.00,183.27829,300.46,300.46,2.00
443700.00,3920050.00,282.1282,309.69,309.69,2.00
443700.00,3919800.00,279.65969,307.41,307.41,2.00
443700.00,3919550.00,250.11394,306.05,306.05,2.00
443700.00,3919300.00,235.1506,302.76,302.76,2.00
443700.00,3919050.00,218.39883,301.59,301.59,2.00
443700.00,3918800.00,191.14576,300.77,300.77,2.00
443450.00,3920050.00,256.70839,303.90,303.90,2.00
443450.00,3919800.00,232.98273,302.02,302.02,2.00
443450.00,3919550.00,212.79986,305.30,305.30,2.00
443450.00,3919300.00,195.35169,305.83,305.83,2.00
443450.00,3919050.00,180.03854,301.92,301.92,2.00
443450.00,3918800.00,166.72135,303.29,303.29,2.00
443200.00,3920050.00,234.16818,303.05,303.05,2.00
443200.00,3919800.00,219.55038,301.36,301.36,2.00
443200.00,3919550.00,197.42108,299.70,299.70,2.00
443200.00,3919300.00,163.96299,304.70,304.70,2.00
443200.00,3919050.00,162.35198,305.58,305.58,2.00
443200.00,3918800.00,160.17336,300.86,300.86,2.00
442950.00,3920050.00,252.4145,309.76,309.76,2.00
442950.00,3919800.00,196.63146,307.22,307.22,2.00
442950.00,3919550.00,174.11579,306.00,306.00,2.00
442950.00,3919300.00,168.83464,300.22,300.22,2.00
442950.00,3919050.00,160.2041,302.88,302.88,2.00
442950.00,3918800.00,151.17929,296.69,296.69,2.00
442700.00,3920050.00,225.94251,308.63,308.63,2.00
442700.00,3919800.00,214.1805,308.35,308.35,2.00
442700.00,3919550.00,175.9943,307.71,307.71,2.00
442700.00,3919300.00,173.45756,304.33,304.33,2.00
442700.00,3919050.00,162.64296,301.34,301.34,2.00
442700.00,3918800.00,150.84305,298.60,298.60,2.00
442450.00,3920050.00,179.82132,307.72,307.72,2.00
442450.00,3919800.00,189.8507,305.67,305.67,2.00
442450.00,3919550.00,175.61276,306.24,306.24,2.00
442450.00,3919300.00,156.3468,304.84,304.84,2.00
442450.00,3919050.00,161.00956,302.41,302.41,2.00
442450.00,3918800.00,139.55023,302.33,302.33,2.00
442200.00,3920050.00,185.37392,308.61,308.61,2.00
442200.00,3919800.00,169.40022,304.86,304.86,2.00
442200.00,3919550.00,163.39406,305.76,305.76,2.00
442200.00,3919300.00,159.2525,305.42,305.42,2.00
442200.00,3919050.00,139.23588,302.81,302.81,2.00
442200.00,3918800.00,136.59912,300.89,300.89,2.00
441950.00,3920050.00,181.559,306.40,306.40,2.00
441950.00,3919800.00,156.18267,304.62,304.62,2.00
441950.00,3919550.00,153.01427,304.21,304.21,2.00
441950.00,3919300.00,142.89628,300.71,300.71,2.00
441950.00,3919050.00,136.8205,301.15,301.15,2.00
441950.00,3918800.00,131.10659,299.16,299.16,2.00
441700.00,3920050.00,174.22675,304.33,304.33,2.00
441700.00,3919800.00,155.10372,305.07,305.07,2.00
441700.00,3919550.00,143.3236,303.53,303.53,2.00
441700.00,3919300.00,133.35701,303.48,303.48,2.00
441700.00,3919050.00,118.34053,302.31,302.31,2.00
441700.00,3918800.00,124.9666,301.07,301.07,2.00
441450.00,3920050.00,177.4727,304.08,304.08,2.00
441450.00,3919800.00,158.2728,304.55,304.55,2.00
441450.00,3919550.00,138.58147,303.75,303.75,2.00
441450.00,3919300.00,132.37618,303.12,303.12,2.00
441450.00,3919050.00,116.0008,302.44,302.44,2.00
441450.00,3918800.00,118.89732,301.05,301.05,2.00
441200.00,3920050.00,195.88534,304.94,304.94,2.00
441200.00,3919800.00,163.32974,305.15,305.15,2.00
441200.00,3919550.00,146.19049,305.30,305.30,2.00
441200.00,3919300.00,133.25218,300.37,300.37,2.00
441200.00,3919050.00,125.2928,301.83,301.83,2.00
441200.00,3918800.00,116.59185,299.82,299.82,2.00
440950.00,3920050.00,210.9886,304.70,304.70,2.00
440950.00,3919800.00,173.74534,304.92,304.92,2.00
440950.00,3919550.00,148.30515,303.87,303.87,2.00
440950.00,3919300.00,133.92095,303.37,303.37,2.00
440950.00,3919050.00,124.06793,300.53,300.53,2.00
440950.00,3918800.00,114.06301,299.66,299.66,2.00
440700.00,3920050.00,239.78339,303.14,303.14,2.00
440700.00,3919800.00,185.65854,304.82,304.82,2.00
440700.00,3919550.00,151.22968,302.00,302.00,2.00
440700.00,3919300.00,133.42269,300.46,300.46,2.00
440700.00,3919050.00,124.453,299.68,299.68,2.00
440700.00,3918800.00,113.72232,300.24,300.24,2.00
440450.00,3920050.00,279.91845,305.00,305.00,2.00
440450.00,3919800.00,200.40783,303.32,303.32,2.00
440450.00,3919550.00,163.62486,303.11,303.11,2.00
440450.00,3919300.00,140.58492,298.18,298.18,2.00
440450.00,3919050.00,124.47182,299.29,299.29,2.00
440450.00,3918800.00,116.38037,299.09,299.09,2.00
440200.00,3920050.00,351.20168,304.29,304.29,2.00
440200.00,3919800.00,227.93769,304.88,304.88,2.00
440200.00,3919550.00,175.56097,303.65,303.65,2.00
440200.00,3919300.00,146.08081,300.19,300.19,2.00
440200.00,3919050.00,128.5003,301.59,301.59,2.00
440200.00,3918800.00,117.5119,300.34,300.34,2.00
441450.00,3920300.00,222.85192,307.43,307.43,2.00
441450.00,3920550.00,316.40741,306.01,306.01,2.00
441450.00,3920800.00,1142.73234,308.69,308.69,2.00
441450.00,3921050.00,468.21834,311.16,311.16,2.00
441450.00,3921300.00,145.51793,311.74,311.74,2.00
441450.00,3921550.00,104.7818,312.09,312.09,2.00
441450.00,3921800.00,121.93007,309.51,309.51,2.00
441450.00,3922050.00,101.22964,310.97,310.97,2.00
441450.00,3922300.00,68.57237,314.25,314.25,2.00
441450.00,3922550.00,58.1452,315.50,315.50,2.00
441450.00,3922800.00,61.07898,315.19,315.19,2.00
441450.00,3923050.00,66.74941,315.95,315.95,2.00
441450.00,3923300.00,66.71468,316.94,316.94,2.00
441450.00,3923550.00,54.64401,317.84,317.84,2.00
441450.00,3923800.00,58.12493,320.71,320.71,2.00
441450.00,3924050.00,56.2087,318.94,318.94,2.00
441450.00,3924300.00,53.81602,318.90,318.90,2.00
441450.00,3924550.00,61.23196,323.42,323.42,2.00
441450.00,3924800.00,65.64351,323.52,323.52,2.00
441200.00,3920300.00,246.52134,304.47,304.47,2.00
441200.00,3920550.00,441.19968,305.25,305.25,2.00
441200.00,3920800.00,591.76881,306.77,306.77,2.00
441200.00,3921050.00,270.91352,307.38,307.38,2.00
441200.00,3921300.00,231.02274,309.12,309.12,2.00
441200.00,3921550.00,189.52662,309.08,309.08,2.00
441200.00,3921800.00,127.50421,309.47,309.47,2.00
441200.00,3922050.00,98.58276,312.18,312.18,2.00
441200.00,3922300.00,70.91526,314.52,314.52,2.00
441200.00,3922550.00,70.40759,312.20,312.20,2.00
441200.00,3922800.00,58.43545,314.77,314.77,2.00
441200.00,3923050.00,62.09195,312.99,312.99,2.00
441200.00,3923300.00,61.79126,313.61,313.61,2.00
441200.00,3923550.00,59.23643,317.49,317.49,2.00
441200.00,3923800.00,52.03074,316.63,316.63,2.00
441200.00,3924050.00,53.73019,320.23,320.23,2.00
441200.00,3924300.00,53.02749,319.29,319.29,2.00
441200.00,3924550.00,50.98821,319.46,319.46,2.00
441200.00,3924800.00,57.37066,322.98,322.98,2.00
440950.00,3920300.00,300.58594,303.70,303.70,2.00
440950.00,3920550.00,717.54578,304.97,304.97,2.00
440950.00,3920800.00,296.76001,305.48,305.48,2.00
440950.00,3921050.00,156.71414,306.49,306.49,2.00
440950.00,3921300.00,346.77341,307.71,307.71,2.00
440950.00,3921550.00,198.12545,309.62,309.62,2.00
440950.00,3921800.00,137.19689,310.35,310.35,2.00
440950.00,3922050.00,106.88992,309.45,309.45,2.00
440950.00,3922300.00,101.40694,310.93,310.93,2.00
440950.00,3922550.00,66.62921,313.73,313.73,2.00
440950.00,3922800.00,56.90671,314.98,314.98,2.00
440950.00,3923050.00,58.37837,319.45,319.45,2.00
440950.00,3923300.00,57.2324,314.21,314.21,2.00
440950.00,3923550.00,56.68321,315.08,315.08,2.00
440950.00,3923800.00,52.90757,316.10,316.10,2.00
440950.00,3924050.00,48.50734,316.48,316.48,2.00
440950.00,3924300.00,44.89725,317.56,317.56,2.00
440950.00,3924550.00,46.33927,316.50,316.50,2.00
440950.00,3924800.00,47.75045,318.06,318.06,2.00
440700.00,3920300.00,401.50519,304.40,304.40,2.00
440700.00,3920550.00,606.87097,303.22,303.22,2.00
440700.00,3920800.00,208.25431,304.75,304.75,2.00
440700.00,3921050.00,123.85911,305.97,305.97,2.00
440700.00,3921300.00,315.85942,308.00,308.00,2.00
440700.00,3921550.00,184.70757,309.00,309.00,2.00
440700.00,3921800.00,138.51527,311.07,311.07,2.00
440700.00,3922050.00,96.42192,304.85,304.85,2.00
440700.00,3922300.00,95.93258,309.87,309.87,2.00
440700.00,3922550.00,94.08044,310.16,310.16,2.00
440700.00,3922800.00,63.06259,313.40,313.40,2.00
440700.00,3923050.00,57.64661,314.27,314.27,2.00
440700.00,3923300.00,59.4003,310.90,310.90,2.00
440700.00,3923550.00,52.01471,313.48,313.48,2.00
440700.00,3923800.00,50.86134,315.91,315.91,2.00
440700.00,3924050.00,48.17977,314.83,314.83,2.00
440700.00,3924300.00,43.27769,317.75,317.75,2.00
440700.00,3924550.00,44.76365,316.72,316.72,2.00
440700.00,3924800.00,44.20754,317.24,317.24,2.00
440450.00,3920300.00,543.39133,305.15,305.15,2.00
440450.00,3920550.00,369.19856,304.35,304.35,2.00
440450.00,3920800.00,164.07093,304.23,304.23,2.00
440450.00,3921050.00,107.26405,304.08,304.08,2.00
440450.00,3921300.00,195.06195,305.46,305.46,2.00
440450.00,3921550.00,293.33681,308.81,308.81,2.00
440450.00,3921800.00,194.74076,306.86,306.86,2.00
440450.00,3922050.00,136.74257,306.27,306.27,2.00
440450.00,3922300.00,103.78527,308.33,308.33,2.00
440450.00,3922550.00,69.19863,312.32,312.32,2.00
440450.00,3922800.00,64.52332,314.51,314.51,2.00
440450.00,3923050.00,69.68279,310.47,310.47,2.00
440450.00,3923300.00,69.7663,310.88,310.88,2.00
440450.00,3923550.00,48.13784,317.07,317.07,2.00
440450.00,3923800.00,49.4805,314.31,314.31,2.00
440450.00,3924050.00,44.97143,315.23,315.23,2.00
440450.00,3924300.00,45.33767,314.51,314.51,2.00
440450.00,3924550.00,43.87045,314.56,314.56,2.00
440450.00,3924800.00,42.11093,317.52,317.52,2.00
440200.00,3920300.00,474.23947,303.73,303.73,2.00
440200.00,3920550.00,256.91077,303.84,303.84,2.00
440200.00,3920800.00,137.36693,303.72,303.72,2.00
440200.00,3921050.00,97.72773,302.13,302.13,2.00
440200.00,3921300.00,160.39074,308.15,308.15,2.00
440200.00,3921550.00,233.9576,305.26,305.26,2.00
440200.00,3921800.00,140.84231,306.42,306.42,2.00
440200.00,3922050.00,135.40437,304.57,304.57,2.00
440200.00,3922300.00,120.38731,310.04,310.04,2.00
440200.00,3922550.00,91.27641,310.00,310.00,2.00
440200.00,3922800.00,85.17773,309.97,309.97,2.00
440200.00,3923050.00,76.51183,311.15,311.15,2.00
440200.00,3923300.00,68.01201,308.73,308.73,2.00
440200.00,3923550.00,64.63768,311.02,311.02,2.00
440200.00,3923800.00,57.49303,308.58,308.58,2.00
440200.00,3924050.00,49.90789,311.18,311.18,2.00
440200.00,3924300.00,50.07693,311.41,311.41,2.00
440200.00,3924550.00,45.35289,313.20,313.20,2.00
440200.00,3924800.00,42.22108,317.34,317.34,2.00
