442700.00,3921300.00,39.24506,315.71,315.71,2.00
442700.00,3921350.00,43.70332,316.21,316.21,2.00
442700.00,3921400.00,34.46746,316.75,316.75,2.00
442700.00,3921450.00,27.24009,317.34,317.34,2.00
442700.00,3921500.00,24.49916,317.36,317.36,2.00
442700.00,3921550.00,22.99499,317.06,317.06,2.00
442700.00,3921600.00,21.7703,317.00,317.00,2.00
442700.00,3921650.00,20.88522,317.00,317.00,2.00
442700.00,3921700.00,19.96814,317.29,317.29,2.00
442700.00,3921750.00,19.30837,317.54,317.54,2.00
442700.00,3921800.00,18.81871,317.23,317.23,2.00
442700.00,3921850.00,18.38631,317.06,317.06,2.00
442700.00,3921900.00,17.96082,317.28,317.28,2.00
442700.00,3921950.00,17.58442,317.85,317.85,2.00
442700.00,3922000.00,17.2518,318.93,318.93,2.00
442700.00,3922050.00,16.86643,319.53,319.53,2.00
442700.00,3922100.00,16.5109,319.74,319.74,2.00
442700.00,3922150.00,16.12203,320.26,320.26,2.00
442700.00,3922200.00,15.75608,320.91,320.91,2.00
442700.00,3922250.00,15.45291,321.57,321.57,2.00
442700.00,3922300.00,15.25433,322.23,322.23,2.00
442750.00,3921300.00,39.64862,315.33,315.33,2.00
442750.00,3921350.00,39.56782,316.28,316.28,2.00
442750.00,3921400.00,36.02946,316.79,316.79,2.00
442750.00,3921450.00,31.68515,316.86,316.86,2.00
442750.00,3921500.00,26.84706,316.97,316.97,2.00
442750.00,3921550.00,24.33419,317.08,317.08,2.00
442750.00,3921600.00,22.81951,317.10,317.10,2.00
442750.00,3921650.00,21.82454,317.10,317.10,2.00
442750.00,3921700.00,21.00528,317.00,317.00,2.00
442750.00,3921750.00,20.35524,316.92,316.92,2.00
442750.00,3921800.00,19.76607,316.97,316.97,2.00
442750.00,3921850.00,19.23769,317.16,317.16,2.00
442750.00,3921900.00,18.7885,317.79,317.79,2.00
442750.00,3921950.00,18.44105,318.58,318.58,2.00
442750.00,3922000.00,18.02812,319.61,319.61,2.00
442750.00,3922050.00,17.57397,320.35,320.35,2.00
442750.00,3922100.00,17.1844,320.85,320.85,2.00
442750.00,3922150.00,16.85179,321.02,321.02,2.00
442750.00,3922200.00,16.53989,321.05,321.05,2.00
442750.00,3922250.00,16.20041,321.03,321.03,2.00
442750.00,3922300.00,15.85788,321.01,321.01,2.00
442800.00,3921300.00,38.39823,315.08,315.08,2.00
442800.00,3921350.00,45.56932,315.31,315.31,2.00
442800.00,3921400.00,52.33729,315.65,315.65,2.00
442800.00,3921450.00,41.30807,316.08,316.08,2.00
442800.00,3921500.00,29.73013,316.78,316.78,2.00
442800.00,3921550.00,25.31551,317.61,317.61,2.00
442800.00,3921600.00,23.69954,317.77,317.77,2.00
442800.00,3921650.00,22.68383,317.76,317.76,2.00
442800.00,3921700.00,22.00836,316.97,316.97,2.00
442800.00,3921750.00,21.6424,316.29,316.29,2.00
442800.00,3921800.00,20.79947,316.70,316.70,2.00
442800.00,3921850.00,20.16503,317.36,317.36,2.00
442800.00,3921900.00,19.83964,318.70,318.70,2.00
442800.00,3921950.00,19.37265,319.76,319.76,2.00
442800.00,3922000.00,18.83747,320.44,320.44,2.00
442800.00,3922050.00,18.4082,320.81,320.81,2.00
442800.00,3922100.00,18.02878,320.96,320.96,2.00
442800.00,3922150.00,17.67713,321.28,321.28,2.00
442800.00,3922200.00,17.40354,321.67,321.67,2.00
442800.00,3922250.00,17.03558,321.38,321.38,2.00
442800.00,3922300.00,16.68065,320.99,320.99,2.00
442850.00,3921300.00,36.48344,315.09,315.09,2.00
442850.00,3921350.00,41.32991,315.33,315.33,2.00
442850.00,3921400.00,49.8416,315.72,315.72,2.00
442850.00,3921450.00,47.48717,316.26,316.26,2.00
442850.00,3921500.00,32.17365,317.00,317.00,2.00
442850.00,3921550.00,26.87532,317.85,317.85,2.00
442850.00,3921600.00,25.14283,317.62,317.62,2.00
442850.00,3921650.00,24.07709,317.17,317.17,2.00
442850.00,3921700.00,23.20185,316.77,316.77,2.00
442850.00,3921750.00,22.54124,316.48,316.48,2.00
442850.00,3921800.00,21.66781,317.02,317.02,2.00
442850.00,3921850.00,21.18273,317.85,317.85,2.00
442850.00,3921900.00,20.94399,319.47,319.47,2.00
442850.00,3921950.00,20.25654,320.53,320.53,2.00
442850.00,3922000.00,19.77291,320.86,320.86,2.00
442850.00,3922050.00,19.37717,321.00,321.00,2.00
442850.00,3922100.00,18.99336,321.00,321.00,2.00
442850.00,3922150.00,18.6075,321.24,321.24,2.00
442850.00,3922200.00,18.27637,321.58,321.58,2.00
442850.00,3922250.00,17.91196,321.51,321.51,2.00
442850.00,3922300.00,17.54946,321.35,321.35,2.00
442900.00,3921300.00,34.22258,315.31,315.31,2.00
442900.00,3921350.00,36.3579,315.85,315.85,2.00
442900.00,3921400.00,38.43742,316.38,316.38,2.00
442900.00,3921450.00,41.52629,316.92,316.92,2.00
442900.00,3921500.00,32.48892,317.39,317.39,2.00
442900.00,3921550.00,28.90882,317.83,317.83,2.00
442900.00,3921600.00,27.22451,317.06,317.06,2.00
442900.00,3921650.00,26.79838,316.02,316.02,2.00
442900.00,3921700.00,24.61137,316.53,316.53,2.00
442900.00,3921750.00,23.38329,317.08,317.08,2.00
442900.00,3921800.00,22.71729,317.74,317.74,2.00
442900.00,3921850.00,22.46766,318.63,318.63,2.00
442900.00,3921900.00,21.92077,320.17,320.17,2.00
442900.00,3921950.00,21.15194,321.03,321.03,2.00
442900.00,3922000.00,20.8305,320.97,320.97,2.00
442900.00,3922050.00,20.46382,320.95,320.95,2.00
442900.00,3922100.00,20.06503,320.96,320.96,2.00
442900.00,3922150.00,19.65604,320.99,320.99,2.00
442900.00,3922200.00,19.23849,321.03,321.03,2.00
442900.00,3922250.00,18.88819,321.49,321.49,2.00
442900.00,3922300.00,18.63954,321.98,321.98,2.00
442950.00,3921300.00,31.1656,315.98,315.98,2.00
442950.00,3921350.00,32.21824,316.51,316.51,2.00
442950.00,3921400.00,32.45908,317.05,317.05,2.00
442950.00,3921450.00,34.90913,317.59,317.59,2.00
442950.00,3921500.00,34.78782,317.57,317.57,2.00
442950.00,3921550.00,32.17772,317.29,317.29,2.00
442950.00,3921600.00,29.86485,316.69,316.69,2.00
442950.00,3921650.00,28.43306,316.01,316.01,2.00
442950.00,3921700.00,26.00126,316.53,316.53,2.00
442950.00,3921750.00,24.63106,317.23,317.23,2.00
442950.00,3921800.00,24.47613,318.96,318.96,2.00
442950.00,3921850.00,23.49908,320.42,320.42,2.00
442950.00,3921900.00,22.46675,321.25,321.25,2.00
442950.00,3921950.00,22.09322,321.38,321.38,2.00
442950.00,3922000.00,22.10738,320.60,320.60,2.00
442950.00,3922050.00,21.78218,320.29,320.29,2.00
442950.00,3922100.00,21.32653,320.29,320.29,2.00
442950.00,3922150.00,20.82295,320.86,320.86,2.00
442950.00,3922200.00,20.46318,321.62,321.62,2.00
442950.00,3922250.00,20.09899,321.84,321.84,2.00
442950.00,3922300.00,19.71542,321.98,321.98,2.00
443000.00,3921300.00,30.21803,316.21,316.21,2.00
443000.00,3921350.00,30.58581,316.75,316.75,2.00
443000.00,3921400.00,31.75493,317.29,317.29,2.00
443000.00,3921450.00,32.85031,317.83,317.83,2.00
443000.00,3921500.00,36.46168,317.47,317.47,2.00
443000.00,3921550.00,36.65866,316.71,316.71,2.00
443000.00,3921600.00,33.25768,316.32,316.32,2.00
443000.00,3921650.00,30.33544,316.00,316.00,2.00
443000.00,3921700.00,27.65696,316.54,316.54,2.00
443000.00,3921750.00,26.1165,317.30,317.30,2.00
443000.00,3921800.00,26.13375,319.47,319.47,2.00
443000.00,3921850.00,24.07964,321.22,321.22,2.00
443000.00,3921900.00,23.05613,321.97,321.97,2.00
443000.00,3921950.00,22.81228,322.08,322.08,2.00
443000.00,3922000.00,22.99078,321.40,321.40,2.00
443000.00,3922050.00,22.8215,320.99,320.99,2.00
443000.00,3922100.00,22.47518,320.78,320.78,2.00
443000.00,3922150.00,22.06606,321.39,321.39,2.00
443000.00,3922200.00,21.94394,322.27,322.27,2.00
443000.00,3922250.00,21.68492,322.53,322.53,2.00
443000.00,3922300.00,21.37331,322.66,322.66,2.00
443050.00,3921300.00,29.24634,316.21,316.21,2.00
443050.00,3921350.00,30.39972,316.75,316.75,2.00
443050.00,3921400.00,31.17538,317.24,317.24,2.00
443050.00,3921450.00,33.20515,317.70,317.70,2.00
443050.00,3921500.00,38.84083,317.10,317.10,2.00
443050.00,3921550.00,43.56251,316.02,316.02,2.00
443050.00,3921600.00,37.75858,315.96,315.96,2.00
443050.00,3921650.00,32.61856,316.06,316.06,2.00
443050.00,3921700.00,29.54222,316.63,316.63,2.00
443050.00,3921750.00,27.83874,317.42,317.42,2.00
443050.00,3921800.00,28.01011,319.49,319.49,2.00
443050.00,3921850.00,25.37369,321.28,321.28,2.00
443050.00,3921900.00,23.75159,322.36,322.36,2.00
443050.00,3921950.00,23.03607,322.96,322.96,2.00
443050.00,3922000.00,23.13746,322.97,322.97,2.00
443050.00,3922050.00,23.54783,322.63,322.63,2.00
443050.00,3922100.00,23.67034,322.09,322.09,2.00
443050.00,3922150.00,23.50973,322.38,322.38,2.00
443050.00,3922200.00,23.48301,322.95,322.95,2.00
443050.00,3922250.00,23.33052,323.48,323.48,2.00
443050.00,3922300.00,23.15965,323.93,323.93,2.00
443100.00,3921300.00,28.84967,316.21,316.21,2.00
443100.00,3921350.00,29.0574,316.76,316.76,2.00
443100.00,3921400.00,31.68241,316.85,316.85,2.00
443100.00,3921450.00,35.42107,316.59,316.59,2.00
443100.00,3921500.00,43.78236,315.77,315.77,2.00
443100.00,3921550.00,53.42571,314.69,314.69,2.00
443100.00,3921600.00,44.79291,315.55,315.55,2.00
443100.00,3921650.00,34.82019,316.73,316.73,2.00
443100.00,3921700.00,31.3904,317.65,317.65,2.00
443100.00,3921750.00,30.89188,318.59,318.59,2.00
443100.00,3921800.00,30.1586,319.59,319.59,2.00
443100.00,3921850.00,28.08226,320.62,320.62,2.00
443100.00,3921900.00,25.90591,321.71,321.71,2.00
443100.00,3921950.00,25.02588,322.30,322.30,2.00
443100.00,3922000.00,24.97424,322.30,322.30,2.00
443100.00,3922050.00,25.30726,321.75,321.75,2.00
443100.00,3922100.00,25.34878,320.84,320.84,2.00
443100.00,3922150.00,24.87788,321.60,321.60,2.00
443100.00,3922200.00,24.95557,322.89,322.89,2.00
443100.00,3922250.00,24.89083,323.16,323.16,2.00
443100.00,3922300.00,24.74503,323.31,323.31,2.00
443150.00,3921300.00,29.10913,316.13,316.13,2.00
443150.00,3921350.00,29.57878,316.45,316.45,2.00
443150.00,3921400.00,31.05891,316.41,316.41,2.00
443150.00,3921450.00,34.75183,316.10,316.10,2.00
443150.00,3921500.00,40.39087,315.69,315.69,2.00
443150.00,3921550.00,51.89637,315.25,315.25,2.00
443150.00,3921600.00,55.19391,316.20,316.20,2.00
443150.00,3921650.00,37.89866,317.39,317.39,2.00
443150.00,3921700.00,34.86433,318.26,318.26,2.00
443150.00,3921750.00,33.88625,319.15,319.15,2.00
443150.00,3921800.00,31.83141,320.10,320.10,2.00
443150.00,3921850.00,29.22403,320.95,320.95,2.00
443150.00,3921900.00,27.45434,321.63,321.63,2.00
443150.00,3921950.00,26.60555,322.09,322.09,2.00
443150.00,3922000.00,26.31989,322.28,322.28,2.00
443150.00,3922050.00,26.7887,321.69,321.69,2.00
443150.00,3922100.00,27.17247,320.60,320.60,2.00
443150.00,3922150.00,26.54237,321.44,321.44,2.00
443150.00,3922200.00,26.54799,322.88,322.88,2.00
443150.00,3922250.00,26.6064,323.00,323.00,2.00
443150.00,3922300.00,26.49477,323.01,323.01,2.00
443200.00,3921300.00,29.67067,316.00,316.00,2.00
443200.00,3921350.00,30.55498,316.00,316.00,2.00
443200.00,3921400.00,31.39807,316.04,316.04,2.00
443200.00,3921450.00,32.69707,316.11,316.11,2.00
443200.00,3921500.00,35.47242,316.50,316.50,2.00
443200.00,3921550.00,41.25772,317.04,317.04,2.00
443200.00,3921600.00,45.9375,317.52,317.52,2.00
443200.00,3921650.00,42.78856,318.01,318.01,2.00
443200.00,3921700.00,39.4623,318.57,318.57,2.00
443200.00,3921750.00,37.14383,319.30,319.30,2.00
443200.00,3921800.00,31.30839,320.90,320.90,2.00
443200.00,3921850.00,27.74692,322.00,322.00,2.00
443200.00,3921900.00,28.02224,322.00,322.00,2.00
443200.00,3921950.00,27.67167,322.25,322.25,2.00
443200.00,3922000.00,26.92051,322.78,322.78,2.00
443200.00,3922050.00,27.79148,322.32,322.32,2.00
443200.00,3922100.00,28.56959,321.25,321.25,2.00
443200.00,3922150.00,28.40585,321.84,321.84,2.00
443200.00,3922200.00,28.33195,322.92,322.92,2.00
443200.00,3922250.00,28.52978,323.00,323.00,2.00
443200.00,3922300.00,28.50404,323.04,323.04,2.00
443250.00,3921300.00,31.16576,316.00,316.00,2.00
443250.00,3921350.00,31.69277,316.00,316.00,2.00
443250.00,3921400.00,30.99708,316.45,316.45,2.00
443250.00,3921450.00,30.28652,317.23,317.23,2.00
443250.00,3921500.00,31.34485,317.83,317.83,2.00
443250.00,3921550.00,34.60309,318.36,318.36,2.00
443250.00,3921600.00,42.72308,318.23,318.23,2.00
443250.00,3921650.00,46.83674,318.02,318.02,2.00
443250.00,3921700.00,45.57741,318.94,318.94,2.00
443250.00,3921750.00,39.03619,319.91,319.91,2.00
443250.00,3921800.00,31.62104,321.16,321.16,2.00
443250.00,3921850.00,28.54311,322.00,322.00,2.00
443250.00,3921900.00,29.15446,322.00,322.00,2.00
443250.00,3921950.00,29.35832,322.08,322.08,2.00
443250.00,3922000.00,29.26989,322.26,322.26,2.00
443250.00,3922050.00,29.7694,322.10,322.10,2.00
443250.00,3922100.00,30.21069,321.75,321.75,2.00
443250.00,3922150.00,30.04589,322.51,322.51,2.00
443250.00,3922200.00,29.29602,323.59,323.59,2.00
443250.00,3922250.00,30.50839,323.33,323.33,2.00
443250.00,3922300.00,30.95609,323.04,323.04,2.00
443300.00,3921300.00,30.02422,316.49,316.49,2.00
443300.00,3921350.00,30.90248,316.70,316.70,2.00
443300.00,3921400.00,30.02725,317.16,317.16,2.00
443300.00,3921450.00,29.70245,317.82,317.82,2.00
443300.00,3921500.00,31.10132,318.24,318.24,2.00
443300.00,3921550.00,33.68789,318.58,318.58,2.00
443300.00,3921600.00,37.60188,318.33,318.33,2.00
443300.00,3921650.00,46.22078,318.03,318.03,2.00
443300.00,3921700.00,52.8008,319.11,319.11,2.00
443300.00,3921750.00,41.44955,320.09,320.09,2.00
443300.00,3921800.00,36.88478,320.59,320.59,2.00
443300.00,3921850.00,34.16151,321.06,321.06,2.00
443300.00,3921900.00,32.42274,321.45,321.45,2.00
443300.00,3921950.00,31.9877,321.65,321.65,2.00
443300.00,3922000.00,32.22473,321.66,321.66,2.00
443300.00,3922050.00,32.09458,321.78,321.78,2.00
443300.00,3922100.00,32.15858,321.96,321.96,2.00
443300.00,3922150.00,32.26125,322.43,322.43,2.00
443300.00,3922200.00,32.50483,322.99,322.99,2.00
443300.00,3922250.00,33.31626,323.18,323.18,2.00
443300.00,3922300.00,33.9376,323.33,323.33,2.00
443350.00,3921300.00,24.33319,317.14,317.14,2.00
443350.00,3921350.00,23.56596,317.75,317.75,2.00
443350.00,3921400.00,25.46145,317.98,317.98,2.00
443350.00,3921450.00,29.33224,317.96,317.96,2.00
443350.00,3921500.00,32.67789,317.97,317.97,2.00
443350.00,3921550.00,34.27069,318.00,318.00,2.00
443350.00,3921600.00,35.51252,318.05,318.05,2.00
443350.00,3921650.00,40.5968,318.14,318.14,2.00
443350.00,3921700.00,52.45134,319.19,319.19,2.00
443350.00,3921750.00,47.65653,319.95,319.95,2.00
443350.00,3921800.00,51.90472,319.39,319.39,2.00
443350.00,3921850.00,48.64461,319.38,319.38,2.00
443350.00,3921900.00,41.66447,320.46,320.46,2.00
443350.00,3921950.00,37.46639,321.01,321.01,2.00
443350.00,3922000.00,37.37763,321.00,321.00,2.00
443350.00,3922050.00,35.50295,321.35,321.35,2.00
443350.00,3922100.00,34.50867,321.89,321.89,2.00
443350.00,3922150.00,35.39617,321.58,321.58,2.00
443350.00,3922200.00,36.64968,321.07,321.07,2.00
443350.00,3922250.00,37.79841,322.55,322.55,2.00
443350.00,3922300.00,36.28266,323.93,323.93,2.00
443400.00,3921300.00,25.5277,316.13,316.13,2.00
443400.00,3921350.00,21.65697,317.45,317.45,2.00
443400.00,3921400.00,23.77556,317.77,317.77,2.00
443400.00,3921450.00,32.23945,317.39,317.39,2.00
443400.00,3921500.00,36.67802,317.58,317.58,2.00
443400.00,3921550.00,37.63716,317.96,317.96,2.00
443400.00,3921600.00,40.54339,319.00,319.00,2.00
443400.00,3921650.00,32.93529,320.11,320.11,2.00
443400.00,3921700.00,28.56729,320.80,320.80,2.00
443400.00,3921750.00,26.29928,321.19,321.19,2.00
443400.00,3921800.00,39.30949,320.28,320.28,2.00
443400.00,3921850.00,51.404,320.05,320.05,2.00
443400.00,3921900.00,37.68928,321.12,321.12,2.00
443400.00,3921950.00,34.4055,321.67,321.67,2.00
443400.00,3922000.00,36.24865,321.66,321.66,2.00
443400.00,3922050.00,39.28309,321.32,321.32,2.00
443400.00,3922100.00,41.69593,320.80,320.80,2.00
443400.00,3922150.00,45.14483,319.71,319.71,2.00
443400.00,3922200.00,42.535,318.48,318.48,2.00
443400.00,3922250.00,43.97923,320.63,320.63,2.00
443400.00,3922300.00,46.09886,322.77,322.77,2.00
443450.00,3921300.00,24.29336,315.62,315.62,2.00
443450.00,3921350.00,19.02139,317.04,317.04,2.00
443450.00,3921400.00,17.35081,317.67,317.67,2.00
443450.00,3921450.00,20.62072,317.73,317.73,2.00
443450.00,3921500.00,26.85429,318.13,318.13,2.00
443450.00,3921550.00,32.16646,318.67,318.67,2.00
443450.00,3921600.00,33.33516,319.82,319.82,2.00
443450.00,3921650.00,21.02857,321.02,321.02,2.00
443450.00,3921700.00,20.72637,321.37,321.37,2.00
443450.00,3921750.00,22.51611,321.51,321.51,2.00
443450.00,3921800.00,33.49564,320.81,320.81,2.00
443450.00,3921850.00,39.07336,320.59,320.59,2.00
443450.00,3921900.00,33.00132,321.31,321.31,2.00
443450.00,3921950.00,33.07432,321.76,321.76,2.00
443450.00,3922000.00,34.82884,321.94,321.94,2.00
443450.00,3922050.00,35.03426,321.63,321.63,2.00
443450.00,3922100.00,34.30987,321.06,321.06,2.00
443450.00,3922150.00,43.73242,319.90,319.90,2.00
443450.00,3922200.00,35.17938,318.60,318.60,2.00
443450.00,3922250.00,33.03785,320.32,320.32,2.00
443450.00,3922300.00,34.74193,322.12,322.12,2.00
443500.00,3921300.00,19.36101,315.55,315.55,2.00
443500.00,3921350.00,18.94751,316.58,316.58,2.00
443500.00,3921400.00,17.17059,317.65,317.65,2.00
443500.00,3921450.00,17.47641,318.73,318.73,2.00
443500.00,3921500.00,18.78306,319.38,319.38,2.00
443500.00,3921550.00,18.51956,319.90,319.90,2.00
443500.00,3921600.00,17.07216,320.45,320.45,2.00
443500.00,3921650.00,16.15929,320.97,320.97,2.00
443500.00,3921700.00,18.24815,320.99,320.99,2.00
443500.00,3921750.00,20.53371,321.00,321.00,2.00
443500.00,3921800.00,26.13004,321.00,321.00,2.00
443500.00,3921850.00,34.44057,321.00,321.00,2.00
443500.00,3921900.00,43.12584,321.00,321.00,2.00
443500.00,3921950.00,42.18866,321.28,321.28,2.00
443500.00,3922000.00,38.09652,321.82,321.82,2.00
443500.00,3922050.00,39.47863,322.34,322.34,2.00
443500.00,3922100.00,40.83834,322.84,322.84,2.00
443500.00,3922150.00,43.29704,322.46,322.46,2.00
443500.00,3922200.00,42.60399,321.87,321.87,2.00
443500.00,3922250.00,41.96396,321.92,321.92,2.00
443500.00,3922300.00,40.93869,322.12,322.12,2.00
443550.00,3921300.00,15.1855,316.55,316.55,2.00
443550.00,3921350.00,15.71318,316.87,316.87,2.00
443550.00,3921400.00,15.43737,317.65,317.65,2.00
443550.00,3921450.00,15.79819,318.74,318.74,2.00
443550.00,3921500.00,17.59798,318.85,318.85,2.00
443550.00,3921550.00,20.45142,318.65,318.65,2.00
443550.00,3921600.00,22.94979,319.13,319.13,2.00
443550.00,3921650.00,23.56386,319.69,319.69,2.00
443550.00,3921700.00,20.55717,320.43,320.43,2.00
443550.00,3921750.00,19.00695,321.08,321.08,2.00
443550.00,3921800.00,17.92493,321.43,321.43,2.00
443550.00,3921850.00,18.41807,321.79,321.79,2.00
443550.00,3921900.00,18.37714,322.14,322.14,2.00
443550.00,3921950.00,20.36905,322.40,322.40,2.00
443550.00,3922000.00,26.67449,322.58,322.58,2.00
443550.00,3922050.00,31.27428,323.46,323.46,2.00
443550.00,3922100.00,24.73559,324.69,324.69,2.00
443550.00,3922150.00,26.48397,324.18,324.18,2.00
443550.00,3922200.00,34.87693,323.29,323.29,2.00
443550.00,3922250.00,31.52228,323.58,323.58,2.00
443550.00,3922300.00,30.75807,323.95,323.95,2.00
443600.00,3921300.00,13.60006,316.73,316.73,2.00
443600.00,3921350.00,14.16777,316.92,316.92,2.00
443600.00,3921400.00,14.43462,317.42,317.42,2.00
443600.00,3921450.00,14.98235,318.13,318.13,2.00
443600.00,3921500.00,16.20507,318.18,318.18,2.00
443600.00,3921550.00,17.26989,318.01,318.01,2.00
443600.00,3921600.00,18.53514,318.33,318.33,2.00
443600.00,3921650.00,20.35941,318.72,318.72,2.00
443600.00,3921700.00,20.9142,319.63,319.63,2.00
443600.00,3921750.00,18.67187,320.50,320.50,2.00
443600.00,3921800.00,16.97207,321.22,321.22,2.00
443600.00,3921850.00,16.21878,321.82,321.82,2.00
443600.00,3921900.00,16.75747,322.19,322.19,2.00
443600.00,3921950.00,17.96877,322.46,322.46,2.00
443600.00,3922000.00,20.63845,322.64,322.64,2.00
443600.00,3922050.00,23.76213,323.46,323.46,2.00
443600.00,3922100.00,14.11249,324.60,324.60,2.00
443600.00,3922150.00,16.57916,324.46,324.46,2.00
443600.00,3922200.00,19.00463,324.01,324.01,2.00
443600.00,3922250.00,19.17101,324.23,324.23,2.00
443600.00,3922300.00,20.32071,324.50,324.50,2.00
443650.00,3921300.00,13.03652,316.25,316.25,2.00
443650.00,3921350.00,13.13902,316.79,316.79,2.00
443650.00,3921400.00,13.52303,316.99,316.99,2.00
443650.00,3921450.00,14.08449,316.97,316.97,2.00
443650.00,3921500.00,14.45333,317.39,317.39,2.00
443650.00,3921550.00,15.03186,317.94,317.94,2.00
443650.00,3921600.00,15.60797,318.00,318.00,2.00
443650.00,3921650.00,16.16427,318.04,318.04,2.00
443650.00,3921700.00,17.46787,318.59,318.59,2.00
443650.00,3921750.00,18.60742,319.26,319.26,2.00
443650.00,3921800.00,17.79427,320.34,320.34,2.00
443650.00,3921850.00,16.6809,321.02,321.02,2.00
443650.00,3921900.00,17.82115,321.04,321.04,2.00
443650.00,3921950.00,18.02371,321.33,321.33,2.00
443650.00,3922000.00,18.03656,321.86,321.86,2.00
443650.00,3922050.00,19.06075,322.07,322.07,2.00
443650.00,3922100.00,20.44252,322.14,322.14,2.00
443650.00,3922150.00,20.98136,322.99,322.99,2.00
443650.00,3922200.00,16.91588,323.98,323.98,2.00
443650.00,3922250.00,20.34651,323.52,323.52,2.00
443650.00,3922300.00,25.29923,323.18,323.18,2.00
443700.00,3921300.00,11.93617,316.26,316.26,2.00
443700.00,3921350.00,12.00035,316.80,316.80,2.00
443700.00,3921400.00,12.50521,316.54,316.54,2.00
443700.00,3921450.00,13.01066,315.82,315.82,2.00
443700.00,3921500.00,13.18386,316.08,316.08,2.00
443700.00,3921550.00,13.30822,316.63,316.63,2.00
443700.00,3921600.00,13.51403,317.01,317.01,2.00
443700.00,3921650.00,13.81217,317.44,317.44,2.00
443700.00,3921700.00,15.03094,318.69,318.69,2.00
443700.00,3921750.00,15.37567,319.74,319.74,2.00
443700.00,3921800.00,15.53253,320.12,320.12,2.00
443700.00,3921850.00,15.50685,320.49,320.49,2.00
443700.00,3921900.00,15.35273,320.84,320.84,2.00
443700.00,3921950.00,15.15679,321.29,321.29,2.00
443700.00,3922000.00,15.08246,321.83,321.83,2.00
443700.00,3922050.00,15.58277,321.54,321.54,2.00
443700.00,3922100.00,16.06847,320.87,320.87,2.00
443700.00,3922150.00,17.27627,321.95,321.95,2.00
443700.00,3922200.00,16.04265,323.37,323.37,2.00
443700.00,3922250.00,16.32265,323.51,323.51,2.00
443700.00,3922300.00,16.98626,323.63,323.63,2.00
442700.00,3922400.00,14.58593,322.09,322.09,2.00
442700.00,3922500.00,14.2098,322.85,322.85,2.00
442700.00,3922600.00,13.36912,322.24,322.24,2.00
442700.00,3922700.00,12.64564,322.80,322.80,2.00
442700.00,3922800.00,11.9582,323.42,323.42,2.00
442700.00,3922900.00,11.25931,324.66,324.66,2.00
442700.00,3923000.00,9.99319,324.73,324.73,2.00
442700.00,3923100.00,8.27067,324.51,324.51,2.00
442700.00,3923200.00,6.79161,325.13,325.13,2.00
442700.00,3923300.00,5.51142,324.39,324.39,2.00
442800.00,3922400.00,15.98159,320.77,320.77,2.00
442800.00,3922500.00,15.54219,322.37,322.37,2.00
442800.00,3922600.00,15.20441,323.17,323.17,2.00
442800.00,3922700.00,15.00145,324.33,324.33,2.00
442800.00,3922800.00,14.04475,324.37,324.37,2.00
442800.00,3922900.00,13.50906,325.66,325.66,2.00
442800.00,3923000.00,12.21583,326.21,326.21,2.00
442800.00,3923100.00,10.2844,326.12,326.12,2.00
442800.00,3923200.00,7.98349,326.47,326.47,2.00
442800.00,3923300.00,5.81999,327.97,327.97,2.00
442900.00,3922400.00,17.71919,321.10,321.10,2.00
442900.00,3922500.00,17.20631,322.19,322.19,2.00
442900.00,3922600.00,16.94023,323.00,323.00,2.00
442900.00,3922700.00,16.78142,324.05,324.05,2.00
442900.00,3922800.00,16.61013,326.40,326.40,2.00
442900.00,3922900.00,15.97397,325.98,325.98,2.00
442900.00,3923000.00,14.60867,325.61,325.61,2.00
442900.00,3923100.00,12.72468,326.65,326.65,2.00
442900.00,3923200.00,9.26923,327.71,327.71,2.00
442900.00,3923300.00,6.72545,328.04,328.04,2.00
443000.00,3922400.00,19.86701,321.52,321.52,2.00
443000.00,3922500.00,19.91708,323.00,323.00,2.00
443000.00,3922600.00,19.22899,323.27,323.27,2.00
443000.00,3922700.00,19.36009,324.47,324.47,2.00
443000.00,3922800.00,19.09246,325.31,325.31,2.00
443000.00,3922900.00,18.6134,325.82,325.82,2.00
443000.00,3923000.00,17.8366,326.89,326.89,2.00
443000.00,3923100.00,16.07031,327.18,327.18,2.00
443000.00,3923200.00,12.62189,327.23,327.23,2.00
443000.00,3923300.00,7.70347,328.96,328.96,2.00
443100.00,3922400.00,23.23394,322.63,322.63,2.00
443100.00,3922500.00,21.98501,322.47,322.47,2.00
443100.00,3922600.00,22.33161,323.46,323.46,2.00
443100.00,3922700.00,22.79911,325.13,325.13,2.00
443100.00,3922800.00,22.33053,326.00,326.00,2.00
443100.00,3922900.00,21.57316,326.53,326.53,2.00
443100.00,3923000.00,19.30796,328.35,328.35,2.00
443100.00,3923100.00,17.57124,329.34,329.34,2.00
443100.00,3923200.00,18.46239,327.40,327.40,2.00
443100.00,3923300.00,10.61797,328.53,328.53,2.00
443200.00,3922400.00,28.29817,324.10,324.10,2.00
443200.00,3922500.00,27.87363,324.73,324.73,2.00
443200.00,3922600.00,26.90816,323.99,323.99,2.00
443200.00,3922700.00,26.37199,324.41,324.41,2.00
443200.00,3922800.00,26.51442,325.48,325.48,2.00
443200.00,3922900.00,26.1385,326.03,326.03,2.00
443200.00,3923000.00,25.90238,326.76,326.76,2.00
443200.00,3923100.00,27.49436,327.17,327.17,2.00
443200.00,3923200.00,31.67719,326.97,326.97,2.00
443200.00,3923300.00,21.10705,326.29,326.29,2.00
443300.00,3922400.00,34.31497,323.82,323.82,2.00
443300.00,3922500.00,34.6341,324.62,324.62,2.00
443300.00,3922600.00,34.11372,324.58,324.58,2.00
443300.00,3922700.00,35.21002,325.18,325.18,2.00
443300.00,3922800.00,34.88526,325.46,325.46,2.00
443300.00,3922900.00,34.629,326.29,326.29,2.00
443300.00,3923000.00,34.9021,326.66,326.66,2.00
443300.00,3923100.00,21.52797,328.16,328.16,2.00
443300.00,3923200.00,22.27537,328.16,328.16,2.00
443300.00,3923300.00,20.7995,328.61,328.61,2.00
443400.00,3922400.00,50.48963,323.77,323.77,2.00
443400.00,3922500.00,39.74058,324.70,324.70,2.00
443400.00,3922600.00,29.53698,325.30,325.30,2.00
443400.00,3922700.00,28.0944,325.85,325.85,2.00
443400.00,3922800.00,29.54443,326.06,326.06,2.00
443400.00,3922900.00,28.31909,327.36,327.36,2.00
443400.00,3923000.00,21.51373,328.20,328.20,2.00
443400.00,3923100.00,18.5765,328.90,328.90,2.00
443400.00,3923200.00,17.77255,329.57,329.57,2.00
443400.00,3923300.00,22.47695,330.83,330.83,2.00
443500.00,3922400.00,35.18721,324.14,324.14,2.00
443500.00,3922500.00,32.11529,325.21,325.21,2.00
443500.00,3922600.00,29.08669,325.96,325.96,2.00
443500.00,3922700.00,26.77268,325.64,325.64,2.00
443500.00,3922800.00,23.52169,325.12,325.12,2.00
443500.00,3922900.00,20.53794,327.74,327.74,2.00
443500.00,3923000.00,16.75057,329.36,329.36,2.00
443500.00,3923100.00,16.30319,330.39,330.39,2.00
443500.00,3923200.00,17.91819,330.98,330.98,2.00
443500.00,3923300.00,15.97984,331.00,331.00,2.00
443600.00,3922400.00,28.38623,325.58,325.58,2.00
443600.00,3922500.00,27.90514,326.44,326.44,2.00
443600.00,3922600.00,26.40508,327.00,327.00,2.00
443600.00,3922700.00,27.64044,326.80,326.80,2.00
443600.00,3922800.00,27.02342,326.48,326.48,2.00
443600.00,3922900.00,22.97172,325.94,325.94,2.00
443600.00,3923000.00,20.78772,327.12,327.12,2.00
443600.00,3923100.00,17.04554,329.29,329.29,2.00
443600.00,3923200.00,17.93481,331.57,331.57,2.00
443600.00,3923300.00,13.94234,331.11,331.11,2.00
443700.00,3922400.00,19.95829,324.38,324.38,2.00
443700.00,3922500.00,16.34418,326.55,326.55,2.00
443700.00,3922600.00,21.04389,327.19,327.19,2.00
443700.00,3922700.00,21.51512,327.74,327.74,2.00
443700.00,3922800.00,19.29708,328.00,328.00,2.00
443700.00,3922900.00,30.15151,327.30,327.30,2.00
443700.00,3923000.00,24.01728,327.91,327.91,2.00
443700.00,3923100.00,21.20885,330.45,330.45,2.00
443700.00,3923200.00,24.03508,330.97,330.97,2.00
443700.00,3923300.00,13.41552,331.00,331.00,2.00
443800.00,3922400.00,13.14625,324.33,324.33,2.00
443800.00,3922500.00,12.74458,326.47,326.47,2.00
443800.00,3922600.00,10.23496,327.93,327.93,2.00
443800.00,3922700.00,11.16423,328.37,328.37,2.00
443800.00,3922800.00,10.37168,328.45,328.45,2.00
443800.00,3922900.00,9.99778,328.57,328.57,2.00
443800.00,3923000.00,12.14794,329.00,329.00,2.00
443800.00,3923100.00,16.29325,331.95,331.95,2.00
443800.00,3923200.00,11.51267,333.34,333.34,2.00
443800.00,3923300.00,9.76151,331.24,331.24,2.00
443900.00,3922400.00,10.70713,322.13,322.13,2.00
443900.00,3922500.00,10.93765,324.03,324.03,2.00
443900.00,3922600.00,9.86068,327.52,327.52,2.00
443900.00,3922700.00,11.03057,327.42,327.42,2.00
443900.00,3922800.00,9.6265,328.10,328.10,2.00
443900.00,3922900.00,8.89798,328.78,328.78,2.00
443900.00,3923000.00,8.71825,329.73,329.73,2.00
443900.00,3923100.00,10.07987,330.61,330.61,2.00
443900.00,3923200.00,10.15609,331.65,331.65,2.00
443900.00,3923300.00,4.42764,332.28,332.28,2.00
444000.00,3922400.00,8.77396,323.22,323.22,2.00
444000.00,3922500.00,8.87464,324.52,324.52,2.00
444000.00,3922600.00,9.02592,326.63,326.63,2.00
444000.00,3922700.00,9.42284,326.35,326.35,2.00
444000.00,3922800.00,8.49915,327.45,327.45,2.00
444000.00,3922900.00,6.88261,328.85,328.85,2.00
444000.00,3923000.00,6.30519,330.17,330.17,2.00
444000.00,3923100.00,6.33656,330.13,330.13,2.00
444000.00,3923200.00,5.61089,330.83,330.83,2.00
444000.00,3923300.00,2.49463,333.30,333.30,2.00
444100.00,3922400.00,7.33542,324.18,324.18,2.00
444100.00,3922500.00,7.40908,325.07,325.07,2.00
444100.00,3922600.00,7.31158,324.87,324.87,2.00
444100.00,3922700.00,7.44202,326.05,326.05,2.00
444100.00,3922800.00,6.19014,328.19,328.19,2.00
444100.00,3922900.00,6.14128,328.03,328.03,2.00
444100.00,3923000.00,5.04162,330.08,330.08,2.00
444100.00,3923100.00,4.38211,331.49,331.49,2.00
444100.00,3923200.00,3.93455,330.42,330.42,2.00
444100.00,3923300.00,2.94858,331.29,331.29,2.00
444200.00,3922400.00,6.34023,324.38,324.38,2.00
444200.00,3922500.00,6.24328,325.73,325.73,2.00
444200.00,3922600.00,6.1847,325.71,325.71,2.00
444200.00,3922700.00,5.45507,327.87,327.87,2.00
444200.00,3922800.00,4.60748,329.34,329.34,2.00
444200.00,3922900.00,4.15742,330.47,330.47,2.00
444200.00,3923000.00,4.0497,330.21,330.21,2.00
444200.00,3923100.00,3.71735,330.61,330.61,2.00
444200.00,3923200.00,3.14118,330.37,330.37,2.00
444200.00,3923300.00,2.54149,330.82,330.82,2.00
444300.00,3922400.00,5.50821,324.29,324.29,2.00
444300.00,3922500.00,5.3912,324.76,324.76,2.00
444300.00,3922600.00,5.23598,323.85,323.85,2.00
444300.00,3922700.00,5.12753,326.15,326.15,2.00
444300.00,3922800.00,4.80326,327.01,327.01,2.00
444300.00,3922900.00,3.92571,329.14,329.14,2.00
444300.00,3923000.00,3.41735,330.13,330.13,2.00
444300.00,3923100.00,3.16967,330.35,330.35,2.00
444300.00,3923200.00,2.60862,330.59,330.59,2.00
444300.00,3923300.00,2.40644,329.62,329.62,2.00
444400.00,3922400.00,4.84555,324.03,324.03,2.00
444400.00,3922500.00,4.74314,323.98,323.98,2.00
444400.00,3922600.00,4.61946,323.99,323.99,2.00
444400.00,3922700.00,4.42505,324.90,324.90,2.00
444400.00,3922800.00,4.2126,325.53,325.53,2.00
444400.00,3922900.00,3.76241,327.46,327.46,2.00
444400.00,3923000.00,3.15055,329.09,329.09,2.00
444400.00,3923100.00,2.83989,329.41,329.41,2.00
444400.00,3923200.00,2.51751,329.06,329.06,2.00
444400.00,3923300.00,2.24294,329.00,329.00,2.00
444500.00,3922400.00,4.42002,319.14,319.14,2.00
444500.00,3922500.00,4.29261,321.46,321.46,2.00
444500.00,3922600.00,4.09608,324.33,324.33,2.00
444500.00,3922700.00,3.88768,324.10,324.10,2.00
444500.00,3922800.00,3.69379,323.03,323.03,2.00
444500.00,3922900.00,3.46842,323.77,323.77,2.00
444500.00,3923000.00,3.23757,324.94,324.94,2.00
444500.00,3923100.00,2.38601,329.73,329.73,2.00
444500.00,3923200.00,2.00908,330.51,330.51,2.00
444500.00,3923300.00,1.96374,329.17,329.17,2.00
444600.00,3922400.00,3.97626,318.56,318.56,2.00
444600.00,3922500.00,3.98229,317.46,317.46,2.00
444600.00,3922600.00,3.78312,319.69,319.69,2.00
444600.00,3922700.00,3.49932,322.16,322.16,2.00
444600.00,3922800.00,3.28698,324.57,324.57,2.00
444600.00,3922900.00,2.72629,328.11,328.11,2.00
444600.00,3923000.00,2.76,326.97,326.97,2.00
444600.00,3923100.00,2.14093,329.26,329.26,2.00
444600.00,3923200.00,1.28126,333.51,333.51,2.00
444600.00,3923300.00,1.53591,330.99,330.99,2.00
444700.00,3922400.00,3.5333,320.06,320.06,2.00
444700.00,3922500.00,3.45867,320.48,320.48,2.00
444700.00,3922600.00,3.29877,321.93,321.93,2.00
444700.00,3922700.00,3.10256,325.25,325.25,2.00
444700.00,3922800.00,2.79569,327.04,327.04,2.00
444700.00,3922900.00,2.40802,328.47,328.47,2.00
444700.00,3923000.00,2.39769,327.53,327.53,2.00
444700.00,3923100.00,2.08424,327.94,327.94,2.00
444700.00,3923200.00,1.38577,331.99,331.99,2.00
444700.00,3923300.00,1.13686,332.73,332.73,2.00
443800.00,3922300.00,12.09702,324.00,324.00,2.00
443800.00,3922200.00,12.45091,320.19,320.19,2.00
443800.00,3922100.00,12.21473,320.95,320.95,2.00
443800.00,3922000.00,12.23411,320.88,320.88,2.00
443800.00,3921900.00,12.67489,319.79,319.79,2.00
443800.00,3921800.00,12.38411,319.03,319.03,2.00
443800.00,3921700.00,11.76984,318.19,318.19,2.00
443800.00,3921600.00,11.27428,316.02,316.02,2.00
443800.00,3921500.00,11.02984,315.00,315.00,2.00
443800.00,3921400.00,10.39987,316.97,316.97,2.00
443800.00,3921300.00,9.81325,317.26,317.26,2.00
443800.00,3921200.00,9.01643,317.79,317.79,2.00
443800.00,3921100.00,9.18122,316.21,316.21,2.00
443800.00,3921000.00,9.18082,315.05,315.05,2.00
443800.00,3920900.00,8.89889,314.05,314.05,2.00
443800.00,3920800.00,8.42907,314.24,314.24,2.00
443800.00,3920700.00,7.8663,314.74,314.74,2.00
443800.00,3920600.00,7.56563,313.55,313.55,2.00
443800.00,3920500.00,7.14319,312.48,312.48,2.00
443800.00,3920400.00,6.85852,311.04,311.04,2.00
443800.00,3920300.00,6.49713,309.54,309.54,2.00
443900.00,3922300.00,10.68134,322.45,322.45,2.00
443900.00,3922200.00,10.39299,320.76,320.76,2.00
443900.00,3922100.00,10.66849,319.34,319.34,2.00
443900.00,3922000.00,10.30651,317.63,317.63,2.00
443900.00,3921900.00,10.41044,320.49,320.49,2.00
443900.00,3921800.00,10.33732,319.65,319.65,2.00
443900.00,3921700.00,10.18255,318.54,318.54,2.00
443900.00,3921600.00,9.8946,318.43,318.43,2.00
443900.00,3921500.00,9.47033,317.76,317.76,2.00
443900.00,3921400.00,9.16076,317.02,317.02,2.00
443900.00,3921300.00,8.84093,316.67,316.67,2.00
443900.00,3921200.00,8.60646,316.12,316.12,2.00
443900.00,3921100.00,7.96535,316.90,316.90,2.00
443900.00,3921000.00,7.87712,316.02,316.02,2.00
443900.00,3920900.00,7.68334,315.40,315.40,2.00
443900.00,3920800.00,7.15835,315.86,315.86,2.00
443900.00,3920700.00,7.14283,314.42,314.42,2.00
443900.00,3920600.00,6.7932,311.73,311.73,2.00
443900.00,3920500.00,6.50376,310.51,310.51,2.00
443900.00,3920400.00,6.32594,310.81,310.81,2.00
443900.00,3920300.00,6.09159,310.26,310.26,2.00
444000.00,3922300.00,8.78609,322.89,322.89,2.00
444000.00,3922200.00,8.91818,319.47,319.47,2.00
444000.00,3922100.00,8.84717,320.00,320.00,2.00
444000.00,3922000.00,8.49635,322.23,322.23,2.00
444000.00,3921900.00,8.54671,321.16,321.16,2.00
444000.00,3921800.00,8.77075,319.76,319.76,2.00
444000.00,3921700.00,8.67784,319.42,319.42,2.00
444000.00,3921600.00,8.11089,320.52,320.52,2.00
444000.00,3921500.00,8.14375,319.44,319.44,2.00
444000.00,3921400.00,8.0566,317.49,317.49,2.00
444000.00,3921300.00,7.87188,316.65,316.65,2.00
444000.00,3921200.00,7.71726,316.13,316.13,2.00
444000.00,3921100.00,7.39558,316.29,316.29,2.00
444000.00,3921000.00,7.15887,316.01,316.01,2.00
444000.00,3920900.00,6.97372,315.31,315.31,2.00
444000.00,3920800.00,6.68909,315.17,315.17,2.00
444000.00,3920700.00,6.53381,314.02,314.02,2.00
444000.00,3920600.00,6.21801,312.02,312.02,2.00
444000.00,3920500.00,5.93622,310.21,310.21,2.00
444000.00,3920400.00,5.80745,310.87,310.87,2.00
444000.00,3920300.00,5.63155,311.13,311.13,2.00
444100.00,3922300.00,7.33264,323.81,323.81,2.00
444100.00,3922200.00,7.47756,320.86,320.86,2.00
444100.00,3922100.00,7.35866,321.81,321.81,2.00
444100.00,3922000.00,7.31432,322.78,322.78,2.00
444100.00,3921900.00,7.34636,320.98,320.98,2.00
444100.00,3921800.00,7.46657,320.32,320.32,2.00
444100.00,3921700.00,7.59233,319.01,319.01,2.00
444100.00,3921600.00,7.40807,319.52,319.52,2.00
444100.00,3921500.00,7.08467,319.98,319.98,2.00
444100.00,3921400.00,7.15659,317.47,317.47,2.00
444100.00,3921300.00,7.09245,316.02,316.02,2.00
444100.00,3921200.00,6.81609,316.79,316.79,2.00
444100.00,3921100.00,6.54712,316.99,316.99,2.00
444100.00,3921000.00,6.60798,315.07,315.07,2.00
444100.00,3920900.00,6.42717,313.98,313.98,2.00
444100.00,3920800.00,6.19482,313.70,313.70,2.00
444100.00,3920700.00,5.86719,311.93,311.93,2.00
444100.00,3920600.00,5.64559,311.34,311.34,2.00
444100.00,3920500.00,5.42799,310.32,310.32,2.00
444100.00,3920400.00,5.30187,310.90,310.90,2.00
444100.00,3920300.00,5.12607,310.38,310.38,2.00
444200.00,3922300.00,6.35342,324.00,324.00,2.00
444200.00,3922200.00,6.41045,322.49,322.49,2.00
444200.00,3922100.00,6.27127,323.45,323.45,2.00
444200.00,3922000.00,6.22423,323.07,323.07,2.00
444200.00,3921900.00,6.31362,321.84,321.84,2.00
444200.00,3921800.00,6.30426,321.56,321.56,2.00
444200.00,3921700.00,6.07284,322.06,322.06,2.00
444200.00,3921600.00,6.27972,320.59,320.59,2.00
444200.00,3921500.00,6.31678,319.91,319.91,2.00
444200.00,3921400.00,6.41074,318.00,318.00,2.00
444200.00,3921300.00,6.27778,317.38,317.38,2.00
444200.00,3921200.00,6.18534,316.66,316.66,2.00
444200.00,3921100.00,6.18299,314.94,314.94,2.00
444200.00,3921000.00,5.91063,311.84,311.84,2.00
444200.00,3920900.00,5.69307,310.65,310.65,2.00
444200.00,3920800.00,5.48963,309.90,309.90,2.00
444200.00,3920700.00,5.30977,309.28,309.28,2.00
444200.00,3920600.00,5.12457,308.90,308.90,2.00
444200.00,3920500.00,4.96967,308.77,308.77,2.00
444200.00,3920400.00,4.8359,309.00,309.00,2.00
444200.00,3920300.00,4.66178,308.60,308.60,2.00
444300.00,3922300.00,5.6076,323.52,323.52,2.00
444300.00,3922200.00,5.52545,323.45,323.45,2.00
444300.00,3922100.00,5.54584,323.87,323.87,2.00
444300.00,3922000.00,5.4828,323.25,323.25,2.00
444300.00,3921900.00,5.59584,322.00,322.00,2.00
444300.00,3921800.00,5.56616,321.95,321.95,2.00
444300.00,3921700.00,5.61982,321.07,321.07,2.00
444300.00,3921600.00,5.74059,319.62,319.62,2.00
444300.00,3921500.00,5.71789,319.18,319.18,2.00
444300.00,3921400.00,5.74866,317.23,317.23,2.00
444300.00,3921300.00,5.78011,315.00,315.00,2.00
444300.00,3921200.00,5.69656,313.90,313.90,2.00
444300.00,3921100.00,5.45861,311.12,311.12,2.00
444300.00,3921000.00,5.25969,309.09,309.09,2.00
444300.00,3920900.00,5.11804,308.65,308.65,2.00
444300.00,3920800.00,5.01209,308.81,308.81,2.00
444300.00,3920700.00,4.91904,309.54,309.54,2.00
444300.00,3920600.00,4.73936,308.12,308.12,2.00
444300.00,3920500.00,4.71954,309.98,309.98,2.00
444300.00,3920400.00,4.61876,310.78,310.78,2.00
444300.00,3920300.00,4.44101,309.72,309.72,2.00
444400.00,3922300.00,4.90955,322.37,322.37,2.00
444400.00,3922200.00,5.02205,321.30,321.30,2.00
444400.00,3922100.00,5.08758,322.05,322.05,2.00
444400.00,3922000.00,5.06503,320.55,320.55,2.00
444400.00,3921900.00,5.04276,321.82,321.82,2.00
444400.00,3921800.00,5.13595,320.55,320.55,2.00
444400.00,3921700.00,5.24494,317.44,317.44,2.00
444400.00,3921600.00,5.31189,314.42,314.42,2.00
444400.00,3921500.00,5.30025,314.87,314.87,2.00
444400.00,3921400.00,5.25552,315.10,315.10,2.00
444400.00,3921300.00,5.21701,314.92,314.92,2.00
444400.00,3921200.00,5.1507,313.42,313.42,2.00
444400.00,3921100.00,5.0067,312.06,312.06,2.00
444400.00,3921000.00,4.85254,310.08,310.08,2.00
444400.00,3920900.00,4.75926,310.92,310.92,2.00
444400.00,3920800.00,4.6363,309.98,309.98,2.00
444400.00,3920700.00,4.55544,310.18,310.18,2.00
444400.00,3920600.00,4.50924,311.26,311.26,2.00
444400.00,3920500.00,4.45705,312.35,312.35,2.00
444400.00,3920400.00,4.33544,313.42,313.42,2.00
444400.00,3920300.00,4.21686,312.95,312.95,2.00
444500.00,3922300.00,4.4662,317.55,317.55,2.00
444500.00,3922200.00,4.75046,316.25,316.25,2.00
444500.00,3922100.00,4.61372,317.22,317.22,2.00
444500.00,3922000.00,4.63032,317.65,317.65,2.00
444500.00,3921900.00,4.70259,316.73,316.73,2.00
444500.00,3921800.00,4.72266,316.89,316.89,2.00
444500.00,3921700.00,4.77784,314.74,314.74,2.00
444500.00,3921600.00,4.8036,313.42,313.42,2.00
444500.00,3921500.00,4.83511,314.40,314.40,2.00
444500.00,3921400.00,4.8133,315.35,315.35,2.00
444500.00,3921300.00,4.75103,315.74,315.74,2.00
444500.00,3921200.00,4.67588,315.94,315.94,2.00
444500.00,3921100.00,4.53916,317.09,317.09,2.00
444500.00,3921000.00,4.58527,314.75,314.75,2.00
444500.00,3920900.00,4.49422,314.61,314.61,2.00
444500.00,3920800.00,4.37543,315.10,315.10,2.00
444500.00,3920700.00,4.31635,313.26,313.26,2.00
444500.00,3920600.00,4.22485,312.74,312.74,2.00
444500.00,3920500.00,4.12208,311.89,311.89,2.00
444500.00,3920400.00,4.02049,311.80,311.80,2.00
444500.00,3920300.00,3.92292,311.45,311.45,2.00
444600.00,3922300.00,4.00594,319.44,319.44,2.00
444600.00,3922200.00,4.22164,318.10,318.10,2.00
444600.00,3922100.00,4.11812,317.99,317.99,2.00
444600.00,3922000.00,4.21081,317.31,317.31,2.00
444600.00,3921900.00,4.2853,315.64,315.64,2.00
444600.00,3921800.00,4.29263,316.24,316.24,2.00
444600.00,3921700.00,4.34679,316.23,316.23,2.00
444600.00,3921600.00,4.38466,315.05,315.05,2.00
444600.00,3921500.00,4.38933,315.16,315.16,2.00
444600.00,3921400.00,4.37176,315.99,315.99,2.00
444600.00,3921300.00,4.33994,316.57,316.57,2.00
444600.00,3921200.00,4.28984,316.64,316.64,2.00
444600.00,3921100.00,4.18353,317.28,317.28,2.00
444600.00,3921000.00,4.17132,316.10,316.10,2.00
444600.00,3920900.00,4.10263,316.00,316.00,2.00
444600.00,3920800.00,4.03189,315.81,315.81,2.00
444600.00,3920700.00,4.02815,313.94,313.94,2.00
444600.00,3920600.00,3.94537,313.38,313.38,2.00
444600.00,3920500.00,3.8641,312.53,312.53,2.00
444600.00,3920400.00,3.75857,311.90,311.90,2.00
444600.00,3920300.00,3.6356,310.49,310.49,2.00
444700.00,3922300.00,3.66653,320.71,320.71,2.00
444700.00,3922200.00,3.62833,322.24,322.24,2.00
444700.00,3922100.00,3.68049,319.70,319.70,2.00
444700.00,3922000.00,3.78368,320.52,320.52,2.00
444700.00,3921900.00,3.83628,320.15,320.15,2.00
444700.00,3921800.00,3.87641,319.40,319.40,2.00
444700.00,3921700.00,3.95428,317.82,317.82,2.00
444700.00,3921600.00,3.99962,316.64,316.64,2.00
444700.00,3921500.00,4.00795,318.24,318.24,2.00
444700.00,3921400.00,3.98363,317.73,317.73,2.00
444700.00,3921300.00,3.89452,318.91,318.91,2.00
444700.00,3921200.00,3.95192,316.99,316.99,2.00
444700.00,3921100.00,3.91047,316.85,316.85,2.00
444700.00,3921000.00,3.90931,315.22,315.22,2.00
444700.00,3920900.00,3.87075,313.19,313.19,2.00
444700.00,3920800.00,3.8191,314.02,314.02,2.00
444700.00,3920700.00,3.76504,312.88,312.88,2.00
444700.00,3920600.00,3.6995,312.55,312.55,2.00
444700.00,3920500.00,3.64041,313.32,313.32,2.00
444700.00,3920400.00,3.53078,311.20,311.20,2.00
444700.00,3920300.00,3.41468,310.01,310.01,2.00
443700.00,3921200.00,11.80111,314.92,314.92,2.00
443700.00,3921100.00,11.30299,314.33,314.33,2.00
443700.00,3921000.00,10.10089,315.70,315.70,2.00
443700.00,3920900.00,9.38548,315.79,315.79,2.00
443700.00,3920800.00,9.2383,313.07,313.07,2.00
443700.00,3920700.00,8.6144,312.71,312.71,2.00
443700.00,3920600.00,8.16703,313.57,313.57,2.00
443700.00,3920500.00,7.68454,312.95,312.95,2.00
443700.00,3920400.00,7.31079,312.36,312.36,2.00
443700.00,3920300.00,6.96092,311.87,311.87,2.00
443600.00,3921200.00,13.8822,314.96,314.96,2.00
443600.00,3921100.00,12.97609,314.97,314.97,2.00
443600.00,3921000.00,12.32775,314.39,314.39,2.00
443600.00,3920900.00,11.49261,314.09,314.09,2.00
443600.00,3920800.00,10.17093,312.49,312.49,2.00
443600.00,3920700.00,9.49502,311.24,311.24,2.00
443600.00,3920600.00,9.0332,311.95,311.95,2.00
443600.00,3920500.00,8.54073,311.28,311.28,2.00
443600.00,3920400.00,8.12586,310.32,310.32,2.00
443600.00,3920300.00,7.69092,310.05,310.05,2.00
443500.00,3921200.00,13.78316,316.61,316.61,2.00
443500.00,3921100.00,13.41872,316.01,316.01,2.00
443500.00,3921000.00,14.1993,314.92,314.92,2.00
443500.00,3920900.00,12.19049,312.16,312.16,2.00
443500.00,3920800.00,11.67059,312.89,312.89,2.00
443500.00,3920700.00,10.7462,312.16,312.16,2.00
443500.00,3920600.00,10.00731,312.56,312.56,2.00
443500.00,3920500.00,9.37609,311.47,311.47,2.00
443500.00,3920400.00,8.74014,308.58,308.58,2.00
443500.00,3920300.00,7.78334,305.83,305.83,2.00
443400.00,3921200.00,17.10922,316.55,316.55,2.00
443400.00,3921100.00,14.71343,316.74,316.74,2.00
443400.00,3921000.00,14.22562,315.98,315.98,2.00
443400.00,3920900.00,17.01667,314.22,314.22,2.00
443400.00,3920800.00,14.64227,313.82,313.82,2.00
443400.00,3920700.00,12.77365,312.68,312.68,2.00
443400.00,3920600.00,11.67011,311.93,311.93,2.00
443400.00,3920500.00,10.64255,310.62,310.62,2.00
443400.00,3920400.00,9.79155,307.90,307.90,2.00
443400.00,3920300.00,8.87382,306.81,306.81,2.00
443300.00,3921200.00,39.94004,314.54,314.54,2.00
443300.00,3921100.00,49.6386,314.25,314.25,2.00
443300.00,3921000.00,22.45412,315.44,315.44,2.00
443300.00,3920900.00,20.07636,315.86,315.86,2.00
443300.00,3920800.00,21.25644,313.36,313.36,2.00
443300.00,3920700.00,17.3884,312.47,312.47,2.00
443300.00,3920600.00,14.77013,311.50,311.50,2.00
443300.00,3920500.00,13.17872,311.41,311.41,2.00
443300.00,3920400.00,11.99883,309.49,309.49,2.00
443300.00,3920300.00,11.02762,309.02,309.02,2.00
443200.00,3921200.00,32.06448,314.21,314.21,2.00
443200.00,3921100.00,28.62523,315.62,315.62,2.00
443200.00,3921000.00,25.63144,315.88,315.88,2.00
443200.00,3920900.00,34.10036,315.08,315.08,2.00
443200.00,3920800.00,39.18967,313.88,313.88,2.00
443200.00,3920700.00,32.87293,313.33,313.33,2.00
443200.00,3920600.00,25.53314,311.91,311.91,2.00
443200.00,3920500.00,18.21486,311.88,311.88,2.00
443200.00,3920400.00,14.38488,311.62,311.62,2.00
443200.00,3920300.00,12.05476,311.62,311.62,2.00
443100.00,3921200.00,28.85443,315.13,315.13,2.00
443100.00,3921100.00,28.20276,315.08,315.08,2.00
443100.00,3921000.00,26.50214,315.51,315.51,2.00
443100.00,3920900.00,31.33438,313.86,313.86,2.00
443100.00,3920800.00,29.95639,312.64,312.64,2.00
443100.00,3920700.00,33.90901,312.31,312.31,2.00
443100.00,3920600.00,44.39709,312.55,312.55,2.00
443100.00,3920500.00,26.9528,310.76,310.76,2.00
443100.00,3920400.00,22.44653,311.32,311.32,2.00
443100.00,3920300.00,16.9447,311.22,311.22,2.00
443000.00,3921200.00,28.08906,315.13,315.13,2.00
443000.00,3921100.00,26.0524,313.18,313.18,2.00
443000.00,3921000.00,25.30833,312.92,312.92,2.00
443000.00,3920900.00,24.99313,312.69,312.69,2.00
443000.00,3920800.00,24.11418,310.35,310.35,2.00
443000.00,3920700.00,24.89672,307.84,307.84,2.00
443000.00,3920600.00,27.23001,308.40,308.40,2.00
443000.00,3920500.00,32.75335,309.78,309.78,2.00
443000.00,3920400.00,43.43394,310.55,310.55,2.00
443000.00,3920300.00,24.57526,311.20,311.20,2.00
442900.00,3921200.00,29.38984,314.24,314.24,2.00
442900.00,3921100.00,24.94709,312.32,312.32,2.00
442900.00,3921000.00,23.09146,308.62,308.62,2.00
442900.00,3920900.00,22.91654,310.25,310.25,2.00
442900.00,3920800.00,22.8023,310.11,310.11,2.00
442900.00,3920700.00,23.09541,309.44,309.44,2.00
442900.00,3920600.00,24.19997,307.39,307.39,2.00
442900.00,3920500.00,28.58625,309.19,309.19,2.00
442900.00,3920400.00,32.0413,310.62,310.62,2.00
442900.00,3920300.00,25.74355,312.00,312.00,2.00
442800.00,3921200.00,28.79099,315.89,315.89,2.00
442800.00,3921100.00,26.89372,314.25,314.25,2.00
442800.00,3921000.00,23.68129,309.99,309.99,2.00
442800.00,3920900.00,22.25177,310.13,310.13,2.00
442800.00,3920800.00,22.12421,311.05,311.05,2.00
442800.00,3920700.00,22.05997,306.75,306.75,2.00
442800.00,3920600.00,23.82091,307.12,307.12,2.00
442800.00,3920500.00,27.19985,309.24,309.24,2.00
442800.00,3920400.00,30.85014,309.87,309.87,2.00
442800.00,3920300.00,30.12957,309.87,309.87,2.00
442700.00,3921200.00,29.77324,315.95,315.95,2.00
442700.00,3921100.00,27.14387,315.02,315.02,2.00
442700.00,3921000.00,24.27339,311.43,311.43,2.00
442700.00,3920900.00,22.84571,310.00,310.00,2.00
442700.00,3920800.00,21.70776,309.95,309.95,2.00
442700.00,3920700.00,22.0477,309.01,309.01,2.00
442700.00,3920600.00,25.1253,307.18,307.18,2.00
442700.00,3920500.00,29.20979,308.18,308.18,2.00
442700.00,3920400.00,30.62168,309.00,309.00,2.00
442700.00,3920300.00,29.31984,308.43,308.43,2.00
442600.00,3921200.00,34.7595,314.23,314.23,2.00
442600.00,3921100.00,28.6576,314.17,314.17,2.00
442600.00,3921000.00,24.92674,314.53,314.53,2.00
442600.00,3920900.00,22.84807,312.67,312.67,2.00
442600.00,3920800.00,22.01943,312.29,312.29,2.00
442600.00,3920700.00,22.52184,309.72,309.72,2.00
442600.00,3920600.00,28.00898,308.50,308.50,2.00
442600.00,3920500.00,27.71994,309.67,309.67,2.00
442600.00,3920400.00,28.41281,308.48,308.48,2.00
442600.00,3920300.00,26.15003,307.17,307.17,2.00
442500.00,3921200.00,37.18264,312.85,312.85,2.00
442500.00,3921100.00,29.4042,312.53,312.53,2.00
442500.00,3921000.00,25.89958,313.64,313.64,2.00
442500.00,3920900.00,23.49672,312.68,312.68,2.00
442500.00,3920800.00,22.75486,310.91,310.91,2.00
442500.00,3920700.00,25.21814,307.97,307.97,2.00
442500.00,3920600.00,35.8997,308.36,308.36,2.00
442500.00,3920500.00,25.86309,310.32,310.32,2.00
442500.00,3920400.00,25.29618,309.28,309.28,2.00
442500.00,3920300.00,24.08593,306.38,306.38,2.00
442400.00,3921200.00,38.02973,313.41,313.41,2.00
442400.00,3921100.00,35.70307,310.97,310.97,2.00
442400.00,3921000.00,27.65883,311.96,311.96,2.00
442400.00,3920900.00,25.47061,311.21,311.21,2.00
442400.00,3920800.00,24.3739,309.65,309.65,2.00
442400.00,3920700.00,28.41331,310.00,310.00,2.00
442400.00,3920600.00,35.32322,309.59,309.59,2.00
442400.00,3920500.00,28.16767,309.00,309.00,2.00
442400.00,3920400.00,25.65181,308.52,308.52,2.00
442400.00,3920300.00,22.37812,309.37,309.37,2.00
442300.00,3921200.00,33.46143,313.16,313.16,2.00
442300.00,3921100.00,43.20413,311.19,311.19,2.00
442300.00,3921000.00,30.91559,310.32,310.32,2.00
442300.00,3920900.00,26.71339,309.22,309.22,2.00
442300.00,3920800.00,26.72433,308.28,308.28,2.00
442300.00,3920700.00,31.01547,308.97,308.97,2.00
442300.00,3920600.00,31.26984,310.22,310.22,2.00
442300.00,3920500.00,25.67277,310.13,310.13,2.00
442300.00,3920400.00,24.77286,308.59,308.59,2.00
442300.00,3920300.00,21.81827,309.23,309.23,2.00
442200.00,3921200.00,29.90794,313.18,313.18,2.00
442200.00,3921100.00,45.40147,312.00,312.00,2.00
442200.00,3921000.00,33.01521,311.82,311.82,2.00
442200.00,3920900.00,28.677,309.88,309.88,2.00
442200.00,3920800.00,29.56774,308.80,308.80,2.00
442200.00,3920700.00,41.72817,308.88,308.88,2.00
442200.00,3920600.00,31.38796,309.04,309.04,2.00
442200.00,3920500.00,27.10819,308.46,308.46,2.00
442200.00,3920400.00,24.33303,307.87,307.87,2.00
442200.00,3920300.00,21.81759,308.55,308.55,2.00
442100.00,3921200.00,23.03548,314.41,314.41,2.00
442100.00,3921100.00,57.06865,311.54,311.54,2.00
442100.00,3921000.00,39.07834,311.02,311.02,2.00
442100.00,3920900.00,31.23207,309.57,309.57,2.00
442100.00,3920800.00,35.02404,307.11,307.11,2.00
442100.00,3920700.00,37.40206,307.96,307.96,2.00
442100.00,3920600.00,29.55281,309.08,309.08,2.00
442100.00,3920500.00,26.22385,307.57,307.57,2.00
442100.00,3920400.00,22.07335,306.00,306.00,2.00
442100.00,3920300.00,21.00401,306.93,306.93,2.00
442000.00,3921200.00,25.47125,311.01,311.01,2.00
442000.00,3921100.00,41.49725,309.52,309.52,2.00
442000.00,3921000.00,39.68767,311.49,311.49,2.00
442000.00,3920900.00,34.20549,311.16,311.16,2.00
442000.00,3920800.00,34.37934,310.58,310.58,2.00
442000.00,3920700.00,31.41873,309.78,309.78,2.00
442000.00,3920600.00,28.91884,308.25,308.25,2.00
442000.00,3920500.00,25.49194,307.36,307.36,2.00
442000.00,3920400.00,22.76982,307.42,307.42,2.00
442000.00,3920300.00,20.75916,307.81,307.81,2.00
441900.00,3921200.00,22.45463,308.53,308.53,2.00
441900.00,3921100.00,30.91964,307.33,307.33,2.00
441900.00,3921000.00,36.42613,311.87,311.87,2.00
441900.00,3920900.00,33.4779,312.59,312.59,2.00
441900.00,3920800.00,43.28625,311.05,311.05,2.00
441900.00,3920700.00,31.71853,309.28,309.28,2.00
441900.00,3920600.00,27.63391,308.60,308.60,2.00
441900.00,3920500.00,24.18507,306.44,306.44,2.00
441900.00,3920400.00,22.16007,307.18,307.18,2.00
441900.00,3920300.00,20.09884,307.30,307.30,2.00
441800.00,3921200.00,18.77417,311.52,311.52,2.00
441800.00,3921100.00,26.29459,309.44,309.44,2.00
441800.00,3921000.00,39.42316,310.14,310.14,2.00
441800.00,3920900.00,46.09215,309.69,309.69,2.00
441800.00,3920800.00,41.61213,309.43,309.43,2.00
441800.00,3920700.00,30.88666,307.31,307.31,2.00
441800.00,3920600.00,25.80344,306.09,306.09,2.00
441800.00,3920500.00,22.67433,305.47,305.47,2.00
441800.00,3920400.00,20.83031,306.01,306.01,2.00
441800.00,3920300.00,19.47798,306.90,306.90,2.00
441700.00,3921200.00,17.79029,310.29,310.29,2.00
441700.00,3921100.00,22.11604,310.13,310.13,2.00
441700.00,3921000.00,25.59099,312.62,312.62,2.00
441700.00,3920900.00,41.4302,311.62,311.62,2.00
441700.00,3920800.00,39.98478,310.12,310.12,2.00
441700.00,3920700.00,30.14895,307.09,307.09,2.00
441700.00,3920600.00,24.19364,304.81,304.81,2.00
441700.00,3920500.00,21.9858,305.51,305.51,2.00
441700.00,3920400.00,19.92885,305.46,305.46,2.00
441700.00,3920300.00,18.25923,305.57,305.57,2.00
442600.00,3921300.00,58.22594,313.90,313.90,2.00
442600.00,3921400.00,29.59105,316.30,316.30,2.00
442600.00,3921500.00,22.19269,317.08,317.08,2.00
442600.00,3921600.00,19.7815,317.00,317.00,2.00
442600.00,3921700.00,18.35105,317.06,317.06,2.00
442600.00,3921800.00,17.33279,317.04,317.04,2.00
442600.00,3921900.00,16.57298,317.00,317.00,2.00
442600.00,3922000.00,15.83439,317.82,317.82,2.00
442600.00,3922100.00,15.10803,318.85,318.85,2.00
442600.00,3922200.00,14.30927,320.83,320.83,2.00
442600.00,3922300.00,13.83174,322.06,322.06,2.00
442600.00,3922400.00,13.51053,322.95,322.95,2.00
442600.00,3922500.00,12.67263,322.36,322.36,2.00
442600.00,3922600.00,11.9466,319.32,319.32,2.00
442600.00,3922700.00,11.12995,321.02,321.02,2.00
442600.00,3922800.00,10.29744,322.20,322.20,2.00
442600.00,3922900.00,9.43034,320.06,320.06,2.00
442600.00,3923000.00,8.20858,320.72,320.72,2.00
442600.00,3923100.00,7.00757,323.32,323.32,2.00
442600.00,3923200.00,5.93759,324.73,324.73,2.00
442600.00,3923300.00,5.0754,325.79,325.79,2.00
442500.00,3921300.00,47.45971,312.15,312.15,2.00
442500.00,3921400.00,25.42878,316.00,316.00,2.00
442500.00,3921500.00,21.50799,315.73,315.73,2.00
442500.00,3921600.00,19.34979,315.20,315.20,2.00
442500.00,3921700.00,17.57314,315.60,315.60,2.00
442500.00,3921800.00,16.14097,316.58,316.58,2.00
442500.00,3921900.00,15.22125,317.51,317.51,2.00
442500.00,3922000.00,14.57804,317.19,317.19,2.00
442500.00,3922100.00,13.98389,316.77,316.77,2.00
442500.00,3922200.00,13.29969,318.34,318.34,2.00
442500.00,3922300.00,12.70026,319.22,319.22,2.00
442500.00,3922400.00,12.01505,321.75,321.75,2.00
442500.00,3922500.00,11.33694,321.91,321.91,2.00
442500.00,3922600.00,10.65749,321.46,321.46,2.00
442500.00,3922700.00,9.919,321.17,321.17,2.00
442500.00,3922800.00,9.16958,320.83,320.83,2.00
442500.00,3922900.00,8.24546,322.44,322.44,2.00
442500.00,3923000.00,7.24983,323.16,323.16,2.00
442500.00,3923100.00,6.22993,323.45,323.45,2.00
442500.00,3923200.00,5.26246,323.66,323.66,2.00
442500.00,3923300.00,4.62874,324.47,324.47,2.00
442400.00,3921300.00,31.56646,313.00,313.00,2.00
442400.00,3921400.00,22.6943,315.49,315.49,2.00
442400.00,3921500.00,19.38464,315.48,315.48,2.00
442400.00,3921600.00,17.22273,315.91,315.91,2.00
442400.00,3921700.00,15.81065,316.53,316.53,2.00
442400.00,3921800.00,14.85113,316.81,316.81,2.00
442400.00,3921900.00,14.11761,317.00,317.00,2.00
442400.00,3922000.00,13.43334,317.41,317.41,2.00
442400.00,3922100.00,12.74457,318.74,318.74,2.00
442400.00,3922200.00,12.2305,318.34,318.34,2.00
442400.00,3922300.00,11.76182,316.44,316.44,2.00
442400.00,3922400.00,10.93292,319.92,319.92,2.00
442400.00,3922500.00,10.25489,321.19,321.19,2.00
442400.00,3922600.00,9.62132,320.27,320.27,2.00
442400.00,3922700.00,8.9556,320.71,320.71,2.00
442400.00,3922800.00,8.20041,321.03,321.03,2.00
442400.00,3922900.00,7.38844,323.48,323.48,2.00
442400.00,3923000.00,6.4037,321.60,321.60,2.00
442400.00,3923100.00,5.61277,320.11,320.11,2.00
442400.00,3923200.00,4.768,321.78,321.78,2.00
442400.00,3923300.00,4.24655,323.14,323.14,2.00
442300.00,3921300.00,25.94884,312.78,312.78,2.00
442300.00,3921400.00,20.65319,313.31,313.31,2.00
442300.00,3921500.00,17.43367,315.57,315.57,2.00
442300.00,3921600.00,16.19126,315.12,315.12,2.00
442300.00,3921700.00,15.06132,315.29,315.29,2.00
442300.00,3921800.00,14.15636,315.27,315.27,2.00
442300.00,3921900.00,13.33137,315.82,315.82,2.00
442300.00,3922000.00,12.60447,316.21,316.21,2.00
442300.00,3922100.00,11.8175,317.76,317.76,2.00
442300.00,3922200.00,11.2431,317.92,317.92,2.00
442300.00,3922300.00,10.75408,316.93,316.93,2.00
442300.00,3922400.00,10.10254,317.93,317.93,2.00
442300.00,3922500.00,9.58737,316.11,316.11,2.00
442300.00,3922600.00,8.80083,319.37,319.37,2.00
442300.00,3922700.00,8.28985,317.45,317.45,2.00
442300.00,3922800.00,7.40382,319.60,319.60,2.00
442300.00,3922900.00,6.56675,321.17,321.17,2.00
442300.00,3923000.00,5.80222,320.58,320.58,2.00
442300.00,3923100.00,5.10692,320.35,320.35,2.00
442300.00,3923200.00,4.41844,321.43,321.43,2.00
442300.00,3923300.00,3.96449,322.01,322.01,2.00
442200.00,3921300.00,24.15665,312.02,312.02,2.00
442200.00,3921400.00,18.90831,312.78,312.78,2.00
442200.00,3921500.00,16.21027,314.84,314.84,2.00
442200.00,3921600.00,15.1674,314.24,314.24,2.00
442200.00,3921700.00,14.23782,313.49,313.49,2.00
442200.00,3921800.00,13.4446,312.71,312.71,2.00
442200.00,3921900.00,12.4872,315.22,315.22,2.00
442200.00,3922000.00,11.60699,316.42,316.42,2.00
442200.00,3922100.00,10.99493,316.68,316.68,2.00
442200.00,3922200.00,10.418,317.17,317.17,2.00
442200.00,3922300.00,9.81878,318.28,318.28,2.00
442200.00,3922400.00,9.52434,314.01,314.01,2.00
442200.00,3922500.00,8.89015,314.55,314.55,2.00
442200.00,3922600.00,8.18944,316.98,316.98,2.00
442200.00,3922700.00,7.43056,318.97,318.97,2.00
442200.00,3922800.00,6.66613,319.89,319.89,2.00
442200.00,3922900.00,6.04007,319.31,319.31,2.00
442200.00,3923000.00,5.30584,320.41,320.41,2.00
442200.00,3923100.00,4.63957,322.22,322.22,2.00
442200.00,3923200.00,4.10083,323.01,323.01,2.00
442200.00,3923300.00,3.74315,321.74,321.74,2.00
442100.00,3921300.00,20.3478,312.61,312.61,2.00
442100.00,3921400.00,16.94226,313.59,313.59,2.00
442100.00,3921500.00,15.09511,314.30,314.30,2.00
442100.00,3921600.00,13.88303,314.99,314.99,2.00
442100.00,3921700.00,13.23486,313.82,313.82,2.00
442100.00,3921800.00,12.64329,311.94,311.94,2.00
442100.00,3921900.00,11.58212,315.00,315.00,2.00
442100.00,3922000.00,10.67529,317.00,317.00,2.00
442100.00,3922100.00,10.26816,316.20,316.20,2.00
442100.00,3922200.00,9.68123,316.81,316.81,2.00
442100.00,3922300.00,9.09569,317.09,317.09,2.00
442100.00,3922400.00,8.74684,314.60,314.60,2.00
442100.00,3922500.00,8.15493,315.64,315.64,2.00
442100.00,3922600.00,7.51479,316.66,316.66,2.00
442100.00,3922700.00,6.74495,319.12,319.12,2.00
442100.00,3922800.00,6.08592,319.88,319.88,2.00
442100.00,3922900.00,5.56363,318.54,318.54,2.00
442100.00,3923000.00,4.94725,319.29,319.29,2.00
442100.00,3923100.00,4.34832,320.15,320.15,2.00
442100.00,3923200.00,3.84378,321.40,321.40,2.00
442100.00,3923300.00,3.54932,321.00,321.00,2.00
442000.00,3921300.00,17.97708,313.14,313.14,2.00
442000.00,3921400.00,15.41793,314.17,314.17,2.00
442000.00,3921500.00,13.93091,314.68,314.68,2.00
442000.00,3921600.00,12.99823,314.62,314.62,2.00
442000.00,3921700.00,12.18777,314.45,314.45,2.00
442000.00,3921800.00,11.66426,312.73,312.73,2.00
442000.00,3921900.00,10.88819,314.03,314.03,2.00
442000.00,3922000.00,10.27186,314.71,314.71,2.00
442000.00,3922100.00,9.77018,314.32,314.32,2.00
442000.00,3922200.00,9.20504,314.28,314.28,2.00
442000.00,3922300.00,8.47182,316.17,316.17,2.00
442000.00,3922400.00,7.88658,317.64,317.64,2.00
442000.00,3922500.00,7.41018,317.90,317.90,2.00
442000.00,3922600.00,6.78524,318.65,318.65,2.00
442000.00,3922700.00,6.23693,317.86,317.86,2.00
442000.00,3922800.00,5.67987,318.23,318.23,2.00
442000.00,3922900.00,5.07061,319.47,319.47,2.00
442000.00,3923000.00,4.59512,319.00,319.00,2.00
442000.00,3923100.00,4.13753,317.91,317.91,2.00
442000.00,3923200.00,3.70179,319.21,319.21,2.00
442000.00,3923300.00,3.38007,320.02,320.02,2.00
441900.00,3921300.00,17.91538,311.22,311.22,2.00
441900.00,3921400.00,14.88715,312.70,312.70,2.00
441900.00,3921500.00,13.48448,312.84,312.84,2.00
441900.00,3921600.00,12.49758,312.78,312.78,2.00
441900.00,3921700.00,11.52089,313.32,313.32,2.00
441900.00,3921800.00,10.75079,313.72,313.72,2.00
441900.00,3921900.00,10.30726,312.92,312.92,2.00
441900.00,3922000.00,9.79825,312.74,312.74,2.00
441900.00,3922100.00,9.11567,314.26,314.26,2.00
441900.00,3922200.00,8.5892,313.76,313.76,2.00
441900.00,3922300.00,8.00219,314.93,314.93,2.00
441900.00,3922400.00,7.35729,317.14,317.14,2.00
441900.00,3922500.00,6.97055,315.70,315.70,2.00
441900.00,3922600.00,6.33528,316.68,316.68,2.00
441900.00,3922700.00,5.80442,316.77,316.77,2.00
441900.00,3922800.00,5.29701,316.85,316.85,2.00
441900.00,3922900.00,4.80704,316.89,316.89,2.00
441900.00,3923000.00,4.31621,317.93,317.93,2.00
441900.00,3923100.00,3.83802,318.84,318.84,2.00
441900.00,3923200.00,3.50253,319.23,319.23,2.00
441900.00,3923300.00,3.24805,319.10,319.10,2.00
441800.00,3921300.00,16.68938,310.12,310.12,2.00
441800.00,3921400.00,14.57891,310.41,310.41,2.00
441800.00,3921500.00,12.91344,311.84,311.84,2.00
441800.00,3921600.00,11.85453,311.99,311.99,2.00
441800.00,3921700.00,10.89641,312.75,312.75,2.00
441800.00,3921800.00,10.05069,313.91,313.91,2.00
441800.00,3921900.00,9.5101,314.14,314.14,2.00
441800.00,3922000.00,9.15721,312.12,312.12,2.00
441800.00,3922100.00,8.62638,311.51,311.51,2.00
441800.00,3922200.00,8.08824,312.36,312.36,2.00
441800.00,3922300.00,7.48441,314.86,314.86,2.00
441800.00,3922400.00,6.99242,315.06,315.06,2.00
441800.00,3922500.00,6.40508,315.90,315.90,2.00
441800.00,3922600.00,5.78137,318.10,318.10,2.00
441800.00,3922700.00,5.40384,316.55,316.55,2.00
441800.00,3922800.00,4.9032,317.31,317.31,2.00
441800.00,3922900.00,4.44612,318.02,318.02,2.00
441800.00,3923000.00,4.05003,317.51,317.51,2.00
441800.00,3923100.00,3.65268,317.58,317.58,2.00
441800.00,3923200.00,3.36701,317.81,317.81,2.00
441800.00,3923300.00,3.12483,318.30,318.30,2.00
441700.00,3921300.00,15.03984,311.11,311.11,2.00
441700.00,3921400.00,13.44392,310.55,310.55,2.00
441700.00,3921500.00,11.53131,313.20,313.20,2.00
441700.00,3921600.00,10.56573,314.21,314.21,2.00
441700.00,3921700.00,10.07122,313.46,313.46,2.00
441700.00,3921800.00,9.43804,313.74,313.74,2.00
441700.00,3921900.00,8.9957,313.02,313.02,2.00
441700.00,3922000.00,8.48133,312.99,312.99,2.00
441700.00,3922100.00,8.07677,310.15,310.15,2.00
441700.00,3922200.00,7.57777,312.44,312.44,2.00
441700.00,3922300.00,7.04988,314.09,314.09,2.00
441700.00,3922400.00,6.37061,316.85,316.85,2.00
441700.00,3922500.00,5.90185,316.50,316.50,2.00
441700.00,3922600.00,5.66539,312.41,312.41,2.00
441700.00,3922700.00,5.13986,314.62,314.62,2.00
441700.00,3922800.00,4.63248,316.28,316.28,2.00
441700.00,3922900.00,4.18391,317.75,317.75,2.00
441700.00,3923000.00,3.83733,316.59,316.59,2.00
441700.00,3923100.00,3.49309,316.63,316.63,2.00
441700.00,3923200.00,3.19319,318.29,318.29,2.00
441700.00,3923300.00,3.01018,317.53,317.53,2.00
441700.00,3923550.00,2.41024,318.47,318.47,2.00
441700.00,3923800.00,2.1167,319.83,319.83,2.00
441700.00,3924050.00,1.76972,321.50,321.50,2.00
441700.00,3924300.00,1.58669,319.26,319.26,2.00
441700.00,3924550.00,1.33603,322.67,322.67,2.00
441700.00,3924800.00,1.17513,321.95,321.95,2.00
441950.00,3923550.00,2.56827,321.17,321.17,2.00
441950.00,3923800.00,2.23426,321.91,321.91,2.00
441950.00,3924050.00,1.90599,321.73,321.73,2.00
441950.00,3924300.00,1.6043,321.56,321.56,2.00
441950.00,3924550.00,1.36416,324.08,324.08,2.00
441950.00,3924800.00,1.00396,328.50,328.50,2.00
442200.00,3923550.00,2.84935,322.33,322.33,2.00
442200.00,3923800.00,2.3568,322.62,326.00,2.00
442200.00,3924050.00,1.98568,322.93,322.93,2.00
442200.00,3924300.00,1.68334,323.05,323.05,2.00
442200.00,3924550.00,1.30019,326.61,326.61,2.00
442200.00,3924800.00,0.90576,330.93,330.93,2.00
442450.00,3923550.00,3.2521,324.00,324.00,2.00
442450.00,3923800.00,2.61548,323.41,323.41,2.00
442450.00,3924050.00,2.06489,326.13,326.13,2.00
442450.00,3924300.00,1.50097,328.32,328.32,2.00
442450.00,3924550.00,1.24841,329.00,329.00,2.00
442450.00,3924800.00,1.01736,329.31,329.31,2.00
442700.00,3923550.00,3.8586,326.02,326.02,2.00
442700.00,3923800.00,2.42061,329.41,329.41,2.00
442700.00,3924050.00,1.88595,329.30,329.30,2.00
442700.00,3924300.00,1.44853,329.70,329.70,2.00
442700.00,3924550.00,1.13158,329.94,329.94,2.00
442700.00,3924800.00,0.86185,331.47,331.47,2.00
442950.00,3923550.00,3.59222,329.76,329.76,2.00
442950.00,3923800.00,2.42562,330.24,330.24,2.00
442950.00,3924050.00,1.33185,332.91,332.91,2.00
442950.00,3924300.00,0.96617,333.51,333.51,2.00
442950.00,3924550.00,1.00512,331.73,331.73,2.00
442950.00,3924800.00,0.57579,334.97,334.97,2.00
443200.00,3923550.00,4.30539,329.42,329.42,2.00
443200.00,3923800.00,2.10519,331.31,331.31,2.00
443200.00,3924050.00,1.25774,332.54,332.54,2.00
443200.00,3924300.00,0.66716,336.12,336.12,2.00
443200.00,3924550.00,0.56073,335.88,335.88,2.00
443200.00,3924800.00,0.36058,338.57,338.57,2.00
443450.00,3923550.00,2.89696,332.61,332.61,2.00
443450.00,3923800.00,1.21996,335.15,335.15,2.00
443450.00,3924050.00,0.90613,334.85,334.85,2.00
443450.00,3924300.00,0.55766,337.00,337.00,2.00
443450.00,3924550.00,0.44216,337.38,337.38,2.00
443450.00,3924800.00,0.30427,339.11,339.11,2.00
443700.00,3923550.00,2.86571,331.70,331.70,2.00
443700.00,3923800.00,1.32787,333.52,333.52,2.00
443700.00,3924050.00,0.74694,335.55,335.55,2.00
443700.00,3924300.00,0.46767,337.84,337.84,2.00
443700.00,3924550.00,0.27304,341.76,341.76,2.00
443700.00,3924800.00,0.25105,341.32,341.32,2.00
443950.00,3923550.00,1.51639,333.42,333.42,2.00
443950.00,3923800.00,0.82965,336.25,336.25,2.00
443950.00,3924050.00,0.5527,338.78,338.78,2.00
443950.00,3924300.00,0.39935,340.07,340.07,2.00
443950.00,3924550.00,0.30763,341.03,341.03,2.00
443950.00,3924800.00,0.23769,342.60,342.60,2.00
444200.00,3923550.00,1.31034,333.07,333.07,2.00
444200.00,3923800.00,0.588,337.26,337.26,2.00
444200.00,3924050.00,0.3794,339.86,339.86,2.00
444200.00,3924300.00,0.27406,341.69,341.69,2.00
444200.00,3924550.00,0.23526,340.52,340.52,2.00
444200.00,3924800.00,0.19558,341.99,341.99,2.00
444450.00,3923550.00,1.56277,329.76,329.76,2.00
444450.00,3923800.00,0.6487,335.18,335.18,2.00
444450.00,3924050.00,0.40448,337.80,337.80,2.00
444450.00,3924300.00,0.28291,340.00,340.00,2.00
444450.00,3924550.00,0.20771,341.98,341.98,2.00
444450.00,3924800.00,0.16358,344.32,344.32,2.00
444700.00,3923550.00,0.9055,332.76,332.76,2.00
444700.00,3923800.00,0.73923,333.48,333.48,2.00
444700.00,3924050.00,0.54803,334.45,334.45,2.00
444700.00,3924300.00,0.26755,339.54,339.54,2.00
444700.00,3924550.00,0.22408,340.39,340.39,2.00
444700.00,3924800.00,0.14706,343.80,343.80,2.00
444950.00,3923550.00,0.67602,333.97,333.97,2.00
444950.00,3923800.00,0.3503,338.38,338.38,2.00
444950.00,3924050.00,0.3542,337.30,337.30,2.00
444950.00,3924300.00,0.19612,341.40,341.40,2.00
444950.00,3924550.00,0.16917,342.00,342.00,2.00
444950.00,3924800.00,0.12072,344.72,344.72,2.00
445200.00,3923550.00,0.55788,334.34,334.34,2.00
445200.00,3923800.00,0.36127,337.35,337.35,2.00
445200.00,3924050.00,0.2631,339.47,339.47,2.00
445200.00,3924300.00,0.1946,340.95,340.95,2.00
445200.00,3924550.00,0.13041,343.52,343.52,2.00
445200.00,3924800.00,0.07687,348.12,348.12,2.00
445450.00,3923550.00,0.55621,333.51,333.51,2.00
445450.00,3923800.00,0.40255,335.44,335.44,2.00
445450.00,3924050.00,0.29371,337.50,337.50,2.00
445450.00,3924300.00,0.24027,338.78,338.78,2.00
445450.00,3924550.00,0.17565,340.49,340.49,2.00
445450.00,3924800.00,0.07379,348.11,348.11,2.00
445700.00,3923550.00,0.54852,332.71,332.71,2.00
445700.00,3923800.00,0.36805,335.59,335.59,2.00
445700.00,3924050.00,0.28846,337.08,337.08,2.00
445700.00,3924300.00,0.23044,338.61,338.61,2.00
445700.00,3924550.00,0.15462,341.59,341.59,2.00
445700.00,3924800.00,0.09839,345.06,345.06,2.00
445950.00,3923550.00,0.52998,332.25,332.25,2.00
445950.00,3923800.00,0.31428,336.35,336.35,2.00
445950.00,3924050.00,0.30322,336.14,336.14,2.00
445950.00,3924300.00,0.19613,339.47,339.47,2.00
445950.00,3924550.00,0.1383,342.38,342.38,2.00
445950.00,3924800.00,0.12165,342.88,342.88,2.00
446200.00,3923550.00,0.41577,333.94,333.94,2.00
446200.00,3923800.00,0.31328,335.76,335.76,2.00
446200.00,3924050.00,0.22203,338.51,338.51,2.00
446200.00,3924300.00,0.15554,341.69,341.69,2.00
446200.00,3924550.00,0.12732,343.09,343.09,2.00
446200.00,3924800.00,0.09509,345.16,345.16,2.00
444950.00,3923300.00,1.0003,332.12,332.12,2.00
444950.00,3923050.00,1.30089,331.48,331.48,2.00
444950.00,3922800.00,2.03994,328.38,328.38,2.00
444950.00,3922550.00,2.43271,326.66,326.66,2.00
444950.00,3922300.00,2.75952,324.89,324.89,2.00
444950.00,3922050.00,2.99681,321.47,321.47,2.00
444950.00,3921800.00,3.1378,319.87,319.87,2.00
444950.00,3921550.00,3.26424,318.27,318.27,2.00
444950.00,3921300.00,3.26276,318.27,318.27,2.00
444950.00,3921050.00,3.22758,317.51,317.51,2.00
444950.00,3920800.00,3.21535,315.69,315.69,2.00
444950.00,3920550.00,3.12345,314.09,314.09,2.00
444950.00,3920300.00,2.98329,310.99,310.99,2.00
444950.00,3920050.00,2.86556,311.94,311.94,2.00
444950.00,3919800.00,2.65971,311.71,311.71,2.00
444950.00,3919550.00,2.313,309.53,309.53,2.00
444950.00,3919300.00,2.2142,309.44,309.44,2.00
444950.00,3919050.00,1.85777,305.79,305.79,2.00
444950.00,3918800.00,1.73469,304.83,304.83,2.00
445200.00,3923300.00,0.81173,332.64,332.64,2.00
445200.00,3923050.00,1.17314,330.91,330.91,2.00
445200.00,3922800.00,1.73731,327.35,327.35,2.00
445200.00,3922550.00,1.98579,326.78,326.78,2.00
445200.00,3922300.00,2.20997,324.10,324.10,2.00
445200.00,3922050.00,2.43191,323.57,323.57,2.00
445200.00,3921800.00,2.60126,320.23,320.23,2.00
445200.00,3921550.00,2.69559,319.50,319.50,2.00
445200.00,3921300.00,2.69662,319.46,319.46,2.00
445200.00,3921050.00,2.75101,317.54,317.54,2.00
445200.00,3920800.00,2.71723,316.58,316.58,2.00
445200.00,3920550.00,2.695,315.68,315.68,2.00
445200.00,3920300.00,2.62315,313.15,313.15,2.00
445200.00,3920050.00,2.50491,311.92,311.92,2.00
445200.00,3919800.00,2.39184,312.72,312.72,2.00
445200.00,3919550.00,2.20015,312.08,312.08,2.00
445200.00,3919300.00,2.10469,309.72,309.72,2.00
445200.00,3919050.00,1.83602,309.30,309.30,2.00
445200.00,3918800.00,1.69423,309.22,309.22,2.00
445450.00,3923300.00,0.69465,332.97,332.97,2.00
445450.00,3923050.00,1.18211,328.64,328.64,2.00
445450.00,3922800.00,1.4197,327.60,327.60,2.00
445450.00,3922550.00,1.68403,326.12,326.12,2.00
445450.00,3922300.00,1.95515,321.71,321.71,2.00
445450.00,3922050.00,2.0427,322.60,322.60,2.00
445450.00,3921800.00,2.17086,321.49,321.49,2.00
445450.00,3921550.00,2.25854,320.57,320.57,2.00
445450.00,3921300.00,2.33271,319.40,319.40,2.00
445450.00,3921050.00,2.33459,318.79,318.79,2.00
445450.00,3920800.00,2.42258,313.81,313.81,2.00
445450.00,3920550.00,2.28091,317.88,317.88,2.00
445450.00,3920300.00,2.26107,315.91,315.91,2.00
445450.00,3920050.00,2.21586,314.25,314.25,2.00
445450.00,3919800.00,2.06513,315.94,315.94,2.00
445450.00,3919550.00,1.98591,311.95,311.95,2.00
445450.00,3919300.00,1.82495,312.00,312.00,2.00
445450.00,3919050.00,1.76781,311.03,311.03,2.00
445450.00,3918800.00,1.56054,309.69,309.69,2.00
445700.00,3923300.00,0.77078,330.91,330.91,2.00
445700.00,3923050.00,1.00187,328.66,328.66,2.00
445700.00,3922800.00,1.21137,327.38,327.38,2.00
445700.00,3922550.00,1.48366,323.94,323.94,2.00
445700.00,3922300.00,1.58833,325.13,325.13,2.00
445700.00,3922050.00,1.70912,323.59,323.59,2.00
445700.00,3921800.00,1.72257,324.98,324.98,2.00
445700.00,3921550.00,1.9223,321.94,321.94,2.00
445700.00,3921300.00,2.0447,318.42,318.42,2.00
445700.00,3921050.00,2.0658,318.63,318.63,2.00
445700.00,3920800.00,1.9701,320.14,320.14,2.00
445700.00,3920550.00,2.00913,318.56,318.56,2.00
445700.00,3920300.00,1.96825,317.75,317.75,2.00
445700.00,3920050.00,1.94887,314.86,314.86,2.00
445700.00,3919800.00,1.90016,315.09,315.09,2.00
445700.00,3919550.00,1.79415,314.76,314.76,2.00
445700.00,3919300.00,1.66129,313.75,313.75,2.00
445700.00,3919050.00,1.65204,310.04,310.04,2.00
445700.00,3918800.00,1.47512,309.69,309.69,2.00
445950.00,3923300.00,0.70296,330.49,330.49,2.00
445950.00,3923050.00,0.90455,328.05,328.05,2.00
445950.00,3922800.00,1.06671,327.43,327.43,2.00
445950.00,3922550.00,1.11799,328.05,328.05,2.00
445950.00,3922300.00,1.34634,325.00,325.00,2.00
445950.00,3922050.00,1.45283,324.78,324.78,2.00
445950.00,3921800.00,1.50573,324.78,324.78,2.00
445950.00,3921550.00,1.64396,322.35,322.35,2.00
445950.00,3921300.00,1.7458,321.09,321.09,2.00
445950.00,3921050.00,1.78178,319.79,319.79,2.00
445950.00,3920800.00,1.73942,321.06,321.06,2.00
445950.00,3920550.00,1.70074,320.79,320.79,2.00
445950.00,3920300.00,1.6984,319.71,319.71,2.00
445950.00,3920050.00,1.7128,317.53,317.53,2.00
445950.00,3919800.00,1.65916,316.90,316.90,2.00
445950.00,3919550.00,1.61683,315.60,315.60,2.00
445950.00,3919300.00,1.57177,312.10,312.10,2.00
445950.00,3919050.00,1.46516,313.94,313.94,2.00
445950.00,3918800.00,1.41539,312.78,312.78,2.00
446200.00,3923300.00,0.50476,332.88,332.88,2.00
446200.00,3923050.00,0.70991,330.18,330.18,2.00
446200.00,3922800.00,0.89114,327.90,327.90,2.00
446200.00,3922550.00,1.01147,327.88,327.88,2.00
446200.00,3922300.00,1.0543,328.26,328.26,2.00
446200.00,3922050.00,1.23144,325.98,325.98,2.00
446200.00,3921800.00,1.26405,326.46,326.46,2.00
446200.00,3921550.00,1.35249,325.05,325.05,2.00
446200.00,3921300.00,1.50766,321.84,321.84,2.00
446200.00,3921050.00,1.60126,319.68,319.68,2.00
446200.00,3920800.00,1.43937,323.98,323.98,2.00
446200.00,3920550.00,1.52622,321.47,321.47,2.00
446200.00,3920300.00,1.56834,318.86,318.86,2.00
446200.00,3920050.00,1.55038,317.42,317.42,2.00
446200.00,3919800.00,1.50389,317.84,317.84,2.00
446200.00,3919550.00,1.43395,318.20,318.20,2.00
446200.00,3919300.00,1.36334,317.11,317.11,2.00
446200.00,3919050.00,1.3048,315.23,315.23,2.00
446200.00,3918800.00,1.34183,314.32,314.32,2.00
444700.00,3920050.00,3.19655,309.39,309.39,2.00
444700.00,3919800.00,2.87394,308.15,308.15,2.00
444700.00,3919550.00,2.79274,310.18,310.18,2.00
444700.00,3919300.00,2.34986,308.41,308.41,2.00
444700.00,3919050.00,2.16749,308.09,308.09,2.00
444700.00,3918800.00,1.84414,303.17,303.17,2.00
444450.00,3920050.00,3.76619,309.62,309.62,2.00
444450.00,3919800.00,3.14908,306.90,306.90,2.00
444450.00,3919550.00,2.8653,306.28,306.28,2.00
444450.00,3919300.00,2.50742,306.23,306.23,2.00
444450.00,3919050.00,2.34083,306.93,306.93,2.00
444450.00,3918800.00,1.98005,304.16,304.16,2.00
444200.00,3920050.00,4.12383,306.60,306.60,2.00
444200.00,3919800.00,3.89421,309.39,309.39,2.00
444200.00,3919550.00,3.00205,303.14,303.14,2.00
444200.00,3919300.00,2.71861,300.93,300.93,2.00
444200.00,3919050.00,2.41606,302.03,302.03,2.00
444200.00,3918800.00,2.18761,304.12,304.12,2.00
443950.00,3920050.00,5.08279,309.14,309.14,2.00
443950.00,3919800.00,4.33205,308.01,308.01,2.00
443950.00,3919550.00,3.62403,306.37,306.37,2.00
443950.00,3919300.00,2.94218,303.38,303.38,2.00
443950.00,3919050.00,2.50403,302.35,302.35,2.00
443950.00,3918800.00,2.14987,300.46,300.46,2.00
443700.00,3920050.00,6.00607,309.69,309.69,2.00
443700.00,3919800.00,4.77933,307.41,307.41,2.00
443700.00,3919550.00,3.90072,306.05,306.05,2.00
443700.00,3919300.00,3.12528,302.76,302.76,2.00
443700.00,3919050.00,2.64606,301.59,301.59,2.00
443700.00,3918800.00,2.29757,300.77,300.77,2.00
443450.00,3920050.00,6.07761,303.90,303.90,2.00
443450.00,3919800.00,4.66581,302.02,302.02,2.00
443450.00,3919550.00,3.89497,305.30,305.30,2.00
443450.00,3919300.00,3.21719,305.83,305.83,2.00
443450.00,3919050.00,2.56243,301.92,301.92,2.00
443450.00,3918800.00,2.2292,303.29,303.29,2.00
443200.00,3920050.00,7.59613,303.05,303.05,2.00
443200.00,3919800.00,5.56297,301.36,301.36,2.00
443200.00,3919550.00,4.27193,299.70,299.70,2.00
443200.00,3919300.00,3.54139,304.70,304.70,2.00
443200.00,3919050.00,2.98016,305.58,305.58,2.00
443200.00,3918800.00,2.36852,300.86,300.86,2.00
442950.00,3920050.00,11.54988,309.76,309.76,2.00
442950.00,3919800.00,7.7406,307.22,307.22,2.00
442950.00,3919550.00,5.47134,306.00,306.00,2.00
442950.00,3919300.00,3.86175,300.22,300.22,2.00
442950.00,3919050.00,3.15581,302.88,302.88,2.00
442950.00,3918800.00,2.68103,296.69,296.69,2.00
442700.00,3920050.00,16.44732,308.63,308.63,2.00
442700.00,3919800.00,9.50929,308.35,308.35,2.00
442700.00,3919550.00,6.32012,307.71,307.71,2.00
442700.00,3919300.00,4.87441,304.33,304.33,2.00
442700.00,3919050.00,3.96308,301.34,301.34,2.00
442700.00,3918800.00,3.21206,298.60,298.60,2.00
442450.00,3920050.00,17.609,307.72,307.72,2.00
442450.00,3919800.00,10.72225,305.67,305.67,2.00
442450.00,3919550.00,7.16986,306.24,306.24,2.00
442450.00,3919300.00,5.2783,304.84,304.84,2.00
442450.00,3919050.00,3.97436,302.41,302.41,2.00
442450.00,3918800.00,3.26156,302.33,302.33,2.00
442200.00,3920050.00,17.04998,308.61,308.61,2.00
442200.00,3919800.00,11.22002,304.86,304.86,2.00
442200.00,3919550.00,8.51524,305.76,305.76,2.00
442200.00,3919300.00,6.2335,305.42,305.42,2.00
442200.00,3919050.00,4.46518,302.81,302.81,2.00
442200.00,3918800.00,3.60746,300.89,300.89,2.00
441950.00,3920050.00,15.81955,306.40,306.40,2.00
441950.00,3919800.00,11.46823,304.62,304.62,2.00
441950.00,3919550.00,8.61248,304.21,304.21,2.00
441950.00,3919300.00,6.53987,300.71,300.71,2.00
441950.00,3919050.00,5.1744,301.15,301.15,2.00
441950.00,3918800.00,3.88322,299.16,299.16,2.00
441700.00,3920050.00,14.16606,304.33,304.33,2.00
441700.00,3919800.00,11.71502,305.07,305.07,2.00
441700.00,3919550.00,8.86649,303.53,303.53,2.00
441700.00,3919300.00,6.96133,303.48,303.48,2.00
441700.00,3919050.00,5.52933,302.31,302.31,2.00
441700.00,3918800.00,4.5255,301.07,301.07,2.00
441450.00,3920050.00,13.85935,304.08,304.08,2.00
441450.00,3919800.00,11.43856,304.55,304.55,2.00
441450.00,3919550.00,9.28399,303.75,303.75,2.00
441450.00,3919300.00,7.31973,303.12,303.12,2.00
441450.00,3919050.00,5.91991,302.44,302.44,2.00
441450.00,3918800.00,4.78358,301.05,301.05,2.00
441200.00,3920050.00,13.31298,304.94,304.94,2.00
441200.00,3919800.00,11.33585,305.15,305.15,2.00
441200.00,3919550.00,9.44056,305.30,305.30,2.00
441200.00,3919300.00,7.45111,300.37,300.37,2.00
441200.00,3919050.00,6.1494,301.83,301.83,2.00
441200.00,3918800.00,5.06557,299.82,299.82,2.00
440950.00,3920050.00,11.91308,304.70,304.70,2.00
440950.00,3919800.00,10.70947,304.92,304.92,2.00
440950.00,3919550.00,9.00386,303.87,303.87,2.00
440950.00,3919300.00,7.55557,303.37,303.37,2.00
440950.00,3919050.00,6.1878,300.53,300.53,2.00
440950.00,3918800.00,5.2403,299.66,299.66,2.00
440700.00,3920050.00,10.27149,303.14,303.14,2.00
440700.00,3919800.00,9.60355,304.82,304.82,2.00
440700.00,3919550.00,8.50367,302.00,302.00,2.00
440700.00,3919300.00,7.24221,300.46,300.46,2.00
440700.00,3919050.00,6.18249,299.68,299.68,2.00
440700.00,3918800.00,5.30724,300.24,300.24,2.00
440450.00,3920050.00,9.53425,305.00,305.00,2.00
440450.00,3919800.00,8.40445,303.32,303.32,2.00
440450.00,3919550.00,7.72873,303.11,303.11,2.00
440450.00,3919300.00,7.00756,298.18,298.18,2.00
440450.00,3919050.00,6.10786,299.29,299.29,2.00
440450.00,3918800.00,5.23623,299.09,299.09,2.00
440200.00,3920050.00,8.17865,304.29,304.29,2.00
440200.00,3919800.00,7.81923,304.88,304.88,2.00
440200.00,3919550.00,7.05542,303.65,303.65,2.00
440200.00,3919300.00,6.41274,300.19,300.19,2.00
440200.00,3919050.00,5.99261,301.59,301.59,2.00
440200.00,3918800.00,5.2833,300.34,300.34,2.00
441450.00,3920300.00,18.27648,307.43,307.43,2.00
441450.00,3920550.00,22.31734,306.01,306.01,2.00
441450.00,3920800.00,30.88487,308.69,308.69,2.00
441450.00,3921050.00,16.74435,311.16,311.16,2.00
441450.00,3921300.00,11.96744,311.74,311.74,2.00
441450.00,3921550.00,9.75027,312.09,312.09,2.00
441450.00,3921800.00,8.40409,309.51,309.51,2.00
441450.00,3922050.00,7.21336,310.97,310.97,2.00
441450.00,3922300.00,5.95593,314.25,314.25,2.00
441450.00,3922550.00,4.90449,315.50,315.50,2.00
441450.00,3922800.00,4.07002,315.19,315.19,2.00
441450.00,3923050.00,3.24291,315.95,315.95,2.00
441450.00,3923300.00,2.73554,316.94,316.94,2.00
441450.00,3923550.00,2.23962,317.84,317.84,2.00
441450.00,3923800.00,1.91829,320.71,320.71,2.00
441450.00,3924050.00,1.71068,318.94,318.94,2.00
441450.00,3924300.00,1.54371,318.90,318.90,2.00
441450.00,3924550.00,1.27852,323.42,323.42,2.00
441450.00,3924800.00,1.1356,323.52,323.52,2.00
441200.00,3920300.00,15.35634,304.47,304.47,2.00
441200.00,3920550.00,18.0232,305.25,305.25,2.00
441200.00,3920800.00,17.01431,306.77,306.77,2.00
441200.00,3921050.00,12.39424,307.38,307.38,2.00
441200.00,3921300.00,10.11824,309.12,309.12,2.00
441200.00,3921550.00,8.45028,309.08,309.08,2.00
441200.00,3921800.00,7.16477,309.47,309.47,2.00
441200.00,3922050.00,6.17638,312.18,312.18,2.00
441200.00,3922300.00,5.0877,314.52,314.52,2.00
441200.00,3922550.00,4.37704,312.20,312.20,2.00
441200.00,3922800.00,3.59089,314.77,314.77,2.00
441200.00,3923050.00,3.01424,312.99,312.99,2.00
441200.00,3923300.00,2.59503,313.61,313.61,2.00
441200.00,3923550.00,2.08724,317.49,317.49,2.00
441200.00,3923800.00,1.87507,316.63,316.63,2.00
441200.00,3924050.00,1.60729,320.23,320.23,2.00
441200.00,3924300.00,1.44916,319.29,319.29,2.00
441200.00,3924550.00,1.29533,319.46,319.46,2.00
441200.00,3924800.00,1.11162,322.98,322.98,2.00
440950.00,3920300.00,13.10269,303.70,303.70,2.00
440950.00,3920550.00,13.67329,304.97,304.97,2.00
440950.00,3920800.00,11.7804,305.48,305.48,2.00
440950.00,3921050.00,9.54646,306.49,306.49,2.00
440950.00,3921300.00,8.1538,307.71,307.71,2.00
440950.00,3921550.00,7.16553,309.62,309.62,2.00
440950.00,3921800.00,6.28312,310.35,310.35,2.00
440950.00,3922050.00,5.27749,309.45,309.45,2.00
440950.00,3922300.00,4.56066,310.93,310.93,2.00
440950.00,3922550.00,3.80116,313.73,313.73,2.00
440950.00,3922800.00,3.17005,314.98,314.98,2.00
440950.00,3923050.00,2.50446,319.45,319.45,2.00
440950.00,3923300.00,2.36552,314.21,314.21,2.00
440950.00,3923550.00,1.99971,315.08,315.08,2.00
440950.00,3923800.00,1.76348,316.10,316.10,2.00
440950.00,3924050.00,1.6065,316.48,316.48,2.00
440950.00,3924300.00,1.4021,317.56,317.56,2.00
440950.00,3924550.00,1.30205,316.50,316.50,2.00
440950.00,3924800.00,1.14204,318.06,318.06,2.00
440700.00,3920300.00,11.43628,304.40,304.40,2.00
440700.00,3920550.00,10.57553,303.22,303.22,2.00
440700.00,3920800.00,9.10151,304.75,304.75,2.00
440700.00,3921050.00,7.72379,305.97,305.97,2.00
440700.00,3921300.00,6.7545,308.00,308.00,2.00
440700.00,3921550.00,6.10994,309.00,309.00,2.00
440700.00,3921800.00,5.37866,311.07,311.07,2.00
440700.00,3922050.00,4.39314,304.85,304.85,2.00
440700.00,3922300.00,3.95248,309.87,309.87,2.00
440700.00,3922550.00,3.42067,310.16,310.16,2.00
440700.00,3922800.00,2.87373,313.40,313.40,2.00
440700.00,3923050.00,2.45162,314.27,314.27,2.00
440700.00,3923300.00,2.20122,310.90,310.90,2.00
440700.00,3923550.00,1.88719,313.48,313.48,2.00
440700.00,3923800.00,1.63966,315.91,315.91,2.00
440700.00,3924050.00,1.54283,314.83,314.83,2.00
440700.00,3924300.00,1.31621,317.75,317.75,2.00
440700.00,3924550.00,1.23015,316.72,316.72,2.00
440700.00,3924800.00,1.11531,317.24,317.24,2.00
440450.00,3920300.00,9.30403,305.15,305.15,2.00
440450.00,3920550.00,8.59859,304.35,304.35,2.00
440450.00,3920800.00,7.4215,304.23,304.23,2.00
440450.00,3921050.00,6.27755,304.08,304.08,2.00
440450.00,3921300.00,5.65065,305.46,305.46,2.00
440450.00,3921550.00,5.33066,308.81,308.81,2.00
440450.00,3921800.00,4.47169,306.86,306.86,2.00
440450.00,3922050.00,3.90426,306.27,306.27,2.00
440450.00,3922300.00,3.49011,308.33,308.33,2.00
440450.00,3922550.00,3.04042,312.32,312.32,2.00
440450.00,3922800.00,2.54747,314.51,314.51,2.00
440450.00,3923050.00,2.26369,310.47,310.47,2.00
440450.00,3923300.00,2.02883,310.88,310.88,2.00
440450.00,3923550.00,1.69636,317.07,317.07,2.00
440450.00,3923800.00,1.55847,314.31,314.31,2.00
440450.00,3924050.00,1.43857,315.23,315.23,2.00
440450.00,3924300.00,1.31874,314.51,314.51,2.00
440450.00,3924550.00,1.19866,314.56,314.56,2.00
440450.00,3924800.00,1.07389,317.52,317.52,2.00
440200.00,3920300.00,7.60215,303.73,303.73,2.00
440200.00,3920550.00,6.97876,303.84,303.84,2.00
440200.00,3920800.00,6.23295,303.72,303.72,2.00
440200.00,3921050.00,5.30855,302.13,302.13,2.00
440200.00,3921300.00,5.1924,308.15,308.15,2.00
440200.00,3921550.00,4.27665,305.26,305.26,2.00
440200.00,3921800.00,3.88265,306.42,306.42,2.00
440200.00,3922050.00,3.38056,304.57,304.57,2.00
440200.00,3922300.00,3.14133,310.04,310.04,2.00
440200.00,3922550.00,2.76552,310.00,310.00,2.00
440200.00,3922800.00,2.35967,309.97,309.97,2.00
440200.00,3923050.00,2.08372,311.15,311.15,2.00
440200.00,3923300.00,1.84328,308.73,308.73,2.00
440200.00,3923550.00,1.65422,311.02,311.02,2.00
440200.00,3923800.00,1.43237,308.58,308.58,2.00
440200.00,3924050.00,1.36661,311.18,311.18,2.00
440200.00,3924300.00,1.26755,311.41,311.41,2.00
440200.00,3924550.00,1.14945,313.20,313.20,2.00
440200.00,3924800.00,1.0285,317.34,317.34,2.00
