442700.00,3921300.00,448.29626,315.71,315.71,2.00
442700.00,3921350.00,578.008,316.21,316.21,2.00
442700.00,3921400.00,497.28658,316.75,316.75,2.00
442700.00,3921450.00,297.7854,317.34,317.34,2.00
442700.00,3921500.00,236.32677,317.36,317.36,2.00
442700.00,3921550.00,220.55901,317.06,317.06,2.00
442700.00,3921600.00,203.73258,317.00,317.00,2.00
442700.00,3921650.00,196.27318,317.00,317.00,2.00
442700.00,3921700.00,187.10592,317.29,317.29,2.00
442700.00,3921750.00,178.99427,317.54,317.54,2.00
442700.00,3921800.00,180.81033,317.23,317.23,2.00
442700.00,3921850.00,180.4766,317.06,317.06,2.00
442700.00,3921900.00,174.26554,317.28,317.28,2.00
442700.00,3921950.00,166.07226,317.85,317.85,2.00
442700.00,3922000.00,160.95604,318.93,318.93,2.00
442700.00,3922050.00,154.04794,319.53,319.53,2.00
442700.00,3922100.00,150.46662,319.74,319.74,2.00
442700.00,3922150.00,149.11903,320.26,320.26,2.00
442700.00,3922200.00,146.41427,320.91,320.91,2.00
442700.00,3922250.00,138.26519,321.57,321.57,2.00
442700.00,3922300.00,143.24214,322.23,322.23,2.00
442750.00,3921300.00,431.41888,315.33,315.33,2.00
442750.00,3921350.00,486.50801,316.28,316.28,2.00
442750.00,3921400.00,496.77935,316.79,316.79,2.00
442750.00,3921450.00,347.39753,316.86,316.86,2.00
442750.00,3921500.00,263.49768,316.97,316.97,2.00
442750.00,3921550.00,231.2368,317.08,317.08,2.00
442750.00,3921600.00,208.03299,317.10,317.10,2.00
442750.00,3921650.00,201.17472,317.10,317.10,2.00
442750.00,3921700.00,197.60497,317.00,317.00,2.00
442750.00,3921750.00,194.4655,316.92,316.92,2.00
442750.00,3921800.00,190.83425,316.97,316.97,2.00
442750.00,3921850.00,185.32448,317.16,317.16,2.00
442750.00,3921900.00,173.95968,317.79,317.79,2.00
442750.00,3921950.00,171.10248,318.58,318.58,2.00
442750.00,3922000.00,159.99845,319.61,319.61,2.00
442750.00,3922050.00,155.52792,320.35,320.35,2.00
442750.00,3922100.00,151.05925,320.85,320.85,2.00
442750.00,3922150.00,149.05831,321.02,321.02,2.00
442750.00,3922200.00,148.05818,321.05,321.05,2.00
442750.00,3922250.00,149.87329,321.03,321.03,2.00
442750.00,3922300.00,151.46896,321.01,321.01,2.00
442800.00,3921300.00,435.60337,315.08,315.08,2.00
442800.00,3921350.00,464.21659,315.31,315.31,2.00
442800.00,3921400.00,634.55842,315.65,315.65,2.00
442800.00,3921450.00,545.74183,316.08,316.08,2.00
442800.00,3921500.00,295.29294,316.78,316.78,2.00
442800.00,3921550.00,222.96463,317.61,317.61,2.00
442800.00,3921600.00,204.6085,317.77,317.77,2.00
442800.00,3921650.00,198.98953,317.76,317.76,2.00
442800.00,3921700.00,204.42766,316.97,316.97,2.00
442800.00,3921750.00,211.06457,316.29,316.29,2.00
442800.00,3921800.00,203.19837,316.70,316.70,2.00
442800.00,3921850.00,193.51339,317.36,317.36,2.00
442800.00,3921900.00,176.69465,318.70,318.70,2.00
442800.00,3921950.00,166.77488,319.76,319.76,2.00
442800.00,3922000.00,161.54114,320.44,320.44,2.00
442800.00,3922050.00,157.25751,320.81,320.81,2.00
442800.00,3922100.00,156.00372,320.96,320.96,2.00
442800.00,3922150.00,152.509,321.28,321.28,2.00
442800.00,3922200.00,147.59831,321.67,321.67,2.00
442800.00,3922250.00,152.53239,321.38,321.38,2.00
442800.00,3922300.00,157.12106,320.99,320.99,2.00
442850.00,3921300.00,397.16468,315.09,315.09,2.00
442850.00,3921350.00,450.93759,315.33,315.33,2.00
442850.00,3921400.00,489.83034,315.72,315.72,2.00
442850.00,3921450.00,577.62576,316.26,316.26,2.00
442850.00,3921500.00,302.37134,317.00,317.00,2.00
442850.00,3921550.00,254.45923,317.85,317.85,2.00
442850.00,3921600.00,227.27807,317.62,317.62,2.00
442850.00,3921650.00,214.51376,317.17,317.17,2.00
442850.00,3921700.00,215.53367,316.77,316.77,2.00
442850.00,3921750.00,217.0308,316.48,316.48,2.00
442850.00,3921800.00,209.0504,317.02,317.02,2.00
442850.00,3921850.00,204.38792,317.85,317.85,2.00
442850.00,3921900.00,196.50522,319.47,319.47,2.00
442850.00,3921950.00,181.73053,320.53,320.53,2.00
442850.00,3922000.00,163.85023,320.86,320.86,2.00
442850.00,3922050.00,161.71406,321.00,321.00,2.00
442850.00,3922100.00,162.27819,321.00,321.00,2.00
442850.00,3922150.00,158.52562,321.24,321.24,2.00
442850.00,3922200.00,154.68675,321.58,321.58,2.00
442850.00,3922250.00,157.09865,321.51,321.51,2.00
442850.00,3922300.00,159.99494,321.35,321.35,2.00
442900.00,3921300.00,389.47131,315.31,315.31,2.00
442900.00,3921350.00,420.94795,315.85,315.85,2.00
442900.00,3921400.00,424.032,316.38,316.38,2.00
442900.00,3921450.00,429.72299,316.92,316.92,2.00
442900.00,3921500.00,336.30615,317.39,317.39,2.00
442900.00,3921550.00,301.31666,317.83,317.83,2.00
442900.00,3921600.00,275.95637,317.06,317.06,2.00
442900.00,3921650.00,259.86805,316.02,316.02,2.00
442900.00,3921700.00,232.55896,316.53,316.53,2.00
442900.00,3921750.00,217.55133,317.08,317.08,2.00
442900.00,3921800.00,212.25466,317.74,317.74,2.00
442900.00,3921850.00,210.19229,318.63,318.63,2.00
442900.00,3921900.00,204.79818,320.17,320.17,2.00
442900.00,3921950.00,198.92584,321.03,321.03,2.00
442900.00,3922000.00,190.82373,320.97,320.97,2.00
442900.00,3922050.00,172.64498,320.95,320.95,2.00
442900.00,3922100.00,169.89556,320.96,320.96,2.00
442900.00,3922150.00,167.65411,320.99,320.99,2.00
442900.00,3922200.00,170.30238,321.03,321.03,2.00
442900.00,3922250.00,164.71248,321.49,321.49,2.00
442900.00,3922300.00,158.97384,321.98,321.98,2.00
442950.00,3921300.00,415.29141,315.98,315.98,2.00
442950.00,3921350.00,420.48326,316.51,316.51,2.00
442950.00,3921400.00,409.99926,317.05,317.05,2.00
442950.00,3921450.00,366.1253,317.59,317.59,2.00
442950.00,3921500.00,385.17922,317.57,317.57,2.00
442950.00,3921550.00,321.62619,317.29,317.29,2.00
442950.00,3921600.00,325.51203,316.69,316.69,2.00
442950.00,3921650.00,309.98185,316.01,316.01,2.00
442950.00,3921700.00,266.94524,316.53,316.53,2.00
442950.00,3921750.00,234.91649,317.23,317.23,2.00
442950.00,3921800.00,219.39822,318.96,318.96,2.00
442950.00,3921850.00,211.39912,320.42,320.42,2.00
442950.00,3921900.00,208.08929,321.25,321.25,2.00
442950.00,3921950.00,207.51946,321.38,321.38,2.00
442950.00,3922000.00,209.1719,320.60,320.60,2.00
442950.00,3922050.00,204.92645,320.29,320.29,2.00
442950.00,3922100.00,189.11056,320.29,320.29,2.00
442950.00,3922150.00,179.22301,320.86,320.86,2.00
442950.00,3922200.00,169.49713,321.62,321.62,2.00
442950.00,3922250.00,168.0833,321.84,321.84,2.00
442950.00,3922300.00,166.68606,321.98,321.98,2.00
443000.00,3921300.00,501.47599,316.21,316.21,2.00
443000.00,3921350.00,432.84076,316.75,316.75,2.00
443000.00,3921400.00,421.12835,317.29,317.29,2.00
443000.00,3921450.00,366.17503,317.83,317.83,2.00
443000.00,3921500.00,375.81745,317.47,317.47,2.00
443000.00,3921550.00,407.5298,316.71,316.71,2.00
443000.00,3921600.00,346.07556,316.32,316.32,2.00
443000.00,3921650.00,351.3514,316.00,316.00,2.00
443000.00,3921700.00,320.80927,316.54,316.54,2.00
443000.00,3921750.00,277.363,317.30,317.30,2.00
443000.00,3921800.00,242.58211,319.47,319.47,2.00
443000.00,3921850.00,225.11776,321.22,321.22,2.00
443000.00,3921900.00,219.02153,321.97,321.97,2.00
443000.00,3921950.00,217.09856,322.08,322.08,2.00
443000.00,3922000.00,214.68926,321.40,321.40,2.00
443000.00,3922050.00,215.53286,320.99,320.99,2.00
443000.00,3922100.00,212.98117,320.78,320.78,2.00
443000.00,3922150.00,197.8057,321.39,321.39,2.00
443000.00,3922200.00,180.23153,322.27,322.27,2.00
443000.00,3922250.00,178.64235,322.53,322.53,2.00
443000.00,3922300.00,176.8264,322.66,322.66,2.00
443050.00,3921300.00,500.85942,316.21,316.21,2.00
443050.00,3921350.00,517.32769,316.75,316.75,2.00
443050.00,3921400.00,441.04783,317.24,317.24,2.00
443050.00,3921450.00,414.88838,317.70,317.70,2.00
443050.00,3921500.00,398.4537,317.10,317.10,2.00
443050.00,3921550.00,681.54618,316.02,316.02,2.00
443050.00,3921600.00,403.49124,315.96,315.96,2.00
443050.00,3921650.00,350.47027,316.06,316.06,2.00
443050.00,3921700.00,356.87938,316.63,316.63,2.00
443050.00,3921750.00,335.2867,317.42,317.42,2.00
443050.00,3921800.00,296.65473,319.49,319.49,2.00
443050.00,3921850.00,254.65748,321.28,321.28,2.00
443050.00,3921900.00,234.33345,322.36,322.36,2.00
443050.00,3921950.00,229.57789,322.96,322.96,2.00
443050.00,3922000.00,230.18587,322.97,322.97,2.00
443050.00,3922050.00,228.12274,322.63,322.63,2.00
443050.00,3922100.00,223.02139,322.09,322.09,2.00
443050.00,3922150.00,220.99153,322.38,322.38,2.00
443050.00,3922200.00,212.9879,322.95,322.95,2.00
443050.00,3922250.00,194.1991,323.48,323.48,2.00
443050.00,3922300.00,180.3486,323.93,323.93,2.00
443100.00,3921300.00,586.52289,316.21,316.21,2.00
443100.00,3921350.00,538.60894,316.76,316.76,2.00
443100.00,3921400.00,524.96542,316.85,316.85,2.00
443100.00,3921450.00,507.37716,316.59,316.59,2.00
443100.00,3921500.00,478.74142,315.77,315.77,2.00
443100.00,3921550.00,808.38816,314.69,314.69,2.00
443100.00,3921600.00,577.75137,315.55,315.55,2.00
443100.00,3921650.00,351.72851,316.73,316.73,2.00
443100.00,3921700.00,340.15045,317.65,317.65,2.00
443100.00,3921750.00,368.64604,318.59,318.59,2.00
443100.00,3921800.00,355.95636,319.59,319.59,2.00
443100.00,3921850.00,315.28306,320.62,320.62,2.00
443100.00,3921900.00,269.7467,321.71,321.71,2.00
443100.00,3921950.00,245.808,322.30,322.30,2.00
443100.00,3922000.00,238.91895,322.30,322.30,2.00
443100.00,3922050.00,232.08907,321.75,321.75,2.00
443100.00,3922100.00,233.68152,320.84,320.84,2.00
443100.00,3922150.00,230.98851,321.60,321.60,2.00
443100.00,3922200.00,235.7367,322.89,322.89,2.00
443100.00,3922250.00,228.21736,323.16,323.16,2.00
443100.00,3922300.00,208.77653,323.31,323.31,2.00
443150.00,3921300.00,617.06469,316.13,316.13,2.00
443150.00,3921350.00,651.2508,316.45,316.45,2.00
443150.00,3921400.00,614.17136,316.41,316.41,2.00
443150.00,3921450.00,587.12607,316.10,316.10,2.00
443150.00,3921500.00,569.81082,315.69,315.69,2.00
443150.00,3921550.00,544.43261,315.25,315.25,2.00
443150.00,3921600.00,676.83212,316.20,316.20,2.00
443150.00,3921650.00,390.68619,317.39,317.39,2.00
443150.00,3921700.00,381.68695,318.26,318.26,2.00
443150.00,3921750.00,355.3815,319.15,319.15,2.00
443150.00,3921800.00,367.4839,320.10,320.10,2.00
443150.00,3921850.00,357.99542,320.95,320.95,2.00
443150.00,3921900.00,326.47666,321.63,321.63,2.00
443150.00,3921950.00,286.38155,322.09,322.09,2.00
443150.00,3922000.00,259.24545,322.28,322.28,2.00
443150.00,3922050.00,246.5699,321.69,321.69,2.00
443150.00,3922100.00,245.59244,320.60,320.60,2.00
443150.00,3922150.00,240.51666,321.44,321.44,2.00
443150.00,3922200.00,250.07005,322.88,322.88,2.00
443150.00,3922250.00,248.65164,323.00,323.00,2.00
443150.00,3922300.00,241.00974,323.01,323.01,2.00
443200.00,3921300.00,793.32556,316.00,316.00,2.00
443200.00,3921350.00,738.64198,316.00,316.00,2.00
443200.00,3921400.00,690.17723,316.04,316.04,2.00
443200.00,3921450.00,682.15176,316.11,316.11,2.00
443200.00,3921500.00,643.64553,316.50,316.50,2.00
443200.00,3921550.00,582.15119,317.04,317.04,2.00
443200.00,3921600.00,477.6144,317.52,317.52,2.00
443200.00,3921650.00,468.55808,318.01,318.01,2.00
443200.00,3921700.00,447.04547,318.57,318.57,2.00
443200.00,3921750.00,420.55154,319.30,319.30,2.00
443200.00,3921800.00,361.99912,320.90,320.90,2.00
443200.00,3921850.00,375.221,322.00,322.00,2.00
443200.00,3921900.00,366.62813,322.00,322.00,2.00
443200.00,3921950.00,341.49783,322.25,322.25,2.00
443200.00,3922000.00,300.49192,322.78,322.78,2.00
443200.00,3922050.00,275.31582,322.32,322.32,2.00
443200.00,3922100.00,258.10628,321.25,321.25,2.00
443200.00,3922150.00,253.69281,321.84,321.84,2.00
443200.00,3922200.00,262.31545,322.92,322.92,2.00
443200.00,3922250.00,262.93493,323.00,323.00,2.00
443200.00,3922300.00,261.71716,323.04,323.04,2.00
443250.00,3921300.00,815.85308,316.00,316.00,2.00
443250.00,3921350.00,823.74724,316.00,316.00,2.00
443250.00,3921400.00,818.61097,316.45,316.45,2.00
443250.00,3921450.00,843.16859,317.23,317.23,2.00
443250.00,3921500.00,771.48736,317.83,317.83,2.00
443250.00,3921550.00,631.41209,318.36,318.36,2.00
443250.00,3921600.00,587.18521,318.23,318.23,2.00
443250.00,3921650.00,541.82664,318.02,318.02,2.00
443250.00,3921700.00,502.15668,318.94,318.94,2.00
443250.00,3921750.00,497.80029,319.91,319.91,2.00
443250.00,3921800.00,419.78676,321.16,321.16,2.00
443250.00,3921850.00,395.29622,322.00,322.00,2.00
443250.00,3921900.00,386.38846,322.00,322.00,2.00
443250.00,3921950.00,385.25344,322.08,322.08,2.00
443250.00,3922000.00,363.57045,322.26,322.26,2.00
443250.00,3922050.00,334.87927,322.10,322.10,2.00
443250.00,3922100.00,298.94156,321.75,321.75,2.00
443250.00,3922150.00,277.70885,322.51,322.51,2.00
443250.00,3922200.00,270.06283,323.59,323.59,2.00
443250.00,3922250.00,273.32372,323.33,323.33,2.00
443250.00,3922300.00,276.28209,323.04,323.04,2.00
443300.00,3921300.00,818.48338,316.49,316.49,2.00
443300.00,3921350.00,842.40126,316.70,316.70,2.00
443300.00,3921400.00,881.14776,317.16,317.16,2.00
443300.00,3921450.00,913.57288,317.82,317.82,2.00
443300.00,3921500.00,942.87904,318.24,318.24,2.00
443300.00,3921550.00,997.25384,318.58,318.58,2.00
443300.00,3921600.00,845.84946,318.33,318.33,2.00
443300.00,3921650.00,651.22432,318.03,318.03,2.00
443300.00,3921700.00,636.57428,319.11,319.11,2.00
443300.00,3921750.00,605.6191,320.09,320.09,2.00
443300.00,3921800.00,521.47511,320.59,320.59,2.00
443300.00,3921850.00,494.40076,321.06,321.06,2.00
443300.00,3921900.00,433.96079,321.45,321.45,2.00
443300.00,3921950.00,383.40473,321.65,321.65,2.00
443300.00,3922000.00,398.25022,321.66,321.66,2.00
443300.00,3922050.00,392.06758,321.78,321.78,2.00
443300.00,3922100.00,367.37322,321.96,321.96,2.00
443300.00,3922150.00,321.63076,322.43,322.43,2.00
443300.00,3922200.00,294.27602,322.99,322.99,2.00
443300.00,3922250.00,290.41508,323.18,323.18,2.00
443300.00,3922300.00,289.98465,323.33,323.33,2.00
443350.00,3921300.00,1024.3456,317.14,317.14,2.00
443350.00,3921350.00,984.97871,317.75,317.75,2.00
443350.00,3921400.00,909.08246,317.98,317.98,2.00
443350.00,3921450.00,876.68832,317.96,317.96,2.00
443350.00,3921500.00,917.5855,317.97,317.97,2.00
443350.00,3921550.00,978.70061,318.00,318.00,2.00
443350.00,3921600.00,1036.1055,318.05,318.05,2.00
443350.00,3921650.00,1026.0088,318.14,318.14,2.00
443350.00,3921700.00,930.39455,319.19,319.19,2.00
443350.00,3921750.00,745.05522,319.95,319.95,2.00
443350.00,3921800.00,693.83323,319.39,319.39,2.00
443350.00,3921850.00,636.4998,319.38,319.38,2.00
443350.00,3921900.00,560.97666,320.46,320.46,2.00
443350.00,3921950.00,505.16876,321.01,321.01,2.00
443350.00,3922000.00,439.33513,321.00,321.00,2.00
443350.00,3922050.00,410.94419,321.35,321.35,2.00
443350.00,3922100.00,414.52379,321.89,321.89,2.00
443350.00,3922150.00,408.2679,321.58,321.58,2.00
443350.00,3922200.00,362.73916,321.07,321.07,2.00
443350.00,3922250.00,325.32655,322.55,322.55,2.00
443350.00,3922300.00,307.80691,323.93,323.93,2.00
443400.00,3921300.00,1944.48633,316.13,316.13,2.00
443400.00,3921350.00,1548.42895,317.45,317.45,2.00
443400.00,3921400.00,1316.35119,317.77,317.77,2.00
443400.00,3921450.00,1207.99666,317.39,317.39,2.00
443400.00,3921500.00,1109.27182,317.58,317.58,2.00
443400.00,3921550.00,1017.58071,317.96,317.96,2.00
443400.00,3921600.00,978.25163,319.00,319.00,2.00
443400.00,3921650.00,989.3796,320.11,320.11,2.00
443400.00,3921700.00,973.713,320.80,320.80,2.00
443400.00,3921750.00,910.59056,321.19,321.19,2.00
443400.00,3921800.00,920.35177,320.28,320.28,2.00
443400.00,3921850.00,849.70781,320.05,320.05,2.00
443400.00,3921900.00,737.14723,321.12,321.12,2.00
443400.00,3921950.00,656.52272,321.67,321.67,2.00
443400.00,3922000.00,579.95866,321.66,321.66,2.00
443400.00,3922050.00,492.1027,321.32,321.32,2.00
443400.00,3922100.00,452.53556,320.80,320.80,2.00
443400.00,3922150.00,504.46491,319.71,319.71,2.00
443400.00,3922200.00,456.28208,318.48,318.48,2.00
443400.00,3922250.00,454.49068,320.63,320.63,2.00
443400.00,3922300.00,369.07341,322.77,322.77,2.00
443450.00,3921300.00,1357.63608,315.62,315.62,2.00
443450.00,3921350.00,1563.00562,317.04,317.04,2.00
443450.00,3921400.00,1649.77193,317.67,317.67,2.00
443450.00,3921450.00,1949.26122,317.73,317.73,2.00
443450.00,3921500.00,1942.46811,318.13,318.13,2.00
443450.00,3921550.00,1794.98532,318.67,318.67,2.00
443450.00,3921600.00,1554.65387,319.82,319.82,2.00
443450.00,3921650.00,1399.05565,321.02,321.02,2.00
443450.00,3921700.00,1305.67456,321.37,321.37,2.00
443450.00,3921750.00,1204.83333,321.51,321.51,2.00
443450.00,3921800.00,1051.97718,320.81,320.81,2.00
443450.00,3921850.00,1007.11832,320.59,320.59,2.00
443450.00,3921900.00,877.35458,321.31,321.31,2.00
443450.00,3921950.00,881.295,321.76,321.76,2.00
443450.00,3922000.00,786.82759,321.94,321.94,2.00
443450.00,3922050.00,684.49075,321.63,321.63,2.00
443450.00,3922100.00,557.58115,321.06,321.06,2.00
443450.00,3922150.00,658.45184,319.90,319.90,2.00
443450.00,3922200.00,619.63773,318.60,318.60,2.00
443450.00,3922250.00,657.61111,320.32,320.32,2.00
443450.00,3922300.00,577.80842,322.12,322.12,2.00
443500.00,3921300.00,688.68694,315.55,315.55,2.00
443500.00,3921350.00,752.46586,316.58,316.58,2.00
443500.00,3921400.00,819.34986,317.65,317.65,2.00
443500.00,3921450.00,1006.52928,318.73,318.73,2.00
443500.00,3921500.00,1215.69002,319.38,319.38,2.00
443500.00,3921550.00,1294.5533,319.90,319.90,2.00
443500.00,3921600.00,1393.1687,320.45,320.45,2.00
443500.00,3921650.00,1383.74376,320.97,320.97,2.00
443500.00,3921700.00,1599.83749,320.99,320.99,2.00
443500.00,3921750.00,1676.45227,321.00,321.00,2.00
443500.00,3921800.00,1629.0533,321.00,321.00,2.00
443500.00,3921850.00,1463.37828,321.00,321.00,2.00
443500.00,3921900.00,1282.14702,321.00,321.00,2.00
443500.00,3921950.00,1180.5008,321.28,321.28,2.00
443500.00,3922000.00,1132.95735,321.82,321.82,2.00
443500.00,3922050.00,1065.15035,322.34,322.34,2.00
443500.00,3922100.00,901.96208,322.84,322.84,2.00
443500.00,3922150.00,755.51396,322.46,322.46,2.00
443500.00,3922200.00,561.54618,321.87,321.87,2.00
443500.00,3922250.00,548.93293,321.92,321.92,2.00
443500.00,3922300.00,545.53784,322.12,322.12,2.00
443550.00,3921300.00,681.46104,316.55,316.55,2.00
443550.00,3921350.00,682.2051,316.87,316.87,2.00
443550.00,3921400.00,686.80094,317.65,317.65,2.00
443550.00,3921450.00,882.62184,318.74,318.74,2.00
443550.00,3921500.00,932.45922,318.85,318.85,2.00
443550.00,3921550.00,890.57029,318.65,318.65,2.00
443550.00,3921600.00,966.64668,319.13,319.13,2.00
443550.00,3921650.00,949.25048,319.69,319.69,2.00
443550.00,3921700.00,757.6552,320.43,320.43,2.00
443550.00,3921750.00,862.99173,321.08,321.08,2.00
443550.00,3921800.00,961.72797,321.43,321.43,2.00
443550.00,3921850.00,1088.14038,321.79,321.79,2.00
443550.00,3921900.00,1322.01776,322.14,322.14,2.00
443550.00,3921950.00,1572.024,322.40,322.40,2.00
443550.00,3922000.00,1766.87199,322.58,322.58,2.00
443550.00,3922050.00,1511.24386,323.46,323.46,2.00
443550.00,3922100.00,1106.05175,324.69,324.69,2.00
443550.00,3922150.00,1027.44093,324.18,324.18,2.00
443550.00,3922200.00,1044.70958,323.29,323.29,2.00
443550.00,3922250.00,841.86565,323.58,323.58,2.00
443550.00,3922300.00,608.82314,323.95,323.95,2.00
443600.00,3921300.00,625.19801,316.73,316.73,2.00
443600.00,3921350.00,623.72956,316.92,316.92,2.00
443600.00,3921400.00,612.12995,317.42,317.42,2.00
443600.00,3921450.00,615.42332,318.13,318.13,2.00
443600.00,3921500.00,621.80708,318.18,318.18,2.00
443600.00,3921550.00,607.59359,318.01,318.01,2.00
443600.00,3921600.00,596.67037,318.33,318.33,2.00
443600.00,3921650.00,573.71911,318.72,318.72,2.00
443600.00,3921700.00,632.96569,319.63,319.63,2.00
443600.00,3921750.00,666.11849,320.50,320.50,2.00
443600.00,3921800.00,659.8713,321.22,321.22,2.00
443600.00,3921850.00,681.21364,321.82,321.82,2.00
443600.00,3921900.00,727.06955,322.19,322.19,2.00
443600.00,3921950.00,735.84676,322.46,322.46,2.00
443600.00,3922000.00,757.64987,322.64,322.64,2.00
443600.00,3922050.00,902.75584,323.46,323.46,2.00
443600.00,3922100.00,1010.0354,324.60,324.60,2.00
443600.00,3922150.00,1054.77835,324.46,324.46,2.00
443600.00,3922200.00,1073.25025,324.01,324.01,2.00
443600.00,3922250.00,1099.53662,324.23,324.23,2.00
443600.00,3922300.00,1029.05625,324.50,324.50,2.00
443650.00,3921300.00,530.51809,316.25,316.25,2.00
443650.00,3921350.00,520.984,316.79,316.79,2.00
443650.00,3921400.00,501.39077,316.99,316.99,2.00
443650.00,3921450.00,485.67362,316.97,316.97,2.00
443650.00,3921500.00,492.27227,317.39,317.39,2.00
443650.00,3921550.00,503.64184,317.94,317.94,2.00
443650.00,3921600.00,538.80592,318.00,318.00,2.00
443650.00,3921650.00,563.03722,318.04,318.04,2.00
443650.00,3921700.00,574.51192,318.59,318.59,2.00
443650.00,3921750.00,587.49662,319.26,319.26,2.00
443650.00,3921800.00,631.50314,320.34,320.34,2.00
443650.00,3921850.00,654.1613,321.02,321.02,2.00
443650.00,3921900.00,653.67164,321.04,321.04,2.00
443650.00,3921950.00,626.30619,321.33,321.33,2.00
443650.00,3922000.00,682.94118,321.86,321.86,2.00
443650.00,3922050.00,767.16258,322.07,322.07,2.00
443650.00,3922100.00,800.0986,322.14,322.14,2.00
443650.00,3922150.00,841.9718,322.99,322.99,2.00
443650.00,3922200.00,890.28802,323.98,323.98,2.00
443650.00,3922250.00,881.45088,323.52,323.52,2.00
443650.00,3922300.00,960.82541,323.18,323.18,2.00
443700.00,3921300.00,445.29816,316.26,316.26,2.00
443700.00,3921350.00,440.43336,316.80,316.80,2.00
443700.00,3921400.00,426.91128,316.54,316.54,2.00
443700.00,3921450.00,426.13404,315.82,315.82,2.00
443700.00,3921500.00,430.68254,316.08,316.08,2.00
443700.00,3921550.00,432.46213,316.63,316.63,2.00
443700.00,3921600.00,431.8966,317.01,317.01,2.00
443700.00,3921650.00,428.64686,317.44,317.44,2.00
443700.00,3921700.00,423.47974,318.69,318.69,2.00
443700.00,3921750.00,414.72482,319.74,319.74,2.00
443700.00,3921800.00,408.89248,320.12,320.12,2.00
443700.00,3921850.00,549.772,320.49,320.49,2.00
443700.00,3921900.00,485.45377,320.84,320.84,2.00
443700.00,3921950.00,565.44524,321.29,321.29,2.00
443700.00,3922000.00,641.27327,321.83,321.83,2.00
443700.00,3922050.00,705.55978,321.54,321.54,2.00
443700.00,3922100.00,748.53714,320.87,320.87,2.00
443700.00,3922150.00,760.60364,321.95,321.95,2.00
443700.00,3922200.00,818.66007,323.37,323.37,2.00
443700.00,3922250.00,843.64712,323.51,323.51,2.00
443700.00,3922300.00,814.92386,323.63,323.63,2.00
442700.00,3922400.00,137.98354,322.09,322.09,2.00
442700.00,3922500.00,141.1885,322.85,322.85,2.00
442700.00,3922600.00,142.37033,322.24,322.24,2.00
442700.00,3922700.00,143.00238,322.80,322.80,2.00
442700.00,3922800.00,140.33572,323.42,323.42,2.00
442700.00,3922900.00,138.87822,324.66,324.66,2.00
442700.00,3923000.00,140.24486,324.73,324.73,2.00
442700.00,3923100.00,142.79797,324.51,324.51,2.00
442700.00,3923200.00,141.98484,325.13,325.13,2.00
442700.00,3923300.00,147.92657,324.39,324.39,2.00
442800.00,3922400.00,162.12455,320.77,320.77,2.00
442800.00,3922500.00,146.7912,322.37,322.37,2.00
442800.00,3922600.00,145.08759,323.17,323.17,2.00
442800.00,3922700.00,143.23198,324.33,324.33,2.00
442800.00,3922800.00,143.64114,324.37,324.37,2.00
442800.00,3922900.00,140.36894,325.66,325.66,2.00
442800.00,3923000.00,140.79623,326.21,326.21,2.00
442800.00,3923100.00,146.39094,326.12,326.12,2.00
442800.00,3923200.00,146.32111,326.47,326.47,2.00
442800.00,3923300.00,150.89222,327.97,327.97,2.00
442900.00,3922400.00,172.40822,321.10,321.10,2.00
442900.00,3922500.00,159.32328,322.19,322.19,2.00
442900.00,3922600.00,158.61171,323.00,323.00,2.00
442900.00,3922700.00,154.17361,324.05,324.05,2.00
442900.00,3922800.00,143.62273,326.40,326.40,2.00
442900.00,3922900.00,154.78621,325.98,325.98,2.00
442900.00,3923000.00,164.20263,325.61,325.61,2.00
442900.00,3923100.00,156.19087,326.65,326.65,2.00
442900.00,3923200.00,150.13515,327.71,327.71,2.00
442900.00,3923300.00,158.49492,328.04,328.04,2.00
443000.00,3922400.00,185.23003,321.52,321.52,2.00
443000.00,3922500.00,176.44117,323.00,323.00,2.00
443000.00,3922600.00,178.96303,323.27,323.27,2.00
443000.00,3922700.00,172.10461,324.47,324.47,2.00
443000.00,3922800.00,172.14084,325.31,325.31,2.00
443000.00,3922900.00,177.43969,325.82,325.82,2.00
443000.00,3923000.00,176.98547,326.89,326.89,2.00
443000.00,3923100.00,173.39282,327.18,327.18,2.00
443000.00,3923200.00,180.41425,327.23,327.23,2.00
443000.00,3923300.00,178.77808,328.96,328.96,2.00
443100.00,3922400.00,196.66902,322.63,322.63,2.00
443100.00,3922500.00,195.0254,322.47,322.47,2.00
443100.00,3922600.00,201.90548,323.46,323.46,2.00
443100.00,3922700.00,194.70458,325.13,325.13,2.00
443100.00,3922800.00,202.5529,326.00,326.00,2.00
443100.00,3922900.00,202.41679,326.53,326.53,2.00
443100.00,3923000.00,181.5245,328.35,328.35,2.00
443100.00,3923100.00,176.54739,329.34,329.34,2.00
443100.00,3923200.00,220.29591,327.40,327.40,2.00
443100.00,3923300.00,212.84664,328.53,328.53,2.00
443200.00,3922400.00,248.82962,324.10,324.10,2.00
443200.00,3922500.00,216.71066,324.73,324.73,2.00
443200.00,3922600.00,225.23401,323.99,323.99,2.00
443200.00,3922700.00,229.357,324.41,324.41,2.00
443200.00,3922800.00,257.40498,325.48,325.48,2.00
443200.00,3922900.00,256.55867,326.03,326.03,2.00
443200.00,3923000.00,249.16094,326.76,326.76,2.00
443200.00,3923100.00,268.14802,327.17,327.17,2.00
443200.00,3923200.00,299.38953,326.97,326.97,2.00
443200.00,3923300.00,422.91901,326.29,326.29,2.00
443300.00,3922400.00,292.67778,323.82,323.82,2.00
443300.00,3922500.00,292.21569,324.62,324.62,2.00
443300.00,3922600.00,277.34096,324.58,324.58,2.00
443300.00,3922700.00,320.86235,325.18,325.18,2.00
443300.00,3922800.00,347.56956,325.46,325.46,2.00
443300.00,3922900.00,365.02692,326.29,326.29,2.00
443300.00,3923000.00,392.9333,326.66,326.66,2.00
443300.00,3923100.00,364.57667,328.16,328.16,2.00
443300.00,3923200.00,573.43441,328.16,328.16,2.00
443300.00,3923300.00,420.1991,328.61,328.61,2.00
443400.00,3922400.00,421.13522,323.77,323.77,2.00
443400.00,3922500.00,532.37506,324.70,324.70,2.00
443400.00,3922600.00,563.91069,325.30,325.30,2.00
443400.00,3922700.00,526.66762,325.85,325.85,2.00
443400.00,3922800.00,499.98964,326.06,326.06,2.00
443400.00,3922900.00,382.55295,327.36,327.36,2.00
443400.00,3923000.00,280.45139,328.20,328.20,2.00
443400.00,3923100.00,232.47805,328.90,328.90,2.00
443400.00,3923200.00,210.3785,329.57,329.57,2.00
443400.00,3923300.00,320.31016,330.83,330.83,2.00
443500.00,3922400.00,422.61355,324.14,324.14,2.00
443500.00,3922500.00,415.20115,325.21,325.21,2.00
443500.00,3922600.00,386.58032,325.96,325.96,2.00
443500.00,3922700.00,405.80211,325.64,325.64,2.00
443500.00,3922800.00,411.42988,325.12,325.12,2.00
443500.00,3922900.00,288.89373,327.74,327.74,2.00
443500.00,3923000.00,207.00709,329.36,329.36,2.00
443500.00,3923100.00,172.4136,330.39,330.39,2.00
443500.00,3923200.00,169.81821,330.98,330.98,2.00
443500.00,3923300.00,367.88881,331.00,331.00,2.00
443600.00,3922400.00,717.15013,325.58,325.58,2.00
443600.00,3922500.00,451.07353,326.44,326.44,2.00
443600.00,3922600.00,369.49701,327.00,327.00,2.00
443600.00,3922700.00,410.84832,326.80,326.80,2.00
443600.00,3922800.00,440.14889,326.48,326.48,2.00
443600.00,3922900.00,442.18925,325.94,325.94,2.00
443600.00,3923000.00,381.41131,327.12,327.12,2.00
443600.00,3923100.00,253.53461,329.29,329.29,2.00
443600.00,3923200.00,172.59844,331.57,331.57,2.00
443600.00,3923300.00,338.69384,331.11,331.11,2.00
443700.00,3922400.00,998.75513,324.38,324.38,2.00
443700.00,3922500.00,1186.72227,326.55,326.55,2.00
443700.00,3922600.00,712.03035,327.19,327.19,2.00
443700.00,3922700.00,543.90621,327.74,327.74,2.00
443700.00,3922800.00,476.84072,328.00,328.00,2.00
443700.00,3922900.00,480.34922,327.30,327.30,2.00
443700.00,3923000.00,491.73231,327.91,327.91,2.00
443700.00,3923100.00,370.81297,330.45,330.45,2.00
443700.00,3923200.00,345.53774,330.97,330.97,2.00
443700.00,3923300.00,340.22545,331.00,331.00,2.00
443800.00,3922400.00,573.11654,324.33,324.33,2.00
443800.00,3922500.00,816.299,326.47,326.47,2.00
443800.00,3922600.00,656.38861,327.93,327.93,2.00
443800.00,3922700.00,593.07022,328.37,328.37,2.00
443800.00,3922800.00,605.33588,328.45,328.45,2.00
443800.00,3922900.00,565.41921,328.57,328.57,2.00
443800.00,3923000.00,644.48723,329.00,329.00,2.00
443800.00,3923100.00,455.77292,331.95,331.95,2.00
443800.00,3923200.00,302.6102,333.34,333.34,2.00
443800.00,3923300.00,518.80422,331.24,331.24,2.00
443900.00,3922400.00,355.52073,322.13,322.13,2.00
443900.00,3922500.00,389.93526,324.03,324.03,2.00
443900.00,3922600.00,343.03938,327.52,327.52,2.00
443900.00,3922700.00,295.71093,327.42,327.42,2.00
443900.00,3922800.00,260.62213,328.10,328.10,2.00
443900.00,3922900.00,273.84427,328.78,328.78,2.00
443900.00,3923000.00,374.39631,329.73,329.73,2.00
443900.00,3923100.00,427.50755,330.61,330.61,2.00
443900.00,3923200.00,491.42906,331.65,331.65,2.00
443900.00,3923300.00,363.42904,332.28,332.28,2.00
444000.00,3922400.00,274.94137,323.22,323.22,2.00
444000.00,3922500.00,232.55956,324.52,324.52,2.00
444000.00,3922600.00,237.66122,326.63,326.63,2.00
444000.00,3922700.00,287.16953,326.35,326.35,2.00
444000.00,3922800.00,246.77959,327.45,327.45,2.00
444000.00,3922900.00,194.54174,328.85,328.85,2.00
444000.00,3923000.00,210.69246,330.17,330.17,2.00
444000.00,3923100.00,242.68357,330.13,330.13,2.00
444000.00,3923200.00,383.7288,330.83,330.83,2.00
444000.00,3923300.00,291.54818,333.30,333.30,2.00
444100.00,3922400.00,223.00138,324.18,324.18,2.00
444100.00,3922500.00,224.51939,325.07,325.07,2.00
444100.00,3922600.00,206.77074,324.87,324.87,2.00
444100.00,3922700.00,224.13057,326.05,326.05,2.00
444100.00,3922800.00,193.52642,328.19,328.19,2.00
444100.00,3922900.00,210.07463,328.03,328.03,2.00
444100.00,3923000.00,199.53498,330.08,330.08,2.00
444100.00,3923100.00,204.26544,331.49,331.49,2.00
444100.00,3923200.00,286.62471,330.42,330.42,2.00
444100.00,3923300.00,225.12552,331.29,331.29,2.00
444200.00,3922400.00,210.84083,324.38,324.38,2.00
444200.00,3922500.00,203.57549,325.73,325.73,2.00
444200.00,3922600.00,204.72935,325.71,325.71,2.00
444200.00,3922700.00,168.77433,327.87,327.87,2.00
444200.00,3922800.00,176.37621,329.34,329.34,2.00
444200.00,3922900.00,168.99266,330.47,330.47,2.00
444200.00,3923000.00,195.37835,330.21,330.21,2.00
444200.00,3923100.00,210.62291,330.61,330.61,2.00
444200.00,3923200.00,210.81825,330.37,330.37,2.00
444200.00,3923300.00,209.28836,330.82,330.82,2.00
444300.00,3922400.00,224.59673,324.29,324.29,2.00
444300.00,3922500.00,202.77981,324.76,324.76,2.00
444300.00,3922600.00,210.68247,323.85,323.85,2.00
444300.00,3922700.00,200.86721,326.15,326.15,2.00
444300.00,3922800.00,195.44817,327.01,327.01,2.00
444300.00,3922900.00,170.43755,329.14,329.14,2.00
444300.00,3923000.00,161.4069,330.13,330.13,2.00
444300.00,3923100.00,206.68642,330.35,330.35,2.00
444300.00,3923200.00,201.90996,330.59,330.59,2.00
444300.00,3923300.00,158.16315,329.62,329.62,2.00
444400.00,3922400.00,176.23916,324.03,324.03,2.00
444400.00,3922500.00,217.34235,323.98,323.98,2.00
444400.00,3922600.00,209.57772,323.99,323.99,2.00
444400.00,3922700.00,189.32953,324.90,324.90,2.00
444400.00,3922800.00,173.41037,325.53,325.53,2.00
444400.00,3922900.00,186.05163,327.46,327.46,2.00
444400.00,3923000.00,158.73543,329.09,329.09,2.00
444400.00,3923100.00,224.27247,329.41,329.41,2.00
444400.00,3923200.00,181.01407,329.06,329.06,2.00
444400.00,3923300.00,172.69957,329.00,329.00,2.00
444500.00,3922400.00,343.23657,319.14,319.14,2.00
444500.00,3922500.00,273.01189,321.46,321.46,2.00
444500.00,3922600.00,190.67672,324.33,324.33,2.00
444500.00,3922700.00,200.14252,324.10,324.10,2.00
444500.00,3922800.00,210.70811,323.03,323.03,2.00
444500.00,3922900.00,195.88768,323.77,323.77,2.00
444500.00,3923000.00,183.06249,324.94,324.94,2.00
444500.00,3923100.00,211.1984,329.73,329.73,2.00
444500.00,3923200.00,181.22804,330.51,330.51,2.00
444500.00,3923300.00,145.22052,329.17,329.17,2.00
444600.00,3922400.00,419.92599,318.56,318.56,2.00
444600.00,3922500.00,380.99283,317.46,317.46,2.00
444600.00,3922600.00,308.44237,319.69,319.69,2.00
444600.00,3922700.00,222.91597,322.16,322.16,2.00
444600.00,3922800.00,184.82986,324.57,324.57,2.00
444600.00,3922900.00,153.5603,328.11,328.11,2.00
444600.00,3923000.00,148.30977,326.97,326.97,2.00
444600.00,3923100.00,161.70481,329.26,329.26,2.00
444600.00,3923200.00,131.07505,333.51,333.51,2.00
444600.00,3923300.00,141.92388,330.99,330.99,2.00
444700.00,3922400.00,286.77026,320.06,320.06,2.00
444700.00,3922500.00,280.64856,320.48,320.48,2.00
444700.00,3922600.00,238.85618,321.93,321.93,2.00
444700.00,3922700.00,188.56506,325.25,325.25,2.00
444700.00,3922800.00,162.50609,327.04,327.04,2.00
444700.00,3922900.00,140.67585,328.47,328.47,2.00
444700.00,3923000.00,155.7042,327.53,327.53,2.00
444700.00,3923100.00,126.09831,327.94,327.94,2.00
444700.00,3923200.00,157.98975,331.99,331.99,2.00
444700.00,3923300.00,107.82839,332.73,332.73,2.00
443800.00,3922300.00,542.09912,324.00,324.00,2.00
443800.00,3922200.00,526.41562,320.19,320.19,2.00
443800.00,3922100.00,481.85452,320.95,320.95,2.00
443800.00,3922000.00,452.74018,320.88,320.88,2.00
443800.00,3921900.00,572.3599,319.79,319.79,2.00
443800.00,3921800.00,400.96429,319.03,319.03,2.00
443800.00,3921700.00,376.59563,318.19,318.19,2.00
443800.00,3921600.00,355.71516,316.02,316.02,2.00
443800.00,3921500.00,336.06438,315.00,315.00,2.00
443800.00,3921400.00,315.82348,316.97,316.97,2.00
443800.00,3921300.00,298.3403,317.26,317.26,2.00
443800.00,3921200.00,325.78971,317.79,317.79,2.00
443800.00,3921100.00,357.36446,316.21,316.21,2.00
443800.00,3921000.00,368.25161,315.05,315.05,2.00
443800.00,3920900.00,369.91698,314.05,314.05,2.00
443800.00,3920800.00,369.41661,314.24,314.24,2.00
443800.00,3920700.00,358.01822,314.74,314.74,2.00
443800.00,3920600.00,383.07775,313.55,313.55,2.00
443800.00,3920500.00,391.33368,312.48,312.48,2.00
443800.00,3920400.00,379.50844,311.04,311.04,2.00
443800.00,3920300.00,347.50597,309.54,309.54,2.00
443900.00,3922300.00,317.4588,322.45,322.45,2.00
443900.00,3922200.00,376.47033,320.76,320.76,2.00
443900.00,3922100.00,433.64184,319.34,319.34,2.00
443900.00,3922000.00,597.41888,317.63,317.63,2.00
443900.00,3921900.00,353.22085,320.49,320.49,2.00
443900.00,3921800.00,320.6717,319.65,319.65,2.00
443900.00,3921700.00,313.88804,318.54,318.54,2.00
443900.00,3921600.00,305.3442,318.43,318.43,2.00
443900.00,3921500.00,302.6058,317.76,317.76,2.00
443900.00,3921400.00,295.63292,317.02,317.02,2.00
443900.00,3921300.00,284.56326,316.67,316.67,2.00
443900.00,3921200.00,270.685,316.12,316.12,2.00
443900.00,3921100.00,258.32948,316.90,316.90,2.00
443900.00,3921000.00,254.54206,316.02,316.02,2.00
443900.00,3920900.00,255.81978,315.40,315.40,2.00
443900.00,3920800.00,288.09883,315.86,315.86,2.00
443900.00,3920700.00,311.2743,314.42,314.42,2.00
443900.00,3920600.00,319.28825,311.73,311.73,2.00
443900.00,3920500.00,314.64873,310.51,310.51,2.00
443900.00,3920400.00,315.01743,310.81,310.81,2.00
443900.00,3920300.00,308.36703,310.26,310.26,2.00
444000.00,3922300.00,263.52858,322.89,322.89,2.00
444000.00,3922200.00,389.34267,319.47,319.47,2.00
444000.00,3922100.00,434.41719,320.00,320.00,2.00
444000.00,3922000.00,398.0314,322.23,322.23,2.00
444000.00,3921900.00,268.31028,321.16,321.16,2.00
444000.00,3921800.00,241.68835,319.76,319.76,2.00
444000.00,3921700.00,240.35452,319.42,319.42,2.00
444000.00,3921600.00,242.10342,320.52,320.52,2.00
444000.00,3921500.00,242.20676,319.44,319.44,2.00
444000.00,3921400.00,236.0665,317.49,317.49,2.00
444000.00,3921300.00,237.36447,316.65,316.65,2.00
444000.00,3921200.00,245.8988,316.13,316.13,2.00
444000.00,3921100.00,237.76987,316.29,316.29,2.00
444000.00,3921000.00,229.23665,316.01,316.01,2.00
444000.00,3920900.00,221.79108,315.31,315.31,2.00
444000.00,3920800.00,212.29301,315.17,315.17,2.00
444000.00,3920700.00,210.73259,314.02,314.02,2.00
444000.00,3920600.00,208.90316,312.02,312.02,2.00
444000.00,3920500.00,231.15951,310.21,310.21,2.00
444000.00,3920400.00,256.32073,310.87,310.87,2.00
444000.00,3920300.00,273.3829,311.13,311.13,2.00
444100.00,3922300.00,241.36256,323.81,323.81,2.00
444100.00,3922200.00,335.33932,320.86,320.86,2.00
444100.00,3922100.00,354.83953,321.81,321.81,2.00
444100.00,3922000.00,264.39396,322.78,322.78,2.00
444100.00,3921900.00,218.06771,320.98,320.98,2.00
444100.00,3921800.00,222.00121,320.32,320.32,2.00
444100.00,3921700.00,221.79142,319.01,319.01,2.00
444100.00,3921600.00,217.73191,319.52,319.52,2.00
444100.00,3921500.00,199.69089,319.98,319.98,2.00
444100.00,3921400.00,208.71861,317.47,317.47,2.00
444100.00,3921300.00,229.22459,316.02,316.02,2.00
444100.00,3921200.00,188.63353,316.79,316.79,2.00
444100.00,3921100.00,196.48471,316.99,316.99,2.00
444100.00,3921000.00,222.2446,315.07,315.07,2.00
444100.00,3920900.00,224.54579,313.98,313.98,2.00
444100.00,3920800.00,217.61145,313.70,313.70,2.00
444100.00,3920700.00,209.33238,311.93,311.93,2.00
444100.00,3920600.00,200.34808,311.34,311.34,2.00
444100.00,3920500.00,193.6316,310.32,310.32,2.00
444100.00,3920400.00,203.06974,310.90,310.90,2.00
444100.00,3920300.00,201.08173,310.38,310.38,2.00
444200.00,3922300.00,231.67863,324.00,324.00,2.00
444200.00,3922200.00,308.9044,322.49,322.49,2.00
444200.00,3922100.00,311.80694,323.45,323.45,2.00
444200.00,3922000.00,218.12982,323.07,323.07,2.00
444200.00,3921900.00,189.99711,321.84,321.84,2.00
444200.00,3921800.00,177.24951,321.56,321.56,2.00
444200.00,3921700.00,177.73234,322.06,322.06,2.00
444200.00,3921600.00,172.34262,320.59,320.59,2.00
444200.00,3921500.00,176.92584,319.91,319.91,2.00
444200.00,3921400.00,197.92328,318.00,318.00,2.00
444200.00,3921300.00,179.91835,317.38,317.38,2.00
444200.00,3921200.00,195.66711,316.66,316.66,2.00
444200.00,3921100.00,206.55605,314.94,314.94,2.00
444200.00,3921000.00,175.36318,311.84,311.84,2.00
444200.00,3920900.00,173.46814,310.65,310.65,2.00
444200.00,3920800.00,192.37448,309.90,309.90,2.00
444200.00,3920700.00,206.58174,309.28,309.28,2.00
444200.00,3920600.00,205.79574,308.90,308.90,2.00
444200.00,3920500.00,199.29435,308.77,308.77,2.00
444200.00,3920400.00,190.96848,309.00,309.00,2.00
444200.00,3920300.00,199.67136,308.60,308.60,2.00
444300.00,3922300.00,202.67848,323.52,323.52,2.00
444300.00,3922200.00,266.94503,323.45,323.45,2.00
444300.00,3922100.00,237.06415,323.87,323.87,2.00
444300.00,3922000.00,166.47645,323.25,323.25,2.00
444300.00,3921900.00,176.20272,322.00,322.00,2.00
444300.00,3921800.00,164.34183,321.95,321.95,2.00
444300.00,3921700.00,165.62936,321.07,321.07,2.00
444300.00,3921600.00,193.32166,319.62,319.62,2.00
444300.00,3921500.00,190.66594,319.18,319.18,2.00
444300.00,3921400.00,201.87616,317.23,317.23,2.00
444300.00,3921300.00,201.52242,315.00,315.00,2.00
444300.00,3921200.00,193.41175,313.90,313.90,2.00
444300.00,3921100.00,171.48845,311.12,311.12,2.00
444300.00,3921000.00,161.50163,309.09,309.09,2.00
444300.00,3920900.00,158.41723,308.65,308.65,2.00
444300.00,3920800.00,156.94012,308.81,308.81,2.00
444300.00,3920700.00,153.51122,309.54,309.54,2.00
444300.00,3920600.00,161.08284,308.12,308.12,2.00
444300.00,3920500.00,184.22125,309.98,309.98,2.00
444300.00,3920400.00,191.98895,310.78,310.78,2.00
444300.00,3920300.00,191.67907,309.72,309.72,2.00
444400.00,3922300.00,303.23833,322.37,322.37,2.00
444400.00,3922200.00,355.87651,321.30,321.30,2.00
444400.00,3922100.00,234.33331,322.05,322.05,2.00
444400.00,3922000.00,157.63628,320.55,320.55,2.00
444400.00,3921900.00,162.61115,321.82,321.82,2.00
444400.00,3921800.00,188.88403,320.55,320.55,2.00
444400.00,3921700.00,194.66099,317.44,317.44,2.00
444400.00,3921600.00,193.63613,314.42,314.42,2.00
444400.00,3921500.00,182.84906,314.87,314.87,2.00
444400.00,3921400.00,193.90369,315.10,315.10,2.00
444400.00,3921300.00,191.06386,314.92,314.92,2.00
444400.00,3921200.00,183.33515,313.42,313.42,2.00
444400.00,3921100.00,165.36158,312.06,312.06,2.00
444400.00,3921000.00,157.52529,310.08,310.08,2.00
444400.00,3920900.00,158.59963,310.92,310.92,2.00
444400.00,3920800.00,155.26233,309.98,309.98,2.00
444400.00,3920700.00,149.68617,310.18,310.18,2.00
444400.00,3920600.00,150.74793,311.26,311.26,2.00
444400.00,3920500.00,148.48234,312.35,312.35,2.00
444400.00,3920400.00,150.16461,313.42,313.42,2.00
444400.00,3920300.00,163.25288,312.95,312.95,2.00
444500.00,3922300.00,390.36677,317.55,317.55,2.00
444500.00,3922200.00,563.46767,316.25,316.25,2.00
444500.00,3922100.00,299.68927,317.22,317.22,2.00
444500.00,3922000.00,200.21736,317.65,317.65,2.00
444500.00,3921900.00,185.22393,316.73,316.73,2.00
444500.00,3921800.00,210.75682,316.89,316.89,2.00
444500.00,3921700.00,197.98229,314.74,314.74,2.00
444500.00,3921600.00,185.25675,313.42,313.42,2.00
444500.00,3921500.00,171.76516,314.40,314.40,2.00
444500.00,3921400.00,185.28513,315.35,315.35,2.00
444500.00,3921300.00,181.97409,315.74,315.74,2.00
444500.00,3921200.00,188.73403,315.94,315.94,2.00
444500.00,3921100.00,153.37099,317.09,317.09,2.00
444500.00,3921000.00,181.01464,314.75,314.75,2.00
444500.00,3920900.00,169.68494,314.61,314.61,2.00
444500.00,3920800.00,153.41762,315.10,315.10,2.00
444500.00,3920700.00,157.04055,313.26,313.26,2.00
444500.00,3920600.00,145.00273,312.74,312.74,2.00
444500.00,3920500.00,146.01766,311.89,311.89,2.00
444500.00,3920400.00,157.60432,311.80,311.80,2.00
444500.00,3920300.00,173.50729,311.45,311.45,2.00
444600.00,3922300.00,339.62183,319.44,319.44,2.00
444600.00,3922200.00,360.26858,318.10,318.10,2.00
444600.00,3922100.00,186.7002,317.99,317.99,2.00
444600.00,3922000.00,198.09454,317.31,317.31,2.00
444600.00,3921900.00,188.98482,315.64,315.64,2.00
444600.00,3921800.00,206.51251,316.24,316.24,2.00
444600.00,3921700.00,185.09204,316.23,316.23,2.00
444600.00,3921600.00,177.47718,315.05,315.05,2.00
444600.00,3921500.00,175.96792,315.16,315.16,2.00
444600.00,3921400.00,175.84365,315.99,315.99,2.00
444600.00,3921300.00,175.68961,316.57,316.57,2.00
444600.00,3921200.00,171.80517,316.64,316.64,2.00
444600.00,3921100.00,151.37386,317.28,317.28,2.00
444600.00,3921000.00,155.36931,316.10,316.10,2.00
444600.00,3920900.00,148.03236,316.00,316.00,2.00
444600.00,3920800.00,138.65277,315.81,315.81,2.00
444600.00,3920700.00,154.68233,313.94,313.94,2.00
444600.00,3920600.00,141.72463,313.38,313.38,2.00
444600.00,3920500.00,138.07119,312.53,312.53,2.00
444600.00,3920400.00,148.80342,311.90,311.90,2.00
444600.00,3920300.00,170.55301,310.49,310.49,2.00
444700.00,3922300.00,334.35798,320.71,320.71,2.00
444700.00,3922200.00,207.26737,322.24,322.24,2.00
444700.00,3922100.00,149.90819,319.70,319.70,2.00
444700.00,3922000.00,148.06035,320.52,320.52,2.00
444700.00,3921900.00,162.69806,320.15,320.15,2.00
444700.00,3921800.00,161.07013,319.40,319.40,2.00
444700.00,3921700.00,153.77977,317.82,317.82,2.00
444700.00,3921600.00,161.53087,316.64,316.64,2.00
444700.00,3921500.00,159.14939,318.24,318.24,2.00
444700.00,3921400.00,158.53662,317.73,317.73,2.00
444700.00,3921300.00,149.17134,318.91,318.91,2.00
444700.00,3921200.00,160.35591,316.99,316.99,2.00
444700.00,3921100.00,158.3114,316.85,316.85,2.00
444700.00,3921000.00,164.15737,315.22,315.22,2.00
444700.00,3920900.00,157.6618,313.19,313.19,2.00
444700.00,3920800.00,155.88068,314.02,314.02,2.00
444700.00,3920700.00,150.66432,312.88,312.88,2.00
444700.00,3920600.00,137.65481,312.55,312.55,2.00
444700.00,3920500.00,130.58507,313.32,313.32,2.00
444700.00,3920400.00,143.89872,311.20,311.20,2.00
444700.00,3920300.00,160.19962,310.01,310.01,2.00
443700.00,3921200.00,436.33632,314.92,314.92,2.00
443700.00,3921100.00,469.1488,314.33,314.33,2.00
443700.00,3921000.00,478.7493,315.70,315.70,2.00
443700.00,3920900.00,458.03489,315.79,315.79,2.00
443700.00,3920800.00,451.90804,313.07,313.07,2.00
443700.00,3920700.00,463.64482,312.71,312.71,2.00
443700.00,3920600.00,449.14056,313.57,313.57,2.00
443700.00,3920500.00,451.44213,312.95,312.95,2.00
443700.00,3920400.00,440.81983,312.36,312.36,2.00
443700.00,3920300.00,414.34379,311.87,311.87,2.00
443600.00,3921200.00,619.78352,314.96,314.96,2.00
443600.00,3921100.00,596.58751,314.97,314.97,2.00
443600.00,3921000.00,537.48912,314.39,314.39,2.00
443600.00,3920900.00,549.83843,314.09,314.09,2.00
443600.00,3920800.00,546.22296,312.49,312.49,2.00
443600.00,3920700.00,526.26484,311.24,311.24,2.00
443600.00,3920600.00,497.01667,311.95,311.95,2.00
443600.00,3920500.00,489.88633,311.28,311.28,2.00
443600.00,3920400.00,475.38441,310.32,310.32,2.00
443600.00,3920300.00,456.00773,310.05,310.05,2.00
443500.00,3921200.00,712.43316,316.61,316.61,2.00
443500.00,3921100.00,677.76014,316.01,316.01,2.00
443500.00,3921000.00,624.81803,314.92,314.92,2.00
443500.00,3920900.00,582.76247,312.16,312.16,2.00
443500.00,3920800.00,556.33399,312.89,312.89,2.00
443500.00,3920700.00,529.48427,312.16,312.16,2.00
443500.00,3920600.00,503.65962,312.56,312.56,2.00
443500.00,3920500.00,476.87509,311.47,311.47,2.00
443500.00,3920400.00,452.9196,308.58,308.58,2.00
443500.00,3920300.00,438.35837,305.83,305.83,2.00
443400.00,3921200.00,1969.09193,316.55,316.55,2.00
443400.00,3921100.00,1540.16392,316.74,316.74,2.00
443400.00,3921000.00,1220.24937,315.98,315.98,2.00
443400.00,3920900.00,881.21348,314.22,314.22,2.00
443400.00,3920800.00,812.57426,313.82,313.82,2.00
443400.00,3920700.00,718.72076,312.68,312.68,2.00
443400.00,3920600.00,646.40256,311.93,311.93,2.00
443400.00,3920500.00,589.12626,310.62,310.62,2.00
443400.00,3920400.00,523.26344,307.90,307.90,2.00
443400.00,3920300.00,484.82716,306.81,306.81,2.00
443300.00,3921200.00,875.05132,314.54,314.54,2.00
443300.00,3921100.00,973.16287,314.25,314.25,2.00
443300.00,3921000.00,1339.66588,315.44,315.44,2.00
443300.00,3920900.00,1874.73469,315.86,315.86,2.00
443300.00,3920800.00,1865.84247,313.36,313.36,2.00
443300.00,3920700.00,1407.29984,312.47,312.47,2.00
443300.00,3920600.00,1164.96847,311.50,311.50,2.00
443300.00,3920500.00,1022.91196,311.41,311.41,2.00
443300.00,3920400.00,882.53285,309.49,309.49,2.00
443300.00,3920300.00,750.13761,309.02,309.02,2.00
443200.00,3921200.00,772.87793,314.21,314.21,2.00
443200.00,3921100.00,756.87258,315.62,315.62,2.00
443200.00,3921000.00,721.69449,315.88,315.88,2.00
443200.00,3920900.00,719.01873,315.08,315.08,2.00
443200.00,3920800.00,958.21379,313.88,313.88,2.00
443200.00,3920700.00,1783.21266,313.33,313.33,2.00
443200.00,3920600.00,1809.48537,311.91,311.91,2.00
443200.00,3920500.00,1637.92298,311.88,311.88,2.00
443200.00,3920400.00,1464.76583,311.62,311.62,2.00
443200.00,3920300.00,1295.86695,311.62,311.62,2.00
443100.00,3921200.00,582.46882,315.13,315.13,2.00
443100.00,3921100.00,653.89286,315.08,315.08,2.00
443100.00,3921000.00,613.49816,315.51,315.51,2.00
443100.00,3920900.00,657.6897,313.86,313.86,2.00
443100.00,3920800.00,663.39166,312.64,312.64,2.00
443100.00,3920700.00,647.48929,312.31,312.31,2.00
443100.00,3920600.00,668.33945,312.55,312.55,2.00
443100.00,3920500.00,1331.10652,310.76,310.76,2.00
443100.00,3920400.00,1469.8122,311.32,311.32,2.00
443100.00,3920300.00,1457.98341,311.22,311.22,2.00
443000.00,3921200.00,475.39852,315.13,315.13,2.00
443000.00,3921100.00,504.9435,313.18,313.18,2.00
443000.00,3921000.00,534.81423,312.92,312.92,2.00
443000.00,3920900.00,561.52233,312.69,312.69,2.00
443000.00,3920800.00,616.44661,310.35,310.35,2.00
443000.00,3920700.00,557.36603,307.84,307.84,2.00
443000.00,3920600.00,576.75229,308.40,308.40,2.00
443000.00,3920500.00,587.40751,309.78,309.78,2.00
443000.00,3920400.00,598.85641,310.55,310.55,2.00
443000.00,3920300.00,1389.21173,311.20,311.20,2.00
442900.00,3921200.00,428.94053,314.24,314.24,2.00
442900.00,3921100.00,413.21919,312.32,312.32,2.00
442900.00,3921000.00,421.18515,308.62,308.62,2.00
442900.00,3920900.00,464.04837,310.25,310.25,2.00
442900.00,3920800.00,490.32282,310.11,310.11,2.00
442900.00,3920700.00,473.82591,309.44,309.44,2.00
442900.00,3920600.00,538.42742,307.39,307.39,2.00
442900.00,3920500.00,497.38283,309.19,309.19,2.00
442900.00,3920400.00,515.9072,310.62,310.62,2.00
442900.00,3920300.00,526.08339,312.00,312.00,2.00
442800.00,3921200.00,378.80395,315.89,315.89,2.00
442800.00,3921100.00,389.06894,314.25,314.25,2.00
442800.00,3921000.00,376.55304,309.99,309.99,2.00
442800.00,3920900.00,378.18606,310.13,310.13,2.00
442800.00,3920800.00,390.74981,311.05,311.05,2.00
442800.00,3920700.00,427.79859,306.75,306.75,2.00
442800.00,3920600.00,448.07455,307.12,307.12,2.00
442800.00,3920500.00,398.50922,309.24,309.24,2.00
442800.00,3920400.00,463.56452,309.87,309.87,2.00
442800.00,3920300.00,509.08055,309.87,309.87,2.00
442700.00,3921200.00,391.46482,315.95,315.95,2.00
442700.00,3921100.00,354.46209,315.02,315.02,2.00
442700.00,3921000.00,350.11821,311.43,311.43,2.00
442700.00,3920900.00,363.30783,310.00,310.00,2.00
442700.00,3920800.00,353.99751,309.95,309.95,2.00
442700.00,3920700.00,347.20297,309.01,309.01,2.00
442700.00,3920600.00,366.84128,307.18,307.18,2.00
442700.00,3920500.00,466.51093,308.18,308.18,2.00
442700.00,3920400.00,418.40379,309.00,309.00,2.00
442700.00,3920300.00,414.80335,308.43,308.43,2.00
442600.00,3921200.00,401.86367,314.23,314.23,2.00
442600.00,3921100.00,378.86469,314.17,314.17,2.00
442600.00,3921000.00,346.4629,314.53,314.53,2.00
442600.00,3920900.00,332.6319,312.67,312.67,2.00
442600.00,3920800.00,341.38255,312.29,312.29,2.00
442600.00,3920700.00,304.35012,309.72,309.72,2.00
442600.00,3920600.00,389.72569,308.50,308.50,2.00
442600.00,3920500.00,336.35693,309.67,309.67,2.00
442600.00,3920400.00,362.05817,308.48,308.48,2.00
442600.00,3920300.00,399.37845,307.17,307.17,2.00
442500.00,3921200.00,454.93507,312.85,312.85,2.00
442500.00,3921100.00,345.64147,312.53,312.53,2.00
442500.00,3921000.00,357.49142,313.64,313.64,2.00
442500.00,3920900.00,319.85722,312.68,312.68,2.00
442500.00,3920800.00,312.72553,310.91,310.91,2.00
442500.00,3920700.00,345.85697,307.97,307.97,2.00
442500.00,3920600.00,504.39849,308.36,308.36,2.00
442500.00,3920500.00,322.00867,310.32,310.32,2.00
442500.00,3920400.00,333.72668,309.28,309.28,2.00
442500.00,3920300.00,335.99484,306.38,306.38,2.00
442400.00,3921200.00,661.71966,313.41,313.41,2.00
442400.00,3921100.00,364.22682,310.97,310.97,2.00
442400.00,3921000.00,311.60373,311.96,311.96,2.00
442400.00,3920900.00,330.53121,311.21,311.21,2.00
442400.00,3920800.00,326.68059,309.65,309.65,2.00
442400.00,3920700.00,321.93612,310.00,310.00,2.00
442400.00,3920600.00,375.87426,309.59,309.59,2.00
442400.00,3920500.00,319.63636,309.00,309.00,2.00
442400.00,3920400.00,303.35921,308.52,308.52,2.00
442400.00,3920300.00,318.71424,309.37,309.37,2.00
442300.00,3921200.00,802.995,313.16,313.16,2.00
442300.00,3921100.00,431.88358,311.19,311.19,2.00
442300.00,3921000.00,320.54097,310.32,310.32,2.00
442300.00,3920900.00,296.51786,309.22,309.22,2.00
442300.00,3920800.00,328.84991,308.28,308.28,2.00
442300.00,3920700.00,602.93981,308.97,308.97,2.00
442300.00,3920600.00,336.35365,310.22,310.22,2.00
442300.00,3920500.00,323.2974,310.13,310.13,2.00
442300.00,3920400.00,311.98756,308.59,308.59,2.00
442300.00,3920300.00,292.97529,309.23,309.23,2.00
442200.00,3921200.00,590.11212,313.18,313.18,2.00
442200.00,3921100.00,595.06182,312.00,312.00,2.00
442200.00,3921000.00,369.0414,311.82,311.82,2.00
442200.00,3920900.00,301.95742,309.88,309.88,2.00
442200.00,3920800.00,362.07,308.80,308.80,2.00
442200.00,3920700.00,381.16576,308.88,308.88,2.00
442200.00,3920600.00,342.51979,309.04,309.04,2.00
442200.00,3920500.00,318.32242,308.46,308.46,2.00
442200.00,3920400.00,301.57408,307.87,307.87,2.00
442200.00,3920300.00,296.74221,308.55,308.55,2.00
442100.00,3921200.00,479.25327,314.41,314.41,2.00
442100.00,3921100.00,1094.02972,311.54,311.54,2.00
442100.00,3921000.00,428.62921,311.02,311.02,2.00
442100.00,3920900.00,318.60874,309.57,309.57,2.00
442100.00,3920800.00,678.78437,307.11,307.11,2.00
442100.00,3920700.00,315.98613,307.96,307.96,2.00
442100.00,3920600.00,312.27321,309.08,309.08,2.00
442100.00,3920500.00,318.21487,307.57,307.57,2.00
442100.00,3920400.00,287.09834,306.00,306.00,2.00
442100.00,3920300.00,274.59035,306.93,306.93,2.00
442000.00,3921200.00,304.95865,311.01,311.01,2.00
442000.00,3921100.00,783.60272,309.52,309.52,2.00
442000.00,3921000.00,604.10695,311.49,311.49,2.00
442000.00,3920900.00,363.10879,311.16,311.16,2.00
442000.00,3920800.00,386.99836,310.58,310.58,2.00
442000.00,3920700.00,291.58987,309.78,309.78,2.00
442000.00,3920600.00,279.81152,308.25,308.25,2.00
442000.00,3920500.00,286.35982,307.36,307.36,2.00
442000.00,3920400.00,294.01547,307.42,307.42,2.00
442000.00,3920300.00,284.98851,307.81,307.81,2.00
441900.00,3921200.00,261.55557,308.53,308.53,2.00
441900.00,3921100.00,436.92434,307.33,307.33,2.00
441900.00,3921000.00,918.06635,311.87,311.87,2.00
441900.00,3920900.00,460.94081,312.59,312.59,2.00
441900.00,3920800.00,376.24606,311.05,311.05,2.00
441900.00,3920700.00,300.06296,309.28,309.28,2.00
441900.00,3920600.00,267.59471,308.60,308.60,2.00
441900.00,3920500.00,262.87948,306.44,306.44,2.00
441900.00,3920400.00,262.4551,307.18,307.18,2.00
441900.00,3920300.00,273.06891,307.30,307.30,2.00
441800.00,3921200.00,233.82451,311.52,311.52,2.00
441800.00,3921100.00,338.51963,309.44,309.44,2.00
441800.00,3921000.00,976.96451,310.14,310.14,2.00
441800.00,3920900.00,643.73739,309.69,309.69,2.00
441800.00,3920800.00,391.61161,309.43,309.43,2.00
441800.00,3920700.00,314.39595,307.31,307.31,2.00
441800.00,3920600.00,289.62243,306.09,306.09,2.00
441800.00,3920500.00,265.2116,305.47,305.47,2.00
441800.00,3920400.00,247.92519,306.01,306.01,2.00
441800.00,3920300.00,243.33075,306.90,306.90,2.00
441700.00,3921200.00,209.7438,310.29,310.29,2.00
441700.00,3921100.00,284.77933,310.13,310.13,2.00
441700.00,3921000.00,568.31566,312.62,312.62,2.00
441700.00,3920900.00,863.92405,311.62,311.62,2.00
441700.00,3920800.00,492.06229,310.12,310.12,2.00
441700.00,3920700.00,340.27625,307.09,307.09,2.00
441700.00,3920600.00,289.81748,304.81,304.81,2.00
441700.00,3920500.00,268.52283,305.51,305.51,2.00
441700.00,3920400.00,252.0617,305.46,305.46,2.00
441700.00,3920300.00,239.55409,305.57,305.57,2.00
442600.00,3921300.00,702.8499,313.90,313.90,2.00
442600.00,3921400.00,391.47111,316.30,316.30,2.00
442600.00,3921500.00,227.27407,317.08,317.08,2.00
442600.00,3921600.00,190.37289,317.00,317.00,2.00
442600.00,3921700.00,178.23106,317.06,317.06,2.00
442600.00,3921800.00,166.67392,317.04,317.04,2.00
442600.00,3921900.00,166.50971,317.00,317.00,2.00
442600.00,3922000.00,153.8902,317.82,317.82,2.00
442600.00,3922100.00,149.21642,318.85,318.85,2.00
442600.00,3922200.00,139.99815,320.83,320.83,2.00
442600.00,3922300.00,135.6528,322.06,322.06,2.00
442600.00,3922400.00,138.68921,322.95,322.95,2.00
442600.00,3922500.00,134.68104,322.36,322.36,2.00
442600.00,3922600.00,146.85026,319.32,319.32,2.00
442600.00,3922700.00,148.33721,321.02,321.02,2.00
442600.00,3922800.00,140.37046,322.20,322.20,2.00
442600.00,3922900.00,162.38044,320.06,320.06,2.00
442600.00,3923000.00,159.09291,320.72,320.72,2.00
442600.00,3923100.00,143.90551,323.32,323.32,2.00
442600.00,3923200.00,137.33494,324.73,324.73,2.00
442600.00,3923300.00,139.80322,325.79,325.79,2.00
442500.00,3921300.00,819.29255,312.15,312.15,2.00
442500.00,3921400.00,316.814,316.00,316.00,2.00
442500.00,3921500.00,228.25715,315.73,315.73,2.00
442500.00,3921600.00,202.38011,315.20,315.20,2.00
442500.00,3921700.00,182.10851,315.60,315.60,2.00
442500.00,3921800.00,159.99675,316.58,316.58,2.00
442500.00,3921900.00,151.32206,317.51,317.51,2.00
442500.00,3922000.00,149.78559,317.19,317.19,2.00
442500.00,3922100.00,149.62977,316.77,316.77,2.00
442500.00,3922200.00,137.00415,318.34,318.34,2.00
442500.00,3922300.00,138.99618,319.22,319.22,2.00
442500.00,3922400.00,127.59391,321.75,321.75,2.00
442500.00,3922500.00,128.99429,321.91,321.91,2.00
442500.00,3922600.00,134.96196,321.46,321.46,2.00
442500.00,3922700.00,142.71992,321.17,321.17,2.00
442500.00,3922800.00,137.50791,320.83,320.83,2.00
442500.00,3922900.00,134.46834,322.44,322.44,2.00
442500.00,3923000.00,135.10109,323.16,323.16,2.00
442500.00,3923100.00,135.72671,323.45,323.45,2.00
442500.00,3923200.00,135.19024,323.66,323.66,2.00
442500.00,3923300.00,133.35325,324.47,324.47,2.00
442400.00,3921300.00,499.10499,313.00,313.00,2.00
442400.00,3921400.00,281.46418,315.49,315.49,2.00
442400.00,3921500.00,216.36997,315.48,315.48,2.00
442400.00,3921600.00,186.35684,315.91,315.91,2.00
442400.00,3921700.00,161.5712,316.53,316.53,2.00
442400.00,3921800.00,153.73766,316.81,316.81,2.00
442400.00,3921900.00,152.09658,317.00,317.00,2.00
442400.00,3922000.00,143.99606,317.41,317.41,2.00
442400.00,3922100.00,137.3041,318.74,318.74,2.00
442400.00,3922200.00,132.96729,318.34,318.34,2.00
442400.00,3922300.00,138.24762,316.44,316.44,2.00
442400.00,3922400.00,134.31864,319.92,319.92,2.00
442400.00,3922500.00,131.24535,321.19,321.19,2.00
442400.00,3922600.00,136.03234,320.27,320.27,2.00
442400.00,3922700.00,139.66963,320.71,320.71,2.00
442400.00,3922800.00,139.54966,321.03,321.03,2.00
442400.00,3922900.00,125.71061,323.48,323.48,2.00
442400.00,3923000.00,135.18497,321.60,321.60,2.00
442400.00,3923100.00,146.10059,320.11,320.11,2.00
442400.00,3923200.00,133.37754,321.78,321.78,2.00
442400.00,3923300.00,132.21644,323.14,323.14,2.00
442300.00,3921300.00,361.51107,312.78,312.78,2.00
442300.00,3921400.00,251.18317,313.31,313.31,2.00
442300.00,3921500.00,208.21189,315.57,315.57,2.00
442300.00,3921600.00,179.20089,315.12,315.12,2.00
442300.00,3921700.00,168.25263,315.29,315.29,2.00
442300.00,3921800.00,156.51502,315.27,315.27,2.00
442300.00,3921900.00,146.13894,315.82,315.82,2.00
442300.00,3922000.00,145.3448,316.21,316.21,2.00
442300.00,3922100.00,133.30377,317.76,317.76,2.00
442300.00,3922200.00,126.71029,317.92,317.92,2.00
442300.00,3922300.00,133.99124,316.93,316.93,2.00
442300.00,3922400.00,126.48679,317.93,317.93,2.00
442300.00,3922500.00,134.64863,316.11,316.11,2.00
442300.00,3922600.00,127.33959,319.37,319.37,2.00
442300.00,3922700.00,125.71004,317.45,317.45,2.00
442300.00,3922800.00,132.97092,319.60,319.60,2.00
442300.00,3922900.00,132.44415,321.17,321.17,2.00
442300.00,3923000.00,125.25189,320.58,320.58,2.00
442300.00,3923100.00,141.76186,320.35,320.35,2.00
442300.00,3923200.00,133.97884,321.43,321.43,2.00
442300.00,3923300.00,126.49394,322.01,322.01,2.00
442200.00,3921300.00,288.1269,312.02,312.02,2.00
442200.00,3921400.00,223.12389,312.78,312.78,2.00
442200.00,3921500.00,189.53672,314.84,314.84,2.00
442200.00,3921600.00,168.91667,314.24,314.24,2.00
442200.00,3921700.00,155.82286,313.49,313.49,2.00
442200.00,3921800.00,143.31562,312.71,312.71,2.00
442200.00,3921900.00,144.87375,315.22,315.22,2.00
442200.00,3922000.00,140.62927,316.42,316.42,2.00
442200.00,3922100.00,137.54706,316.68,316.68,2.00
442200.00,3922200.00,127.26496,317.17,317.17,2.00
442200.00,3922300.00,122.88307,318.28,318.28,2.00
442200.00,3922400.00,129.43893,314.01,314.01,2.00
442200.00,3922500.00,124.65577,314.55,314.55,2.00
442200.00,3922600.00,123.03305,316.98,316.98,2.00
442200.00,3922700.00,123.23627,318.97,318.97,2.00
442200.00,3922800.00,129.08997,319.89,319.89,2.00
442200.00,3922900.00,125.80845,319.31,319.31,2.00
442200.00,3923000.00,126.03957,320.41,320.41,2.00
442200.00,3923100.00,121.51872,322.22,322.22,2.00
442200.00,3923200.00,123.63116,323.01,323.01,2.00
442200.00,3923300.00,126.14239,321.74,321.74,2.00
442100.00,3921300.00,258.36403,312.61,312.61,2.00
442100.00,3921400.00,212.50481,313.59,313.59,2.00
442100.00,3921500.00,180.28142,314.30,314.30,2.00
442100.00,3921600.00,168.75482,314.99,314.99,2.00
442100.00,3921700.00,151.60857,313.82,313.82,2.00
442100.00,3921800.00,137.36989,311.94,311.94,2.00
442100.00,3921900.00,142.35668,315.00,315.00,2.00
442100.00,3922000.00,136.68183,317.00,317.00,2.00
442100.00,3922100.00,134.36671,316.20,316.20,2.00
442100.00,3922200.00,130.57831,316.81,316.81,2.00
442100.00,3922300.00,124.38603,317.09,317.09,2.00
442100.00,3922400.00,126.03119,314.60,314.60,2.00
442100.00,3922500.00,119.70243,315.64,315.64,2.00
442100.00,3922600.00,112.52222,316.66,316.66,2.00
442100.00,3922700.00,118.27373,319.12,319.12,2.00
442100.00,3922800.00,121.05159,319.88,319.88,2.00
442100.00,3922900.00,115.35722,318.54,318.54,2.00
442100.00,3923000.00,121.4548,319.29,319.29,2.00
442100.00,3923100.00,115.41016,320.15,320.15,2.00
442100.00,3923200.00,116.90043,321.40,321.40,2.00
442100.00,3923300.00,128.52119,321.00,321.00,2.00
442000.00,3921300.00,240.24759,313.14,313.14,2.00
442000.00,3921400.00,204.28618,314.17,314.17,2.00
442000.00,3921500.00,174.84405,314.68,314.68,2.00
442000.00,3921600.00,160.99514,314.62,314.62,2.00
442000.00,3921700.00,150.88431,314.45,314.45,2.00
442000.00,3921800.00,132.1453,312.73,312.73,2.00
442000.00,3921900.00,136.50561,314.03,314.03,2.00
442000.00,3922000.00,133.34434,314.71,314.71,2.00
442000.00,3922100.00,128.80817,314.32,314.32,2.00
442000.00,3922200.00,127.22692,314.28,314.28,2.00
442000.00,3922300.00,122.34359,316.17,316.17,2.00
442000.00,3922400.00,115.56956,317.64,317.64,2.00
442000.00,3922500.00,114.2979,317.90,317.90,2.00
442000.00,3922600.00,114.25277,318.65,318.65,2.00
442000.00,3922700.00,111.24285,317.86,317.86,2.00
442000.00,3922800.00,111.47655,318.23,318.23,2.00
442000.00,3922900.00,117.14909,319.47,319.47,2.00
442000.00,3923000.00,113.85699,319.00,319.00,2.00
442000.00,3923100.00,108.4417,317.91,317.91,2.00
442000.00,3923200.00,114.12944,319.21,319.21,2.00
442000.00,3923300.00,117.5607,320.02,320.02,2.00
441900.00,3921300.00,201.46495,311.22,311.22,2.00
441900.00,3921400.00,182.27242,312.70,312.70,2.00
441900.00,3921500.00,158.11271,312.84,312.84,2.00
441900.00,3921600.00,142.75326,312.78,312.78,2.00
441900.00,3921700.00,141.59441,313.32,313.32,2.00
441900.00,3921800.00,138.72371,313.72,313.72,2.00
441900.00,3921900.00,121.80795,312.92,312.92,2.00
441900.00,3922000.00,120.3425,312.74,312.74,2.00
441900.00,3922100.00,127.51894,314.26,314.26,2.00
441900.00,3922200.00,118.30965,313.76,313.76,2.00
441900.00,3922300.00,120.71003,314.93,314.93,2.00
441900.00,3922400.00,114.9909,317.14,317.14,2.00
441900.00,3922500.00,117.74668,315.70,315.70,2.00
441900.00,3922600.00,115.68548,316.68,316.68,2.00
441900.00,3922700.00,109.58793,316.77,316.77,2.00
441900.00,3922800.00,105.45171,316.85,316.85,2.00
441900.00,3922900.00,110.71195,316.89,316.89,2.00
441900.00,3923000.00,106.3618,317.93,317.93,2.00
441900.00,3923100.00,109.04593,318.84,318.84,2.00
441900.00,3923200.00,109.48616,319.23,319.23,2.00
441900.00,3923300.00,110.05821,319.10,319.10,2.00
441800.00,3921300.00,183.45949,310.12,310.12,2.00
441800.00,3921400.00,160.60968,310.41,310.41,2.00
441800.00,3921500.00,146.19199,311.84,311.84,2.00
441800.00,3921600.00,133.70835,311.99,311.99,2.00
441800.00,3921700.00,131.52984,312.75,312.75,2.00
441800.00,3921800.00,136.30621,313.91,313.91,2.00
441800.00,3921900.00,132.21391,314.14,314.14,2.00
441800.00,3922000.00,113.10131,312.12,312.12,2.00
441800.00,3922100.00,113.17504,311.51,311.51,2.00
441800.00,3922200.00,109.54521,312.36,312.36,2.00
441800.00,3922300.00,117.79701,314.86,314.86,2.00
441800.00,3922400.00,115.01442,315.06,315.06,2.00
441800.00,3922500.00,115.76366,315.90,315.90,2.00
441800.00,3922600.00,106.39705,318.10,318.10,2.00
441800.00,3922700.00,111.61901,316.55,316.55,2.00
441800.00,3922800.00,104.86927,317.31,317.31,2.00
441800.00,3922900.00,102.9769,318.02,318.02,2.00
441800.00,3923000.00,103.23575,317.51,317.51,2.00
441800.00,3923100.00,103.92471,317.58,317.58,2.00
441800.00,3923200.00,102.95895,317.81,317.81,2.00
441800.00,3923300.00,103.99415,318.30,318.30,2.00
441700.00,3921300.00,175.14679,311.11,311.11,2.00
441700.00,3921400.00,168.37977,310.55,310.55,2.00
441700.00,3921500.00,149.07909,313.20,313.20,2.00
441700.00,3921600.00,150.01402,314.21,314.21,2.00
441700.00,3921700.00,136.55875,313.46,313.46,2.00
441700.00,3921800.00,134.09228,313.74,313.74,2.00
441700.00,3921900.00,119.24738,313.02,313.02,2.00
441700.00,3922000.00,116.75018,312.99,312.99,2.00
441700.00,3922100.00,110.24198,310.15,310.15,2.00
441700.00,3922200.00,110.84574,312.44,312.44,2.00
441700.00,3922300.00,115.49768,314.09,314.09,2.00
441700.00,3922400.00,113.08954,316.85,316.85,2.00
441700.00,3922500.00,109.60141,316.50,316.50,2.00
441700.00,3922600.00,98.7884,312.41,312.41,2.00
441700.00,3922700.00,107.31022,314.62,314.62,2.00
441700.00,3922800.00,105.8327,316.28,316.28,2.00
441700.00,3922900.00,101.04292,317.75,317.75,2.00
441700.00,3923000.00,101.66626,316.59,316.59,2.00
441700.00,3923100.00,103.96953,316.63,316.63,2.00
441700.00,3923200.00,98.31393,318.29,318.29,2.00
441700.00,3923300.00,99.00489,317.53,317.53,2.00
441700.00,3923550.00,101.19021,318.47,318.47,2.00
441700.00,3923800.00,110.02619,319.83,319.83,2.00
441700.00,3924050.00,109.74769,321.50,321.50,2.00
441700.00,3924300.00,100.73739,319.26,319.26,2.00
441700.00,3924550.00,114.6887,322.67,322.67,2.00
441700.00,3924800.00,108.9084,321.95,321.95,2.00
441950.00,3923550.00,118.7221,321.17,321.17,2.00
441950.00,3923800.00,123.02769,321.91,321.91,2.00
441950.00,3924050.00,116.01654,321.73,321.73,2.00
441950.00,3924300.00,116.73759,321.56,321.56,2.00
441950.00,3924550.00,118.35406,324.08,324.08,2.00
441950.00,3924800.00,111.24067,328.50,328.50,2.00
442200.00,3923550.00,132.06902,322.33,322.33,2.00
442200.00,3923800.00,130.64462,322.62,326.00,2.00
442200.00,3924050.00,132.32516,322.93,322.93,2.00
442200.00,3924300.00,138.94612,323.05,323.05,2.00
442200.00,3924550.00,118.70153,326.61,326.61,2.00
442200.00,3924800.00,107.9787,330.93,330.93,2.00
442450.00,3923550.00,164.56616,324.00,324.00,2.00
442450.00,3923800.00,143.05044,323.41,323.41,2.00
442450.00,3924050.00,167.39349,326.13,326.13,2.00
442450.00,3924300.00,122.59156,328.32,328.32,2.00
442450.00,3924550.00,143.41323,329.00,329.00,2.00
442450.00,3924800.00,139.41093,329.31,329.31,2.00
442700.00,3923550.00,193.92552,326.02,326.02,2.00
442700.00,3923800.00,153.81425,329.41,329.41,2.00
442700.00,3924050.00,142.07079,329.30,329.30,2.00
442700.00,3924300.00,147.37652,329.70,329.70,2.00
442700.00,3924550.00,159.02215,329.94,329.94,2.00
442700.00,3924800.00,148.7565,331.47,331.47,2.00
442950.00,3923550.00,206.70959,329.76,329.76,2.00
442950.00,3923800.00,167.44459,330.24,330.24,2.00
442950.00,3924050.00,161.27779,332.91,332.91,2.00
442950.00,3924300.00,149.10674,333.51,333.51,2.00
442950.00,3924550.00,200.0832,331.73,331.73,2.00
442950.00,3924800.00,115.19841,334.97,334.97,2.00
443200.00,3923550.00,332.80181,329.42,329.42,2.00
443200.00,3923800.00,259.24246,331.31,331.31,2.00
443200.00,3924050.00,146.23578,332.54,332.54,2.00
443200.00,3924300.00,108.42275,336.12,336.12,2.00
443200.00,3924550.00,86.61218,335.88,335.88,2.00
443200.00,3924800.00,74.35585,338.57,338.57,2.00
443450.00,3923550.00,158.85891,332.61,332.61,2.00
443450.00,3923800.00,111.20657,335.15,335.15,2.00
443450.00,3924050.00,108.87397,334.85,334.85,2.00
443450.00,3924300.00,87.75367,337.00,337.00,2.00
443450.00,3924550.00,92.24995,337.38,337.38,2.00
443450.00,3924800.00,71.98526,339.11,339.11,2.00
443700.00,3923550.00,306.51068,331.70,331.70,2.00
443700.00,3923800.00,221.58148,333.52,333.52,2.00
443700.00,3924050.00,132.15108,335.55,335.55,2.00
443700.00,3924300.00,103.11689,337.84,337.84,2.00
443700.00,3924550.00,75.19111,341.76,341.76,2.00
443700.00,3924800.00,72.66383,341.32,341.32,2.00
443950.00,3923550.00,372.35633,333.42,333.42,2.00
443950.00,3923800.00,315.16066,336.25,336.25,2.00
443950.00,3924050.00,212.83847,338.78,338.78,2.00
443950.00,3924300.00,143.30427,340.07,340.07,2.00
443950.00,3924550.00,103.46427,341.03,341.03,2.00
443950.00,3924800.00,87.25101,342.60,342.60,2.00
444200.00,3923550.00,208.03748,333.07,333.07,2.00
444200.00,3923800.00,141.2996,337.26,337.26,2.00
444200.00,3924050.00,155.8678,339.86,339.86,2.00
444200.00,3924300.00,184.82092,341.69,341.69,2.00
444200.00,3924550.00,125.00358,340.52,340.52,2.00
444200.00,3924800.00,110.32049,341.99,341.99,2.00
444450.00,3923550.00,160.87639,329.76,329.76,2.00
444450.00,3923800.00,113.92788,335.18,335.18,2.00
444450.00,3924050.00,94.92669,337.80,337.80,2.00
444450.00,3924300.00,93.58585,340.00,340.00,2.00
444450.00,3924550.00,92.18036,341.98,341.98,2.00
444450.00,3924800.00,109.82984,344.32,344.32,2.00
444700.00,3923550.00,104.37302,332.76,332.76,2.00
444700.00,3923800.00,104.77143,333.48,333.48,2.00
444700.00,3924050.00,117.06004,334.45,334.45,2.00
444700.00,3924300.00,61.74968,339.54,339.54,2.00
444700.00,3924550.00,57.5112,340.39,340.39,2.00
444700.00,3924800.00,70.68393,343.80,343.80,2.00
444950.00,3923550.00,70.41301,333.97,333.97,2.00
444950.00,3923800.00,53.8835,338.38,338.38,2.00
444950.00,3924050.00,60.59476,337.30,337.30,2.00
444950.00,3924300.00,38.5849,341.40,341.40,2.00
444950.00,3924550.00,41.83693,342.00,342.00,2.00
444950.00,3924800.00,36.88273,344.72,344.72,2.00
445200.00,3923550.00,59.12627,334.34,334.34,2.00
445200.00,3923800.00,55.33295,337.35,337.35,2.00
445200.00,3924050.00,40.72012,339.47,339.47,2.00
445200.00,3924300.00,39.22176,340.95,340.95,2.00
445200.00,3924550.00,26.52769,343.52,343.52,2.00
445200.00,3924800.00,20.47472,348.12,348.12,2.00
445450.00,3923550.00,84.72076,333.51,333.51,2.00
445450.00,3923800.00,54.57375,335.44,335.44,2.00
445450.00,3924050.00,57.60198,337.50,337.50,2.00
445450.00,3924300.00,51.0192,338.78,338.78,2.00
445450.00,3924550.00,37.77688,340.49,340.49,2.00
445450.00,3924800.00,24.5411,348.11,348.11,2.00
445700.00,3923550.00,83.23762,332.71,332.71,2.00
445700.00,3923800.00,45.78719,335.59,335.59,2.00
445700.00,3924050.00,58.45195,337.08,337.08,2.00
445700.00,3924300.00,40.12065,338.61,338.61,2.00
445700.00,3924550.00,30.53422,341.59,341.59,2.00
445700.00,3924800.00,29.38965,345.06,345.06,2.00
445950.00,3923550.00,73.63108,332.25,332.25,2.00
445950.00,3923800.00,50.65196,336.35,336.35,2.00
445950.00,3924050.00,49.38391,336.14,336.14,2.00
445950.00,3924300.00,43.00801,339.47,339.47,2.00
445950.00,3924550.00,26.72723,342.38,342.38,2.00
445950.00,3924800.00,29.92008,342.88,342.88,2.00
446200.00,3923550.00,53.46769,333.94,333.94,2.00
446200.00,3923800.00,44.28362,335.76,335.76,2.00
446200.00,3924050.00,42.60167,338.51,338.51,2.00
446200.00,3924300.00,31.74848,341.69,341.69,2.00
446200.00,3924550.00,26.77469,343.09,343.09,2.00
446200.00,3924800.00,26.01177,345.16,345.16,2.00
444950.00,3923300.00,120.69656,332.12,332.12,2.00
444950.00,3923050.00,117.81988,331.48,331.48,2.00
444950.00,3922800.00,133.91807,328.38,328.38,2.00
444950.00,3922550.00,166.33212,326.66,326.66,2.00
444950.00,3922300.00,151.61944,324.89,324.89,2.00
444950.00,3922050.00,135.04399,321.47,321.47,2.00
444950.00,3921800.00,130.00005,319.87,319.87,2.00
444950.00,3921550.00,140.67867,318.27,318.27,2.00
444950.00,3921300.00,148.71826,318.27,318.27,2.00
444950.00,3921050.00,136.70524,317.51,317.51,2.00
444950.00,3920800.00,134.26542,315.69,315.69,2.00
444950.00,3920550.00,127.76764,314.09,314.09,2.00
444950.00,3920300.00,142.42837,310.99,310.99,2.00
444950.00,3920050.00,142.67575,311.94,311.94,2.00
444950.00,3919800.00,128.18744,311.71,311.71,2.00
444950.00,3919550.00,112.58165,309.53,309.53,2.00
444950.00,3919300.00,147.39681,309.44,309.44,2.00
444950.00,3919050.00,99.91497,305.79,305.79,2.00
444950.00,3918800.00,121.35911,304.83,304.83,2.00
445200.00,3923300.00,108.86465,332.64,332.64,2.00
445200.00,3923050.00,104.28676,330.91,330.91,2.00
445200.00,3922800.00,117.63094,327.35,327.35,2.00
445200.00,3922550.00,162.36277,326.78,326.78,2.00
445200.00,3922300.00,122.17562,324.10,324.10,2.00
445200.00,3922050.00,124.18061,323.57,323.57,2.00
445200.00,3921800.00,116.21736,320.23,320.23,2.00
445200.00,3921550.00,130.44256,319.50,319.50,2.00
445200.00,3921300.00,129.43271,319.46,319.46,2.00
445200.00,3921050.00,129.78145,317.54,317.54,2.00
445200.00,3920800.00,119.93572,316.58,316.58,2.00
445200.00,3920550.00,112.95502,315.68,315.68,2.00
445200.00,3920300.00,118.21297,313.15,313.15,2.00
445200.00,3920050.00,138.19805,311.92,311.92,2.00
445200.00,3919800.00,98.86078,312.72,312.72,2.00
445200.00,3919550.00,125.69173,312.08,312.08,2.00
445200.00,3919300.00,180.14644,309.72,309.72,2.00
445200.00,3919050.00,111.51466,309.30,309.30,2.00
445200.00,3918800.00,95.32721,309.22,309.22,2.00
445450.00,3923300.00,100.17623,332.97,332.97,2.00
445450.00,3923050.00,96.45909,328.64,328.64,2.00
445450.00,3922800.00,120.32128,327.60,327.60,2.00
445450.00,3922550.00,118.16018,326.12,326.12,2.00
445450.00,3922300.00,111.67155,321.71,321.71,2.00
445450.00,3922050.00,113.07248,322.60,322.60,2.00
445450.00,3921800.00,109.38676,321.49,321.49,2.00
445450.00,3921550.00,120.08918,320.57,320.57,2.00
445450.00,3921300.00,120.30568,319.40,319.40,2.00
445450.00,3921050.00,111.85163,318.79,318.79,2.00
445450.00,3920800.00,128.16358,313.81,313.81,2.00
445450.00,3920550.00,95.21047,317.88,317.88,2.00
445450.00,3920300.00,92.97958,315.91,315.91,2.00
445450.00,3920050.00,116.96703,314.25,314.25,2.00
445450.00,3919800.00,90.19493,315.94,315.94,2.00
445450.00,3919550.00,119.3313,311.95,311.95,2.00
445450.00,3919300.00,100.18664,312.00,312.00,2.00
445450.00,3919050.00,130.54992,311.03,311.03,2.00
445450.00,3918800.00,97.17915,309.69,309.69,2.00
445700.00,3923300.00,112.30036,330.91,330.91,2.00
445700.00,3923050.00,92.94334,328.66,328.66,2.00
445700.00,3922800.00,134.92831,327.38,327.38,2.00
445700.00,3922550.00,105.98511,323.94,323.94,2.00
445700.00,3922300.00,105.74882,325.13,325.13,2.00
445700.00,3922050.00,106.18897,323.59,323.59,2.00
445700.00,3921800.00,97.53536,324.98,324.98,2.00
445700.00,3921550.00,105.87545,321.94,321.94,2.00
445700.00,3921300.00,110.77425,318.42,318.42,2.00
445700.00,3921050.00,110.58051,318.63,318.63,2.00
445700.00,3920800.00,91.65607,320.14,320.14,2.00
445700.00,3920550.00,88.01267,318.56,318.56,2.00
445700.00,3920300.00,83.74058,317.75,317.75,2.00
445700.00,3920050.00,106.48843,314.86,314.86,2.00
445700.00,3919800.00,85.04285,315.09,315.09,2.00
445700.00,3919550.00,85.29728,314.76,314.76,2.00
445700.00,3919300.00,102.63963,313.75,313.75,2.00
445700.00,3919050.00,154.62856,310.04,310.04,2.00
445700.00,3918800.00,86.15685,309.69,309.69,2.00
445950.00,3923300.00,105.27688,330.49,330.49,2.00
445950.00,3923050.00,96.03011,328.05,328.05,2.00
445950.00,3922800.00,93.82895,327.43,327.43,2.00
445950.00,3922550.00,98.85426,328.05,328.05,2.00
445950.00,3922300.00,97.62587,325.00,325.00,2.00
445950.00,3922050.00,99.74529,324.78,324.78,2.00
445950.00,3921800.00,91.65175,324.78,324.78,2.00
445950.00,3921550.00,95.90992,322.35,322.35,2.00
445950.00,3921300.00,96.00444,321.09,321.09,2.00
445950.00,3921050.00,99.57,319.79,319.79,2.00
445950.00,3920800.00,87.1661,321.06,321.06,2.00
445950.00,3920550.00,83.68761,320.79,320.79,2.00
445950.00,3920300.00,80.76596,319.71,319.71,2.00
445950.00,3920050.00,85.58605,317.53,317.53,2.00
445950.00,3919800.00,77.85695,316.90,316.90,2.00
445950.00,3919550.00,77.80593,315.60,315.60,2.00
445950.00,3919300.00,85.55293,312.10,312.10,2.00
445950.00,3919050.00,89.33376,313.94,313.94,2.00
445950.00,3918800.00,109.5624,312.78,312.78,2.00
446200.00,3923300.00,86.72546,332.88,332.88,2.00
446200.00,3923050.00,91.47716,330.18,330.18,2.00
446200.00,3922800.00,90.82479,327.90,327.90,2.00
446200.00,3922550.00,93.36892,327.88,327.88,2.00
446200.00,3922300.00,85.99403,328.26,328.26,2.00
446200.00,3922050.00,91.25575,325.98,325.98,2.00
446200.00,3921800.00,83.17643,326.46,326.46,2.00
446200.00,3921550.00,87.90275,325.05,325.05,2.00
446200.00,3921300.00,87.94499,321.84,321.84,2.00
446200.00,3921050.00,95.84444,319.68,319.68,2.00
446200.00,3920800.00,80.42021,323.98,323.98,2.00
446200.00,3920550.00,78.4383,321.47,321.47,2.00
446200.00,3920300.00,77.77309,318.86,318.86,2.00
446200.00,3920050.00,81.7259,317.42,317.42,2.00
446200.00,3919800.00,74.45057,317.84,317.84,2.00
446200.00,3919550.00,80.30593,318.20,318.20,2.00
446200.00,3919300.00,73.78285,317.11,317.11,2.00
446200.00,3919050.00,75.54925,315.23,315.23,2.00
446200.00,3918800.00,98.54006,314.32,314.32,2.00
444700.00,3920050.00,167.8595,309.39,309.39,2.00
444700.00,3919800.00,178.72796,308.15,308.15,2.00
444700.00,3919550.00,203.8379,310.18,310.18,2.00
444700.00,3919300.00,147.7876,308.41,308.41,2.00
444700.00,3919050.00,146.73945,308.09,308.09,2.00
444700.00,3918800.00,121.95007,303.17,303.17,2.00
444450.00,3920050.00,170.35596,309.62,309.62,2.00
444450.00,3919800.00,198.07223,306.90,306.90,2.00
444450.00,3919550.00,149.43015,306.28,306.28,2.00
444450.00,3919300.00,125.54056,306.23,306.23,2.00
444450.00,3919050.00,125.05146,306.93,306.93,2.00
444450.00,3918800.00,142.24915,304.16,304.16,2.00
444200.00,3920050.00,186.50655,306.60,306.60,2.00
444200.00,3919800.00,255.36791,309.39,309.39,2.00
444200.00,3919550.00,212.96444,303.14,303.14,2.00
444200.00,3919300.00,221.28639,300.93,300.93,2.00
444200.00,3919050.00,211.72253,302.03,302.03,2.00
444200.00,3918800.00,189.77015,304.12,304.12,2.00
443950.00,3920050.00,282.30808,309.14,309.14,2.00
443950.00,3919800.00,299.33238,308.01,308.01,2.00
443950.00,3919550.00,279.61845,306.37,306.37,2.00
443950.00,3919300.00,259.14179,303.38,303.38,2.00
443950.00,3919050.00,262.45815,302.35,302.35,2.00
443950.00,3918800.00,255.7699,300.46,300.46,2.00
443700.00,3920050.00,377.30928,309.69,309.69,2.00
443700.00,3919800.00,374.62195,307.41,307.41,2.00
443700.00,3919550.00,339.92278,306.05,306.05,2.00
443700.00,3919300.00,328.82925,302.76,302.76,2.00
443700.00,3919050.00,306.05439,301.59,301.59,2.00
443700.00,3918800.00,286.65337,300.77,300.77,2.00
443450.00,3920050.00,399.32451,303.90,303.90,2.00
443450.00,3919800.00,362.6582,302.02,302.02,2.00
443450.00,3919550.00,331.72227,305.30,305.30,2.00
443450.00,3919300.00,305.27716,305.83,305.83,2.00
443450.00,3919050.00,282.40827,301.92,301.92,2.00
443450.00,3918800.00,262.7808,303.29,303.29,2.00
443200.00,3920050.00,884.60863,303.05,303.05,2.00
443200.00,3919800.00,693.00929,301.36,301.36,2.00
443200.00,3919550.00,503.13189,299.70,299.70,2.00
443200.00,3919300.00,486.28953,304.70,304.70,2.00
443200.00,3919050.00,418.60333,305.58,305.58,2.00
443200.00,3918800.00,383.72741,300.86,300.86,2.00
442950.00,3920050.00,1106.82767,309.76,309.76,2.00
442950.00,3919800.00,1078.20915,307.22,307.22,2.00
442950.00,3919550.00,1031.90985,306.00,306.00,2.00
442950.00,3919300.00,848.34778,300.22,300.22,2.00
442950.00,3919050.00,687.44082,302.88,302.88,2.00
442950.00,3918800.00,538.74097,296.69,296.69,2.00
442700.00,3920050.00,487.06683,308.63,308.63,2.00
442700.00,3919800.00,588.04387,308.35,308.35,2.00
442700.00,3919550.00,773.72935,307.71,307.71,2.00
442700.00,3919300.00,743.50443,304.33,304.33,2.00
442700.00,3919050.00,754.51513,301.34,301.34,2.00
442700.00,3918800.00,760.29056,298.60,298.60,2.00
442450.00,3920050.00,347.75585,307.72,307.72,2.00
442450.00,3919800.00,363.32913,305.67,305.67,2.00
442450.00,3919550.00,352.32397,306.24,306.24,2.00
442450.00,3919300.00,454.77182,304.84,304.84,2.00
442450.00,3919050.00,476.33336,302.41,302.41,2.00
442450.00,3918800.00,489.84619,302.33,302.33,2.00
442200.00,3920050.00,264.74553,308.61,308.61,2.00
442200.00,3919800.00,282.12371,304.86,304.86,2.00
442200.00,3919550.00,305.77501,305.76,305.76,2.00
442200.00,3919300.00,313.75855,305.42,305.42,2.00
442200.00,3919050.00,319.85067,302.81,302.81,2.00
442200.00,3918800.00,362.39074,300.89,300.89,2.00
441950.00,3920050.00,250.96515,306.40,306.40,2.00
441950.00,3919800.00,236.84002,304.62,304.62,2.00
441950.00,3919550.00,244.75859,304.21,304.21,2.00
441950.00,3919300.00,247.25094,300.71,300.71,2.00
441950.00,3919050.00,259.69226,301.15,301.15,2.00
441950.00,3918800.00,264.7129,299.16,299.16,2.00
441700.00,3920050.00,231.69971,304.33,304.33,2.00
441700.00,3919800.00,220.61098,305.07,305.07,2.00
441700.00,3919550.00,212.1658,303.53,303.53,2.00
441700.00,3919300.00,220.23416,303.48,303.48,2.00
441700.00,3919050.00,226.67046,302.31,302.31,2.00
441700.00,3918800.00,215.4398,301.07,301.07,2.00
441450.00,3920050.00,213.20793,304.08,304.08,2.00
441450.00,3919800.00,203.37403,304.55,304.55,2.00
441450.00,3919550.00,201.32636,303.75,303.75,2.00
441450.00,3919300.00,182.68373,303.12,303.12,2.00
441450.00,3919050.00,193.16515,302.44,302.44,2.00
441450.00,3918800.00,194.05845,301.05,301.05,2.00
441200.00,3920050.00,218.2058,304.94,304.94,2.00
441200.00,3919800.00,200.26072,305.15,305.15,2.00
441200.00,3919550.00,186.81161,305.30,305.30,2.00
441200.00,3919300.00,185.04775,300.37,300.37,2.00
441200.00,3919050.00,181.05633,301.83,301.83,2.00
441200.00,3918800.00,176.32281,299.82,299.82,2.00
440950.00,3920050.00,223.71613,304.70,304.70,2.00
440950.00,3919800.00,197.11407,304.92,304.92,2.00
440950.00,3919550.00,181.32958,303.87,303.87,2.00
440950.00,3919300.00,170.30921,303.37,303.37,2.00
440950.00,3919050.00,171.29412,300.53,300.53,2.00
440950.00,3918800.00,167.96712,299.66,299.66,2.00
440700.00,3920050.00,242.09515,303.14,303.14,2.00
440700.00,3919800.00,201.2732,304.82,304.82,2.00
440700.00,3919550.00,175.30665,302.00,302.00,2.00
440700.00,3919300.00,168.56043,300.46,300.46,2.00
440700.00,3919050.00,162.7227,299.68,299.68,2.00
440700.00,3918800.00,159.82778,300.24,300.24,2.00
440450.00,3920050.00,269.21681,305.00,305.00,2.00
440450.00,3919800.00,208.6401,303.32,303.32,2.00
440450.00,3919550.00,180.58025,303.11,303.11,2.00
440450.00,3919300.00,163.90121,298.18,298.18,2.00
440450.00,3919050.00,158.4692,299.29,299.29,2.00
440450.00,3918800.00,154.12445,299.09,299.09,2.00
440200.00,3920050.00,323.61391,304.29,304.29,2.00
440200.00,3919800.00,227.28064,304.88,304.88,2.00
440200.00,3919550.00,186.78328,303.65,303.65,2.00
440200.00,3919300.00,164.23073,300.19,300.19,2.00
440200.00,3919050.00,153.97984,301.59,301.59,2.00
440200.00,3918800.00,149.04859,300.34,300.34,2.00
441450.00,3920300.00,243.3016,307.43,307.43,2.00
441450.00,3920550.00,313.78147,306.01,306.01,2.00
441450.00,3920800.00,965.64901,308.69,308.69,2.00
441450.00,3921050.00,541.50018,311.16,311.16,2.00
441450.00,3921300.00,181.13995,311.74,311.74,2.00
441450.00,3921550.00,128.38628,312.09,312.09,2.00
441450.00,3921800.00,142.93369,309.51,309.51,2.00
441450.00,3922050.00,110.43481,310.97,310.97,2.00
441450.00,3922300.00,110.92703,314.25,314.25,2.00
441450.00,3922550.00,103.41637,315.50,315.50,2.00
441450.00,3922800.00,100.84599,315.19,315.19,2.00
441450.00,3923050.00,93.28752,315.95,315.95,2.00
441450.00,3923300.00,94.81292,316.94,316.94,2.00
441450.00,3923550.00,91.683,317.84,317.84,2.00
441450.00,3923800.00,95.85668,320.71,320.71,2.00
441450.00,3924050.00,97.56075,318.94,318.94,2.00
441450.00,3924300.00,96.90195,318.90,318.90,2.00
441450.00,3924550.00,102.89696,323.42,323.42,2.00
441450.00,3924800.00,104.41985,323.52,323.52,2.00
441200.00,3920300.00,254.86159,304.47,304.47,2.00
441200.00,3920550.00,407.06673,305.25,305.25,2.00
441200.00,3920800.00,515.46105,306.77,306.77,2.00
441200.00,3921050.00,350.20152,307.38,307.38,2.00
441200.00,3921300.00,237.10189,309.12,309.12,2.00
441200.00,3921550.00,211.28715,309.08,309.08,2.00
441200.00,3921800.00,146.06841,309.47,309.47,2.00
441200.00,3922050.00,114.1272,312.18,312.18,2.00
441200.00,3922300.00,105.09843,314.52,314.52,2.00
441200.00,3922550.00,93.25318,312.20,312.20,2.00
441200.00,3922800.00,95.69407,314.77,314.77,2.00
441200.00,3923050.00,91.10364,312.99,312.99,2.00
441200.00,3923300.00,89.57777,313.61,313.61,2.00
441200.00,3923550.00,86.36081,317.49,317.49,2.00
441200.00,3923800.00,87.11282,316.63,316.63,2.00
441200.00,3924050.00,92.60562,320.23,320.23,2.00
441200.00,3924300.00,91.63609,319.29,319.29,2.00
441200.00,3924550.00,89.07171,319.46,319.46,2.00
441200.00,3924800.00,96.72017,322.98,322.98,2.00
440950.00,3920300.00,293.03405,303.70,303.70,2.00
440950.00,3920550.00,620.33981,304.97,304.97,2.00
440950.00,3920800.00,278.84701,305.48,305.48,2.00
440950.00,3921050.00,221.50769,306.49,306.49,2.00
440950.00,3921300.00,391.21628,307.71,307.71,2.00
440950.00,3921550.00,231.81632,309.62,309.62,2.00
440950.00,3921800.00,159.2244,310.35,310.35,2.00
440950.00,3922050.00,118.6888,309.45,309.45,2.00
440950.00,3922300.00,113.91333,310.93,310.93,2.00
440950.00,3922550.00,96.67446,313.73,313.73,2.00
440950.00,3922800.00,91.79761,314.98,314.98,2.00
440950.00,3923050.00,86.32972,319.45,319.45,2.00
440950.00,3923300.00,88.15514,314.21,314.21,2.00
440950.00,3923550.00,83.06219,315.08,315.08,2.00
440950.00,3923800.00,82.92848,316.10,316.10,2.00
440950.00,3924050.00,83.66919,316.48,316.48,2.00
440950.00,3924300.00,80.96417,317.56,317.56,2.00
440950.00,3924550.00,77.8154,316.50,316.50,2.00
440950.00,3924800.00,78.56261,318.06,318.06,2.00
440700.00,3920300.00,368.93521,304.40,304.40,2.00
440700.00,3920550.00,526.90693,303.22,303.22,2.00
440700.00,3920800.00,206.20056,304.75,304.75,2.00
440700.00,3921050.00,168.06468,305.97,305.97,2.00
440700.00,3921300.00,383.75702,308.00,308.00,2.00
440700.00,3921550.00,209.97097,309.00,309.00,2.00
440700.00,3921800.00,165.66939,311.07,311.07,2.00
440700.00,3922050.00,118.66879,304.85,304.85,2.00
440700.00,3922300.00,94.10553,309.87,309.87,2.00
440700.00,3922550.00,109.2931,310.16,310.16,2.00
440700.00,3922800.00,87.90691,313.40,313.40,2.00
440700.00,3923050.00,85.08207,314.27,314.27,2.00
440700.00,3923300.00,76.01375,310.90,310.90,2.00
440700.00,3923550.00,81.55166,313.48,313.48,2.00
440700.00,3923800.00,75.73219,315.91,315.91,2.00
440700.00,3924050.00,80.07506,314.83,314.83,2.00
440700.00,3924300.00,74.76288,317.75,317.75,2.00
440700.00,3924550.00,72.564,316.72,316.72,2.00
440700.00,3924800.00,73.47994,317.24,317.24,2.00
440450.00,3920300.00,476.94659,305.15,305.15,2.00
440450.00,3920550.00,334.27698,304.35,304.35,2.00
440450.00,3920800.00,168.6713,304.23,304.23,2.00
440450.00,3921050.00,135.57093,304.08,304.08,2.00
440450.00,3921300.00,251.47498,305.46,305.46,2.00
440450.00,3921550.00,335.22156,308.81,308.81,2.00
440450.00,3921800.00,216.23866,306.86,306.86,2.00
440450.00,3922050.00,154.27493,306.27,306.27,2.00
440450.00,3922300.00,107.8507,308.33,308.33,2.00
440450.00,3922550.00,85.17847,312.32,312.32,2.00
440450.00,3922800.00,86.60006,314.51,314.51,2.00
440450.00,3923050.00,86.54246,310.47,310.47,2.00
440450.00,3923300.00,80.15621,310.88,310.88,2.00
440450.00,3923550.00,76.22822,317.07,317.07,2.00
440450.00,3923800.00,77.51101,314.31,314.31,2.00
440450.00,3924050.00,72.82711,315.23,315.23,2.00
440450.00,3924300.00,72.72574,314.51,314.51,2.00
440450.00,3924550.00,70.1371,314.56,314.56,2.00
440450.00,3924800.00,73.47725,317.52,317.52,2.00
440200.00,3920300.00,418.60868,303.73,303.73,2.00
440200.00,3920550.00,241.82079,303.84,303.84,2.00
440200.00,3920800.00,145.50336,303.72,303.72,2.00
440200.00,3921050.00,115.96525,302.13,302.13,2.00
440200.00,3921300.00,216.19284,308.15,308.15,2.00
440200.00,3921550.00,279.57642,305.26,305.26,2.00
440200.00,3921800.00,175.34134,306.42,306.42,2.00
440200.00,3922050.00,148.59903,304.57,304.57,2.00
440200.00,3922300.00,139.85328,310.04,310.04,2.00
440200.00,3922550.00,100.40781,310.00,310.00,2.00
440200.00,3922800.00,85.73367,309.97,309.97,2.00
440200.00,3923050.00,91.99238,311.15,311.15,2.00
440200.00,3923300.00,80.97286,308.73,308.73,2.00
440200.00,3923550.00,74.88144,311.02,311.02,2.00
440200.00,3923800.00,68.88908,308.58,308.58,2.00
440200.00,3924050.00,66.83865,311.18,311.18,2.00
440200.00,3924300.00,70.10588,311.41,311.41,2.00
440200.00,3924550.00,68.16645,313.20,313.20,2.00
440200.00,3924800.00,66.32345,317.34,317.34,2.00
