442700.00,3921300.00,1.94402,315.71,315.71,2.00
442700.00,3921350.00,2.16398,316.21,316.21,2.00
442700.00,3921400.00,1.70778,316.75,316.75,2.00
442700.00,3921450.00,1.35079,317.34,317.34,2.00
442700.00,3921500.00,1.21536,317.36,317.36,2.00
442700.00,3921550.00,1.141,317.06,317.06,2.00
442700.00,3921600.00,1.08045,317.00,317.00,2.00
442700.00,3921650.00,1.03666,317.00,317.00,2.00
442700.00,3921700.00,0.99128,317.29,317.29,2.00
442700.00,3921750.00,0.9586,317.54,317.54,2.00
442700.00,3921800.00,0.93433,317.23,317.23,2.00
442700.00,3921850.00,0.91288,317.06,317.06,2.00
442700.00,3921900.00,0.89178,317.28,317.28,2.00
442700.00,3921950.00,0.8731,317.85,317.85,2.00
442700.00,3922000.00,0.85661,318.93,318.93,2.00
442700.00,3922050.00,0.83749,319.53,319.53,2.00
442700.00,3922100.00,0.81983,319.74,319.74,2.00
442700.00,3922150.00,0.80054,320.26,320.26,2.00
442700.00,3922200.00,0.78238,320.91,320.91,2.00
442700.00,3922250.00,0.76732,321.57,321.57,2.00
442700.00,3922300.00,0.75741,322.23,322.23,2.00
442750.00,3921300.00,1.9643,315.33,315.33,2.00
442750.00,3921350.00,1.9601,316.28,316.28,2.00
442750.00,3921400.00,1.78522,316.79,316.79,2.00
442750.00,3921450.00,1.57057,316.86,316.86,2.00
442750.00,3921500.00,1.33156,316.97,316.97,2.00
442750.00,3921550.00,1.20739,317.08,317.08,2.00
442750.00,3921600.00,1.1325,317.10,317.10,2.00
442750.00,3921650.00,1.08329,317.10,317.10,2.00
442750.00,3921700.00,1.04275,317.00,317.00,2.00
442750.00,3921750.00,1.01057,316.92,316.92,2.00
442750.00,3921800.00,0.98137,316.97,316.97,2.00
442750.00,3921850.00,0.95518,317.16,317.16,2.00
442750.00,3921900.00,0.9329,317.79,317.79,2.00
442750.00,3921950.00,0.91566,318.58,318.58,2.00
442750.00,3922000.00,0.89519,319.61,319.61,2.00
442750.00,3922050.00,0.87269,320.35,320.35,2.00
442750.00,3922100.00,0.85336,320.85,320.85,2.00
442750.00,3922150.00,0.83682,321.02,321.02,2.00
442750.00,3922200.00,0.82131,321.05,321.05,2.00
442750.00,3922250.00,0.80443,321.03,321.03,2.00
442750.00,3922300.00,0.78739,321.01,321.01,2.00
442800.00,3921300.00,1.90289,315.08,315.08,2.00
442800.00,3921350.00,2.25683,315.31,315.31,2.00
442800.00,3921400.00,2.59085,315.65,315.65,2.00
442800.00,3921450.00,2.04609,316.08,316.08,2.00
442800.00,3921500.00,1.47424,316.78,316.78,2.00
442800.00,3921550.00,1.25616,317.61,317.61,2.00
442800.00,3921600.00,1.17626,317.77,317.77,2.00
442800.00,3921650.00,1.12601,317.76,317.76,2.00
442800.00,3921700.00,1.09255,316.97,316.97,2.00
442800.00,3921750.00,1.07442,316.29,316.29,2.00
442800.00,3921800.00,1.03268,316.70,316.70,2.00
442800.00,3921850.00,1.00125,317.36,317.36,2.00
442800.00,3921900.00,0.98512,318.70,318.70,2.00
442800.00,3921950.00,0.96198,319.76,319.76,2.00
442800.00,3922000.00,0.93548,320.44,320.44,2.00
442800.00,3922050.00,0.91418,320.81,320.81,2.00
442800.00,3922100.00,0.89532,320.96,320.96,2.00
442800.00,3922150.00,0.87784,321.28,321.28,2.00
442800.00,3922200.00,0.86423,321.67,321.67,2.00
442800.00,3922250.00,0.84592,321.38,321.38,2.00
442800.00,3922300.00,0.82825,320.99,320.99,2.00
442850.00,3921300.00,1.80869,315.09,315.09,2.00
442850.00,3921350.00,2.04784,315.33,315.33,2.00
442850.00,3921400.00,2.46795,315.72,315.72,2.00
442850.00,3921450.00,2.35151,316.26,316.26,2.00
442850.00,3921500.00,1.59523,317.00,317.00,2.00
442850.00,3921550.00,1.33355,317.85,317.85,2.00
442850.00,3921600.00,1.24784,317.62,317.62,2.00
442850.00,3921650.00,1.19508,317.17,317.17,2.00
442850.00,3921700.00,1.15177,316.77,316.77,2.00
442850.00,3921750.00,1.11908,316.48,316.48,2.00
442850.00,3921800.00,1.07584,317.02,317.02,2.00
442850.00,3921850.00,1.0518,317.85,317.85,2.00
442850.00,3921900.00,1.03999,319.47,319.47,2.00
442850.00,3921950.00,1.006,320.53,320.53,2.00
442850.00,3922000.00,0.98202,320.86,320.86,2.00
442850.00,3922050.00,0.96236,321.00,321.00,2.00
442850.00,3922100.00,0.94326,321.00,321.00,2.00
442850.00,3922150.00,0.92407,321.24,321.24,2.00
442850.00,3922200.00,0.9076,321.58,321.58,2.00
442850.00,3922250.00,0.88946,321.51,321.51,2.00
442850.00,3922300.00,0.87141,321.35,321.35,2.00
442900.00,3921300.00,1.69749,315.31,315.31,2.00
442900.00,3921350.00,1.80266,315.85,315.85,2.00
442900.00,3921400.00,1.90513,316.38,316.38,2.00
442900.00,3921450.00,2.05749,316.92,316.92,2.00
442900.00,3921500.00,1.61118,317.39,317.39,2.00
442900.00,3921550.00,1.43434,317.83,317.83,2.00
442900.00,3921600.00,1.35096,317.06,317.06,2.00
442900.00,3921650.00,1.32983,316.02,316.02,2.00
442900.00,3921700.00,1.22171,316.53,316.53,2.00
442900.00,3921750.00,1.16095,317.08,317.08,2.00
442900.00,3921800.00,1.12798,317.74,317.74,2.00
442900.00,3921850.00,1.11561,318.63,318.63,2.00
442900.00,3921900.00,1.0886,320.17,320.17,2.00
442900.00,3921950.00,1.05061,321.03,321.03,2.00
442900.00,3922000.00,1.0346,320.97,320.97,2.00
442900.00,3922050.00,1.01635,320.95,320.95,2.00
442900.00,3922100.00,0.9965,320.96,320.96,2.00
442900.00,3922150.00,0.97614,320.99,320.99,2.00
442900.00,3922200.00,0.95537,321.03,321.03,2.00
442900.00,3922250.00,0.93794,321.49,321.49,2.00
442900.00,3922300.00,0.92553,321.98,321.98,2.00
442950.00,3921300.00,1.54694,315.98,315.98,2.00
442950.00,3921350.00,1.59862,316.51,316.51,2.00
442950.00,3921400.00,1.61029,317.05,317.05,2.00
442950.00,3921450.00,1.73115,317.59,317.59,2.00
442950.00,3921500.00,1.72506,317.57,317.57,2.00
442950.00,3921550.00,1.59606,317.29,317.29,2.00
442950.00,3921600.00,1.48173,316.69,316.69,2.00
442950.00,3921650.00,1.41095,316.01,316.01,2.00
442950.00,3921700.00,1.2907,316.53,316.53,2.00
442950.00,3921750.00,1.22291,317.23,317.23,2.00
442950.00,3921800.00,1.21531,318.96,318.96,2.00
442950.00,3921850.00,1.16706,320.42,320.42,2.00
442950.00,3921900.00,1.11605,321.25,321.25,2.00
442950.00,3921950.00,1.09751,321.38,321.38,2.00
442950.00,3922000.00,1.09797,320.60,320.60,2.00
442950.00,3922050.00,1.08173,320.29,320.29,2.00
442950.00,3922100.00,1.05908,320.29,320.29,2.00
442950.00,3922150.00,1.03411,320.86,320.86,2.00
442950.00,3922200.00,1.01626,321.62,321.62,2.00
442950.00,3922250.00,0.99809,321.84,321.84,2.00
442950.00,3922300.00,0.97896,321.98,321.98,2.00
443000.00,3921300.00,1.50062,316.21,316.21,2.00
443000.00,3921350.00,1.51847,316.75,316.75,2.00
443000.00,3921400.00,1.57598,317.29,317.29,2.00
443000.00,3921450.00,1.62996,317.83,317.83,2.00
443000.00,3921500.00,1.80808,317.47,317.47,2.00
443000.00,3921550.00,1.81766,316.71,316.71,2.00
443000.00,3921600.00,1.64967,316.32,316.32,2.00
443000.00,3921650.00,1.5053,316.00,316.00,2.00
443000.00,3921700.00,1.37288,316.54,316.54,2.00
443000.00,3921750.00,1.29665,317.30,317.30,2.00
443000.00,3921800.00,1.29764,319.47,319.47,2.00
443000.00,3921850.00,1.19621,321.22,321.22,2.00
443000.00,3921900.00,1.14562,321.97,321.97,2.00
443000.00,3921950.00,1.1335,322.08,322.08,2.00
443000.00,3922000.00,1.14212,321.40,321.40,2.00
443000.00,3922050.00,1.13353,320.99,320.99,2.00
443000.00,3922100.00,1.11622,320.78,320.78,2.00
443000.00,3922150.00,1.09596,321.39,321.39,2.00
443000.00,3922200.00,1.08985,322.27,322.27,2.00
443000.00,3922250.00,1.07684,322.53,322.53,2.00
443000.00,3922300.00,1.06123,322.66,322.66,2.00
443050.00,3921300.00,1.45325,316.21,316.21,2.00
443050.00,3921350.00,1.50981,316.75,316.75,2.00
443050.00,3921400.00,1.54787,317.24,317.24,2.00
443050.00,3921450.00,1.64797,317.70,317.70,2.00
443050.00,3921500.00,1.926,317.10,317.10,2.00
443050.00,3921550.00,2.15902,316.02,316.02,2.00
443050.00,3921600.00,1.87232,315.96,315.96,2.00
443050.00,3921650.00,1.61843,316.06,316.06,2.00
443050.00,3921700.00,1.4664,316.63,316.63,2.00
443050.00,3921750.00,1.38216,317.42,317.42,2.00
443050.00,3921800.00,1.3908,319.49,319.49,2.00
443050.00,3921850.00,1.26057,321.28,321.28,2.00
443050.00,3921900.00,1.1804,322.36,322.36,2.00
443050.00,3921950.00,1.14494,322.96,322.96,2.00
443050.00,3922000.00,1.14987,322.97,322.97,2.00
443050.00,3922050.00,1.17008,322.63,322.63,2.00
443050.00,3922100.00,1.17594,322.09,322.09,2.00
443050.00,3922150.00,1.16783,322.38,322.38,2.00
443050.00,3922200.00,1.16633,322.95,322.95,2.00
443050.00,3922250.00,1.15857,323.48,323.48,2.00
443050.00,3922300.00,1.14991,323.93,323.93,2.00
443100.00,3921300.00,1.43434,316.21,316.21,2.00
443100.00,3921350.00,1.44416,316.76,316.76,2.00
443100.00,3921400.00,1.57354,316.85,316.85,2.00
443100.00,3921450.00,1.75794,316.59,316.59,2.00
443100.00,3921500.00,2.17065,315.77,315.77,2.00
443100.00,3921550.00,2.64661,314.69,314.69,2.00
443100.00,3921600.00,2.22017,315.55,315.55,2.00
443100.00,3921650.00,1.7275,316.73,316.73,2.00
443100.00,3921700.00,1.55811,317.65,317.65,2.00
443100.00,3921750.00,1.53366,318.59,318.59,2.00
443100.00,3921800.00,1.4975,319.59,319.59,2.00
443100.00,3921850.00,1.39483,320.62,320.62,2.00
443100.00,3921900.00,1.28732,321.71,321.71,2.00
443100.00,3921950.00,1.24381,322.30,322.30,2.00
443100.00,3922000.00,1.24116,322.30,322.30,2.00
443100.00,3922050.00,1.25742,321.75,321.75,2.00
443100.00,3922100.00,1.259,320.84,320.84,2.00
443100.00,3922150.00,1.23575,321.60,321.60,2.00
443100.00,3922200.00,1.23953,322.89,322.89,2.00
443100.00,3922250.00,1.2361,323.16,323.16,2.00
443100.00,3922300.00,1.22865,323.31,323.31,2.00
443150.00,3921300.00,1.44793,316.13,316.13,2.00
443150.00,3921350.00,1.47076,316.45,316.45,2.00
443150.00,3921400.00,1.5436,316.41,316.41,2.00
443150.00,3921450.00,1.72566,316.10,316.10,2.00
443150.00,3921500.00,2.00383,315.69,315.69,2.00
443150.00,3921550.00,2.57168,315.25,315.25,2.00
443150.00,3921600.00,2.73423,316.20,316.20,2.00
443150.00,3921650.00,1.88005,317.39,317.39,2.00
443150.00,3921700.00,1.73035,318.26,318.26,2.00
443150.00,3921750.00,1.68227,319.15,319.15,2.00
443150.00,3921800.00,1.58077,320.10,320.10,2.00
443150.00,3921850.00,1.45183,320.95,320.95,2.00
443150.00,3921900.00,1.36435,321.63,321.63,2.00
443150.00,3921950.00,1.32241,322.09,322.09,2.00
443150.00,3922000.00,1.30822,322.28,322.28,2.00
443150.00,3922050.00,1.33113,321.69,321.69,2.00
443150.00,3922100.00,1.34952,320.60,320.60,2.00
443150.00,3922150.00,1.31845,321.44,321.44,2.00
443150.00,3922200.00,1.31872,322.88,322.88,2.00
443150.00,3922250.00,1.32133,323.00,323.00,2.00
443150.00,3922300.00,1.31555,323.01,323.01,2.00
443200.00,3921300.00,1.47668,316.00,316.00,2.00
443200.00,3921350.00,1.52011,316.00,316.00,2.00
443200.00,3921400.00,1.5613,316.04,316.04,2.00
443200.00,3921450.00,1.62499,316.11,316.11,2.00
443200.00,3921500.00,1.76161,316.50,316.50,2.00
443200.00,3921550.00,2.04693,317.04,317.04,2.00
443200.00,3921600.00,2.27782,317.52,317.52,2.00
443200.00,3921650.00,2.12236,318.01,318.01,2.00
443200.00,3921700.00,1.95829,318.57,318.57,2.00
443200.00,3921750.00,1.8439,319.30,319.30,2.00
443200.00,3921800.00,1.55542,320.90,320.90,2.00
443200.00,3921850.00,1.37931,322.00,322.00,2.00
443200.00,3921900.00,1.39301,322.00,322.00,2.00
443200.00,3921950.00,1.37571,322.25,322.25,2.00
443200.00,3922000.00,1.33852,322.78,322.78,2.00
443200.00,3922050.00,1.38148,322.32,322.32,2.00
443200.00,3922100.00,1.41932,321.25,321.25,2.00
443200.00,3922150.00,1.41131,321.84,321.84,2.00
443200.00,3922200.00,1.40748,322.92,322.92,2.00
443200.00,3922250.00,1.41692,323.00,323.00,2.00
443200.00,3922300.00,1.41532,323.04,323.04,2.00
443250.00,3921300.00,1.55174,316.00,316.00,2.00
443250.00,3921350.00,1.57762,316.00,316.00,2.00
443250.00,3921400.00,1.54247,316.45,316.45,2.00
443250.00,3921450.00,1.50659,317.23,317.23,2.00
443250.00,3921500.00,1.55868,317.83,317.83,2.00
443250.00,3921550.00,1.71985,318.36,318.36,2.00
443250.00,3921600.00,2.12045,318.23,318.23,2.00
443250.00,3921650.00,2.32304,318.02,318.02,2.00
443250.00,3921700.00,2.26149,318.94,318.94,2.00
443250.00,3921750.00,1.93832,319.91,319.91,2.00
443250.00,3921800.00,1.57133,321.16,321.16,2.00
443250.00,3921850.00,1.41905,322.00,322.00,2.00
443250.00,3921900.00,1.44949,322.00,322.00,2.00
443250.00,3921950.00,1.45968,322.08,322.08,2.00
443250.00,3922000.00,1.45537,322.26,322.26,2.00
443250.00,3922050.00,1.47997,322.10,322.10,2.00
443250.00,3922100.00,1.50141,321.75,321.75,2.00
443250.00,3922150.00,1.49325,322.51,322.51,2.00
443250.00,3922200.00,1.45566,323.59,323.59,2.00
443250.00,3922250.00,1.51533,323.33,323.33,2.00
443250.00,3922300.00,1.53707,323.04,323.04,2.00
443300.00,3921300.00,1.49543,316.49,316.49,2.00
443300.00,3921350.00,1.53891,316.70,316.70,2.00
443300.00,3921400.00,1.49487,317.16,317.16,2.00
443300.00,3921450.00,1.47841,317.82,317.82,2.00
443300.00,3921500.00,1.54783,318.24,318.24,2.00
443300.00,3921550.00,1.67596,318.58,318.58,2.00
443300.00,3921600.00,1.86873,318.33,318.33,2.00
443300.00,3921650.00,2.29349,318.03,318.03,2.00
443300.00,3921700.00,2.61956,319.11,319.11,2.00
443300.00,3921750.00,2.0585,320.09,320.09,2.00
443300.00,3921800.00,1.83255,320.59,320.59,2.00
443300.00,3921850.00,1.69766,321.06,321.06,2.00
443300.00,3921900.00,1.61162,321.45,321.45,2.00
443300.00,3921950.00,1.59014,321.65,321.65,2.00
443300.00,3922000.00,1.60188,321.66,321.66,2.00
443300.00,3922050.00,1.59552,321.78,321.78,2.00
443300.00,3922100.00,1.59872,321.96,321.96,2.00
443300.00,3922150.00,1.60365,322.43,322.43,2.00
443300.00,3922200.00,1.61524,322.99,322.99,2.00
443300.00,3922250.00,1.65489,323.18,323.18,2.00
443300.00,3922300.00,1.68509,323.33,323.33,2.00
443350.00,3921300.00,1.21176,317.14,317.14,2.00
443350.00,3921350.00,1.17333,317.75,317.75,2.00
443350.00,3921400.00,1.26774,317.98,317.98,2.00
443350.00,3921450.00,1.46064,317.96,317.96,2.00
443350.00,3921500.00,1.62712,317.97,317.97,2.00
443350.00,3921550.00,1.70581,318.00,318.00,2.00
443350.00,3921600.00,1.76649,318.05,318.05,2.00
443350.00,3921650.00,2.01712,318.14,318.14,2.00
443350.00,3921700.00,2.60398,319.19,319.19,2.00
443350.00,3921750.00,2.36639,319.95,319.95,2.00
443350.00,3921800.00,2.57589,319.39,319.39,2.00
443350.00,3921850.00,2.41414,319.38,319.38,2.00
443350.00,3921900.00,2.06937,320.46,320.46,2.00
443350.00,3921950.00,1.86151,321.01,321.01,2.00
443350.00,3922000.00,1.85675,321.00,321.00,2.00
443350.00,3922050.00,1.76429,321.35,321.35,2.00
443350.00,3922100.00,1.71577,321.89,321.89,2.00
443350.00,3922150.00,1.75908,321.58,321.58,2.00
443350.00,3922200.00,1.81999,321.07,321.07,2.00
443350.00,3922250.00,1.87746,322.55,322.55,2.00
443350.00,3922300.00,1.80166,323.93,323.93,2.00
443400.00,3921300.00,1.27152,316.13,316.13,2.00
443400.00,3921350.00,1.07824,317.45,317.45,2.00
443400.00,3921400.00,1.18386,317.77,317.77,2.00
443400.00,3921450.00,1.60617,317.39,317.39,2.00
443400.00,3921500.00,1.82748,317.58,317.58,2.00
443400.00,3921550.00,1.87492,317.96,317.96,2.00
443400.00,3921600.00,2.01964,319.00,319.00,2.00
443400.00,3921650.00,1.63976,320.11,320.11,2.00
443400.00,3921700.00,1.42137,320.80,320.80,2.00
443400.00,3921750.00,1.30886,321.19,321.19,2.00
443400.00,3921800.00,1.95523,320.28,320.28,2.00
443400.00,3921850.00,2.55259,320.05,320.05,2.00
443400.00,3921900.00,1.87402,321.12,321.12,2.00
443400.00,3921950.00,1.71145,321.67,321.67,2.00
443400.00,3922000.00,1.80246,321.66,321.66,2.00
443400.00,3922050.00,1.95182,321.32,321.32,2.00
443400.00,3922100.00,2.07034,320.80,320.80,2.00
443400.00,3922150.00,2.24013,319.71,319.71,2.00
443400.00,3922200.00,2.11103,318.48,318.48,2.00
443400.00,3922250.00,2.18227,320.63,320.63,2.00
443400.00,3922300.00,2.28802,322.77,322.77,2.00
443450.00,3921300.00,1.21004,315.62,315.62,2.00
443450.00,3921350.00,0.94671,317.04,317.04,2.00
443450.00,3921400.00,0.86316,317.67,317.67,2.00
443450.00,3921450.00,1.02624,317.73,317.73,2.00
443450.00,3921500.00,1.33736,318.13,318.13,2.00
443450.00,3921550.00,1.60241,318.67,318.67,2.00
443450.00,3921600.00,1.66104,319.82,319.82,2.00
443450.00,3921650.00,1.04698,321.02,321.02,2.00
443450.00,3921700.00,1.03167,321.37,321.37,2.00
443450.00,3921750.00,1.12054,321.51,321.51,2.00
443450.00,3921800.00,1.6671,320.81,320.81,2.00
443450.00,3921850.00,1.94527,320.59,320.59,2.00
443450.00,3921900.00,1.64333,321.31,321.31,2.00
443450.00,3921950.00,1.64645,321.76,321.76,2.00
443450.00,3922000.00,1.73374,321.94,321.94,2.00
443450.00,3922050.00,1.74373,321.63,321.63,2.00
443450.00,3922100.00,1.707,321.06,321.06,2.00
443450.00,3922150.00,2.1714,319.90,319.90,2.00
443450.00,3922200.00,1.74882,318.60,318.60,2.00
443450.00,3922250.00,1.64304,320.32,320.32,2.00
443450.00,3922300.00,1.7288,322.12,322.12,2.00
443500.00,3921300.00,0.96367,315.55,315.55,2.00
443500.00,3921350.00,0.94291,316.58,316.58,2.00
443500.00,3921400.00,0.85409,317.65,317.65,2.00
443500.00,3921450.00,0.86928,318.73,318.73,2.00
443500.00,3921500.00,0.93445,319.38,319.38,2.00
443500.00,3921550.00,0.92122,319.90,319.90,2.00
443500.00,3921600.00,0.849,320.45,320.45,2.00
443500.00,3921650.00,0.80354,320.97,320.97,2.00
443500.00,3921700.00,0.90758,320.99,320.99,2.00
443500.00,3921750.00,1.02135,321.00,321.00,2.00
443500.00,3921800.00,1.3005,321.00,321.00,2.00
443500.00,3921850.00,1.71492,321.00,321.00,2.00
443500.00,3921900.00,2.14751,321.00,321.00,2.00
443500.00,3921950.00,2.1011,321.28,321.28,2.00
443500.00,3922000.00,1.89745,321.82,321.82,2.00
443500.00,3922050.00,1.96568,322.34,322.34,2.00
443500.00,3922100.00,2.03361,322.84,322.84,2.00
443500.00,3922150.00,2.15595,322.46,322.46,2.00
443500.00,3922200.00,2.12077,321.87,321.87,2.00
443500.00,3922250.00,2.08854,321.92,321.92,2.00
443500.00,3922300.00,2.03726,322.12,322.12,2.00
443550.00,3921300.00,0.75528,316.55,316.55,2.00
443550.00,3921350.00,0.78151,316.87,316.87,2.00
443550.00,3921400.00,0.76763,317.65,317.65,2.00
443550.00,3921450.00,0.78556,318.74,318.74,2.00
443550.00,3921500.00,0.87521,318.85,318.85,2.00
443550.00,3921550.00,1.01736,318.65,318.65,2.00
443550.00,3921600.00,1.14189,319.13,319.13,2.00
443550.00,3921650.00,1.17242,319.69,319.69,2.00
443550.00,3921700.00,1.0225,320.43,320.43,2.00
443550.00,3921750.00,0.94536,321.08,321.08,2.00
443550.00,3921800.00,0.89144,321.43,321.43,2.00
443550.00,3921850.00,0.91607,321.79,321.79,2.00
443550.00,3921900.00,0.914,322.14,322.14,2.00
443550.00,3921950.00,1.01336,322.40,322.40,2.00
443550.00,3922000.00,1.32824,322.58,322.58,2.00
443550.00,3922050.00,1.55807,323.46,323.46,2.00
443550.00,3922100.00,1.23152,324.69,324.69,2.00
443550.00,3922150.00,1.31857,324.18,324.18,2.00
443550.00,3922200.00,1.73746,323.29,323.29,2.00
443550.00,3922250.00,1.56977,323.58,323.58,2.00
443550.00,3922300.00,1.53152,323.95,323.95,2.00
443600.00,3921300.00,0.6763,316.73,316.73,2.00
443600.00,3921350.00,0.7045,316.92,316.92,2.00
443600.00,3921400.00,0.71768,317.42,317.42,2.00
443600.00,3921450.00,0.74488,318.13,318.13,2.00
443600.00,3921500.00,0.80572,318.18,318.18,2.00
443600.00,3921550.00,0.85867,318.01,318.01,2.00
443600.00,3921600.00,0.92162,318.33,318.33,2.00
443600.00,3921650.00,1.01248,318.72,318.72,2.00
443600.00,3921700.00,1.04016,319.63,319.63,2.00
443600.00,3921750.00,0.92851,320.50,320.50,2.00
443600.00,3921800.00,0.84399,321.22,321.22,2.00
443600.00,3921850.00,0.80668,321.82,321.82,2.00
443600.00,3921900.00,0.83364,322.19,322.19,2.00
443600.00,3921950.00,0.89418,322.46,322.46,2.00
443600.00,3922000.00,1.02749,322.64,322.64,2.00
443600.00,3922050.00,1.18363,323.46,323.46,2.00
443600.00,3922100.00,0.7017,324.60,324.60,2.00
443600.00,3922150.00,0.82476,324.46,324.46,2.00
443600.00,3922200.00,0.94567,324.01,324.01,2.00
443600.00,3922250.00,0.9539,324.23,324.23,2.00
443600.00,3922300.00,1.01128,324.50,324.50,2.00
443650.00,3921300.00,0.64821,316.25,316.25,2.00
443650.00,3921350.00,0.65324,316.79,316.79,2.00
443650.00,3921400.00,0.6723,316.99,316.99,2.00
443650.00,3921450.00,0.70021,316.97,316.97,2.00
443650.00,3921500.00,0.7185,317.39,317.39,2.00
443650.00,3921550.00,0.74725,317.94,317.94,2.00
443650.00,3921600.00,0.77587,318.00,318.00,2.00
443650.00,3921650.00,0.80351,318.04,318.04,2.00
443650.00,3921700.00,0.86842,318.59,318.59,2.00
443650.00,3921750.00,0.92518,319.26,319.26,2.00
443650.00,3921800.00,0.88481,320.34,320.34,2.00
443650.00,3921850.00,0.82961,321.02,321.02,2.00
443650.00,3921900.00,0.88643,321.04,321.04,2.00
443650.00,3921950.00,0.89671,321.33,321.33,2.00
443650.00,3922000.00,0.89767,321.86,321.86,2.00
443650.00,3922050.00,0.94888,322.07,322.07,2.00
443650.00,3922100.00,1.01789,322.14,322.14,2.00
443650.00,3922150.00,1.04488,322.99,322.99,2.00
443650.00,3922200.00,0.84184,323.98,323.98,2.00
443650.00,3922250.00,1.01301,323.52,323.52,2.00
443650.00,3922300.00,1.26033,323.18,323.18,2.00
443700.00,3921300.00,0.59345,316.26,316.26,2.00
443700.00,3921350.00,0.59658,316.80,316.80,2.00
443700.00,3921400.00,0.62169,316.54,316.54,2.00
443700.00,3921450.00,0.64681,315.82,315.82,2.00
443700.00,3921500.00,0.65539,316.08,316.08,2.00
443700.00,3921550.00,0.66153,316.63,316.63,2.00
443700.00,3921600.00,0.67173,317.01,317.01,2.00
443700.00,3921650.00,0.68653,317.44,317.44,2.00
443700.00,3921700.00,0.74719,318.69,318.69,2.00
443700.00,3921750.00,0.76441,319.74,319.74,2.00
443700.00,3921800.00,0.77221,320.12,320.12,2.00
443700.00,3921850.00,0.771,320.49,320.49,2.00
443700.00,3921900.00,0.76346,320.84,320.84,2.00
443700.00,3921950.00,0.75385,321.29,321.29,2.00
443700.00,3922000.00,0.7504,321.83,321.83,2.00
443700.00,3922050.00,0.7753,321.54,321.54,2.00
443700.00,3922100.00,0.7993,320.87,320.87,2.00
443700.00,3922150.00,0.85999,321.95,321.95,2.00
443700.00,3922200.00,0.79851,323.37,323.37,2.00
443700.00,3922250.00,0.81245,323.51,323.51,2.00
443700.00,3922300.00,0.84557,323.63,323.63,2.00
442700.00,3922400.00,0.72419,322.09,322.09,2.00
442700.00,3922500.00,0.70545,322.85,322.85,2.00
442700.00,3922600.00,0.66376,322.24,322.24,2.00
442700.00,3922700.00,0.62784,322.80,322.80,2.00
442700.00,3922800.00,0.59372,323.42,323.42,2.00
442700.00,3922900.00,0.55902,324.66,324.66,2.00
442700.00,3923000.00,0.49629,324.73,324.73,2.00
442700.00,3923100.00,0.41085,324.51,324.51,2.00
442700.00,3923200.00,0.33744,325.13,325.13,2.00
442700.00,3923300.00,0.27387,324.39,324.39,2.00
442800.00,3922400.00,0.79347,320.77,320.77,2.00
442800.00,3922500.00,0.7716,322.37,322.37,2.00
442800.00,3922600.00,0.75475,323.17,323.17,2.00
442800.00,3922700.00,0.74457,324.33,324.33,2.00
442800.00,3922800.00,0.69714,324.37,324.37,2.00
442800.00,3922900.00,0.67057,325.66,325.66,2.00
442800.00,3923000.00,0.6065,326.21,326.21,2.00
442800.00,3923100.00,0.51081,326.12,326.12,2.00
442800.00,3923200.00,0.39668,326.47,326.47,2.00
442800.00,3923300.00,0.28936,327.97,327.97,2.00
442900.00,3922400.00,0.87975,321.10,321.10,2.00
442900.00,3922500.00,0.85419,322.19,322.19,2.00
442900.00,3922600.00,0.84086,323.00,323.00,2.00
442900.00,3922700.00,0.83285,324.05,324.05,2.00
442900.00,3922800.00,0.82432,326.40,326.40,2.00
442900.00,3922900.00,0.79275,325.98,325.98,2.00
442900.00,3923000.00,0.72512,325.61,325.61,2.00
442900.00,3923100.00,0.63188,326.65,326.65,2.00
442900.00,3923200.00,0.46071,327.71,327.71,2.00
442900.00,3923300.00,0.33441,328.04,328.04,2.00
443000.00,3922400.00,0.98639,321.52,321.52,2.00
443000.00,3922500.00,0.9886,323.00,323.00,2.00
443000.00,3922600.00,0.95432,323.27,323.27,2.00
443000.00,3922700.00,0.96064,324.47,324.47,2.00
443000.00,3922800.00,0.94728,325.31,325.31,2.00
443000.00,3922900.00,0.9235,325.82,325.82,2.00
443000.00,3923000.00,0.88511,326.89,326.89,2.00
443000.00,3923100.00,0.79778,327.18,327.18,2.00
443000.00,3923200.00,0.62711,327.23,327.23,2.00
443000.00,3923300.00,0.38328,328.96,328.96,2.00
443100.00,3922400.00,1.15344,322.63,322.63,2.00
443100.00,3922500.00,1.09132,322.47,322.47,2.00
443100.00,3922600.00,1.10811,323.46,323.46,2.00
443100.00,3922700.00,1.13104,325.13,325.13,2.00
443100.00,3922800.00,1.10776,326.00,326.00,2.00
443100.00,3922900.00,1.07015,326.53,326.53,2.00
443100.00,3923000.00,0.95834,328.35,328.35,2.00
443100.00,3923100.00,0.87293,329.34,329.34,2.00
443100.00,3923200.00,0.91664,327.40,327.40,2.00
443100.00,3923300.00,0.5283,328.53,328.53,2.00
443200.00,3922400.00,1.40458,324.10,324.10,2.00
443200.00,3922500.00,1.38313,324.73,324.73,2.00
443200.00,3922600.00,1.3348,323.99,323.99,2.00
443200.00,3922700.00,1.30801,324.41,324.41,2.00
443200.00,3922800.00,1.31488,325.48,325.48,2.00
443200.00,3922900.00,1.29613,326.03,326.03,2.00
443200.00,3923000.00,1.28434,326.76,326.76,2.00
443200.00,3923100.00,1.36306,327.17,327.17,2.00
443200.00,3923200.00,1.57007,326.97,326.97,2.00
443200.00,3923300.00,1.04894,326.29,326.29,2.00
443300.00,3922400.00,1.70282,323.82,323.82,2.00
443300.00,3922500.00,1.718,324.62,324.62,2.00
443300.00,3922600.00,1.69163,324.58,324.58,2.00
443300.00,3922700.00,1.74541,325.18,325.18,2.00
443300.00,3922800.00,1.72896,325.46,325.46,2.00
443300.00,3922900.00,1.71607,326.29,326.29,2.00
443300.00,3923000.00,1.72926,326.66,326.66,2.00
443300.00,3923100.00,1.06897,328.16,328.16,2.00
443300.00,3923200.00,1.10654,328.16,328.16,2.00
443300.00,3923300.00,1.03697,328.61,328.61,2.00
443400.00,3922400.00,2.50318,323.77,323.77,2.00
443400.00,3922500.00,1.9717,324.70,324.70,2.00
443400.00,3922600.00,1.46728,325.30,325.30,2.00
443400.00,3922700.00,1.39571,325.85,325.85,2.00
443400.00,3922800.00,1.46664,326.06,326.06,2.00
443400.00,3922900.00,1.40541,327.36,327.36,2.00
443400.00,3923000.00,1.06883,328.20,328.20,2.00
443400.00,3923100.00,0.92416,328.90,328.90,2.00
443400.00,3923200.00,0.88592,329.57,329.57,2.00
443400.00,3923300.00,1.12213,330.83,330.83,2.00
443500.00,3922400.00,1.75047,324.14,324.14,2.00
443500.00,3922500.00,1.59803,325.21,325.21,2.00
443500.00,3922600.00,1.44755,325.96,325.96,2.00
443500.00,3922700.00,1.332,325.64,325.64,2.00
443500.00,3922800.00,1.17008,325.12,325.12,2.00
443500.00,3922900.00,1.02243,327.74,327.74,2.00
443500.00,3923000.00,0.83448,329.36,329.36,2.00
443500.00,3923100.00,0.81294,330.39,330.39,2.00
443500.00,3923200.00,0.89423,330.98,330.98,2.00
443500.00,3923300.00,0.79773,331.00,331.00,2.00
443600.00,3922400.00,1.41443,325.58,325.58,2.00
443600.00,3922500.00,1.3908,326.44,326.44,2.00
443600.00,3922600.00,1.31612,327.00,327.00,2.00
443600.00,3922700.00,1.3778,326.80,326.80,2.00
443600.00,3922800.00,1.34696,326.48,326.48,2.00
443600.00,3922900.00,1.14465,325.94,325.94,2.00
443600.00,3923000.00,1.03616,327.12,327.12,2.00
443600.00,3923100.00,0.85025,329.29,329.29,2.00
443600.00,3923200.00,0.89537,331.57,331.57,2.00
443600.00,3923300.00,0.69605,331.11,331.11,2.00
443700.00,3922400.00,0.99407,324.38,324.38,2.00
443700.00,3922500.00,0.81411,326.55,326.55,2.00
443700.00,3922600.00,1.04909,327.19,327.19,2.00
443700.00,3922700.00,1.07285,327.74,327.74,2.00
443700.00,3922800.00,0.96218,328.00,328.00,2.00
443700.00,3922900.00,1.50434,327.30,327.30,2.00
443700.00,3923000.00,1.19827,327.91,327.91,2.00
443700.00,3923100.00,1.05871,330.45,330.45,2.00
443700.00,3923200.00,1.20024,330.97,330.97,2.00
443700.00,3923300.00,0.6698,331.00,331.00,2.00
443800.00,3922400.00,0.65441,324.33,324.33,2.00
443800.00,3922500.00,0.63473,326.47,326.47,2.00
443800.00,3922600.00,0.50972,327.93,327.93,2.00
443800.00,3922700.00,0.55627,328.37,328.37,2.00
443800.00,3922800.00,0.51677,328.45,328.45,2.00
443800.00,3922900.00,0.49824,328.57,328.57,2.00
443800.00,3923000.00,0.60585,329.00,329.00,2.00
443800.00,3923100.00,0.8134,331.95,331.95,2.00
443800.00,3923200.00,0.5748,333.34,333.34,2.00
443800.00,3923300.00,0.48728,331.24,331.24,2.00
443900.00,3922400.00,0.53295,322.13,322.13,2.00
443900.00,3922500.00,0.54452,324.03,324.03,2.00
443900.00,3922600.00,0.49119,327.52,327.52,2.00
443900.00,3922700.00,0.54964,327.42,327.42,2.00
443900.00,3922800.00,0.47972,328.10,328.10,2.00
443900.00,3922900.00,0.44352,328.78,328.78,2.00
443900.00,3923000.00,0.43479,329.73,329.73,2.00
443900.00,3923100.00,0.50301,330.61,330.61,2.00
443900.00,3923200.00,0.50698,331.65,331.65,2.00
443900.00,3923300.00,0.22088,332.28,332.28,2.00
444000.00,3922400.00,0.43665,323.22,323.22,2.00
444000.00,3922500.00,0.44176,324.52,324.52,2.00
444000.00,3922600.00,0.44955,326.63,326.63,2.00
444000.00,3922700.00,0.46942,326.35,326.35,2.00
444000.00,3922800.00,0.42349,327.45,327.45,2.00
444000.00,3922900.00,0.343,328.85,328.85,2.00
444000.00,3923000.00,0.31438,330.17,330.17,2.00
444000.00,3923100.00,0.31603,330.13,330.13,2.00
444000.00,3923200.00,0.2799,330.83,330.83,2.00
444000.00,3923300.00,0.12437,333.30,333.30,2.00
444100.00,3922400.00,0.36502,324.18,324.18,2.00
444100.00,3922500.00,0.36879,325.07,325.07,2.00
444100.00,3922600.00,0.36398,324.87,324.87,2.00
444100.00,3922700.00,0.37064,326.05,326.05,2.00
444100.00,3922800.00,0.30837,328.19,328.19,2.00
444100.00,3922900.00,0.30599,328.03,328.03,2.00
444100.00,3923000.00,0.25133,330.08,330.08,2.00
444100.00,3923100.00,0.21854,331.49,331.49,2.00
444100.00,3923200.00,0.19616,330.42,330.42,2.00
444100.00,3923300.00,0.147,331.29,331.29,2.00
444200.00,3922400.00,0.31545,324.38,324.38,2.00
444200.00,3922500.00,0.31077,325.73,325.73,2.00
444200.00,3922600.00,0.30791,325.71,325.71,2.00
444200.00,3922700.00,0.27167,327.87,327.87,2.00
444200.00,3922800.00,0.22953,329.34,329.34,2.00
444200.00,3922900.00,0.2072,330.47,330.47,2.00
444200.00,3923000.00,0.20184,330.21,330.21,2.00
444200.00,3923100.00,0.18532,330.61,330.61,2.00
444200.00,3923200.00,0.15656,330.37,330.37,2.00
444200.00,3923300.00,0.12666,330.82,330.82,2.00
444300.00,3922400.00,0.27403,324.29,324.29,2.00
444300.00,3922500.00,0.26827,324.76,324.76,2.00
444300.00,3922600.00,0.26057,323.85,323.85,2.00
444300.00,3922700.00,0.25528,326.15,326.15,2.00
444300.00,3922800.00,0.2392,327.01,327.01,2.00
444300.00,3922900.00,0.19556,329.14,329.14,2.00
444300.00,3923000.00,0.1703,330.13,330.13,2.00
444300.00,3923100.00,0.15798,330.35,330.35,2.00
444300.00,3923200.00,0.13,330.59,330.59,2.00
444300.00,3923300.00,0.11988,329.62,329.62,2.00
444400.00,3922400.00,0.24104,324.03,324.03,2.00
444400.00,3922500.00,0.23598,323.98,323.98,2.00
444400.00,3922600.00,0.22985,323.99,323.99,2.00
444400.00,3922700.00,0.22024,324.90,324.90,2.00
444400.00,3922800.00,0.2097,325.53,325.53,2.00
444400.00,3922900.00,0.18735,327.46,327.46,2.00
444400.00,3923000.00,0.15694,329.09,329.09,2.00
444400.00,3923100.00,0.14149,329.41,329.41,2.00
444400.00,3923200.00,0.12539,329.06,329.06,2.00
444400.00,3923300.00,0.1117,329.00,329.00,2.00
444500.00,3922400.00,0.21982,319.14,319.14,2.00
444500.00,3922500.00,0.21351,321.46,321.46,2.00
444500.00,3922600.00,0.20379,324.33,324.33,2.00
444500.00,3922700.00,0.19345,324.10,324.10,2.00
444500.00,3922800.00,0.18381,323.03,323.03,2.00
444500.00,3922900.00,0.17261,323.77,323.77,2.00
444500.00,3923000.00,0.16115,324.94,324.94,2.00
444500.00,3923100.00,0.11885,329.73,329.73,2.00
444500.00,3923200.00,0.10009,330.51,330.51,2.00
444500.00,3923300.00,0.09779,329.17,329.17,2.00
444600.00,3922400.00,0.19776,318.56,318.56,2.00
444600.00,3922500.00,0.19804,317.46,317.46,2.00
444600.00,3922600.00,0.18815,319.69,319.69,2.00
444600.00,3922700.00,0.17408,322.16,322.16,2.00
444600.00,3922800.00,0.16356,324.57,324.57,2.00
444600.00,3922900.00,0.13574,328.11,328.11,2.00
444600.00,3923000.00,0.13741,326.97,326.97,2.00
444600.00,3923100.00,0.10662,329.26,329.26,2.00
444600.00,3923200.00,0.06382,333.51,333.51,2.00
444600.00,3923300.00,0.0765,330.99,330.99,2.00
444700.00,3922400.00,0.17573,320.06,320.06,2.00
444700.00,3922500.00,0.17202,320.48,320.48,2.00
444700.00,3922600.00,0.16407,321.93,321.93,2.00
444700.00,3922700.00,0.15436,325.25,325.25,2.00
444700.00,3922800.00,0.13914,327.04,327.04,2.00
444700.00,3922900.00,0.11989,328.47,328.47,2.00
444700.00,3923000.00,0.11937,327.53,327.53,2.00
444700.00,3923100.00,0.10375,327.94,327.94,2.00
444700.00,3923200.00,0.06903,331.99,331.99,2.00
444700.00,3923300.00,0.05662,332.73,332.73,2.00
443800.00,3922300.00,0.60197,324.00,324.00,2.00
443800.00,3922200.00,0.61926,320.19,320.19,2.00
443800.00,3922100.00,0.60749,320.95,320.95,2.00
443800.00,3922000.00,0.60832,320.88,320.88,2.00
443800.00,3921900.00,0.63002,319.79,319.79,2.00
443800.00,3921800.00,0.61555,319.03,319.03,2.00
443800.00,3921700.00,0.58499,318.19,318.19,2.00
443800.00,3921600.00,0.56043,316.02,316.02,2.00
443800.00,3921500.00,0.54831,315.00,315.00,2.00
443800.00,3921400.00,0.51698,316.97,316.97,2.00
443800.00,3921300.00,0.48783,317.26,317.26,2.00
443800.00,3921200.00,0.4482,317.79,317.79,2.00
443800.00,3921100.00,0.45649,316.21,316.21,2.00
443800.00,3921000.00,0.45657,315.05,315.05,2.00
443800.00,3920900.00,0.44261,314.05,314.05,2.00
443800.00,3920800.00,0.41924,314.24,314.24,2.00
443800.00,3920700.00,0.39124,314.74,314.74,2.00
443800.00,3920600.00,0.37633,313.55,313.55,2.00
443800.00,3920500.00,0.35534,312.48,312.48,2.00
443800.00,3920400.00,0.34125,311.04,311.04,2.00
443800.00,3920300.00,0.32332,309.54,309.54,2.00
443900.00,3922300.00,0.53158,322.45,322.45,2.00
443900.00,3922200.00,0.517,320.76,320.76,2.00
443900.00,3922100.00,0.53046,319.34,319.34,2.00
443900.00,3922000.00,0.51245,317.63,317.63,2.00
443900.00,3921900.00,0.51756,320.49,320.49,2.00
443900.00,3921800.00,0.51388,319.65,319.65,2.00
443900.00,3921700.00,0.50613,318.54,318.54,2.00
443900.00,3921600.00,0.49181,318.43,318.43,2.00
443900.00,3921500.00,0.47073,317.76,317.76,2.00
443900.00,3921400.00,0.45537,317.02,317.02,2.00
443900.00,3921300.00,0.43951,316.67,316.67,2.00
443900.00,3921200.00,0.4279,316.12,316.12,2.00
443900.00,3921100.00,0.39602,316.90,316.90,2.00
443900.00,3921000.00,0.39169,316.02,316.02,2.00
443900.00,3920900.00,0.3821,315.40,315.40,2.00
443900.00,3920800.00,0.35598,315.86,315.86,2.00
443900.00,3920700.00,0.35527,314.42,314.42,2.00
443900.00,3920600.00,0.33791,311.73,311.73,2.00
443900.00,3920500.00,0.32354,310.51,310.51,2.00
443900.00,3920400.00,0.31472,310.81,310.81,2.00
443900.00,3920300.00,0.30309,310.26,310.26,2.00
444000.00,3922300.00,0.4372,322.89,322.89,2.00
444000.00,3922200.00,0.44352,319.47,319.47,2.00
444000.00,3922100.00,0.43993,320.00,320.00,2.00
444000.00,3922000.00,0.42261,322.23,322.23,2.00
444000.00,3921900.00,0.42499,321.16,321.16,2.00
444000.00,3921800.00,0.436,319.76,319.76,2.00
444000.00,3921700.00,0.43135,319.42,319.42,2.00
444000.00,3921600.00,0.40321,320.52,320.52,2.00
444000.00,3921500.00,0.4048,319.44,319.44,2.00
444000.00,3921400.00,0.40045,317.49,317.49,2.00
444000.00,3921300.00,0.3913,316.65,316.65,2.00
444000.00,3921200.00,0.38366,316.13,316.13,2.00
444000.00,3921100.00,0.36769,316.29,316.29,2.00
444000.00,3921000.00,0.35595,316.01,316.01,2.00
444000.00,3920900.00,0.3468,315.31,315.31,2.00
444000.00,3920800.00,0.33266,315.17,315.17,2.00
444000.00,3920700.00,0.32499,314.02,314.02,2.00
444000.00,3920600.00,0.30931,312.02,312.02,2.00
444000.00,3920500.00,0.29532,310.21,310.21,2.00
444000.00,3920400.00,0.28893,310.87,310.87,2.00
444000.00,3920300.00,0.2802,311.13,311.13,2.00
444100.00,3922300.00,0.36481,323.81,323.81,2.00
444100.00,3922200.00,0.37189,320.86,320.86,2.00
444100.00,3922100.00,0.36602,321.81,321.81,2.00
444100.00,3922000.00,0.36376,322.78,322.78,2.00
444100.00,3921900.00,0.3653,320.98,320.98,2.00
444100.00,3921800.00,0.37119,320.32,320.32,2.00
444100.00,3921700.00,0.37738,319.01,319.01,2.00
444100.00,3921600.00,0.36823,319.52,319.52,2.00
444100.00,3921500.00,0.35216,319.98,319.98,2.00
444100.00,3921400.00,0.35572,317.47,317.47,2.00
444100.00,3921300.00,0.35256,316.02,316.02,2.00
444100.00,3921200.00,0.33882,316.79,316.79,2.00
444100.00,3921100.00,0.32545,316.99,316.99,2.00
444100.00,3921000.00,0.32854,315.07,315.07,2.00
444100.00,3920900.00,0.31959,313.98,313.98,2.00
444100.00,3920800.00,0.30806,313.70,313.70,2.00
444100.00,3920700.00,0.2918,311.93,311.93,2.00
444100.00,3920600.00,0.28081,311.34,311.34,2.00
444100.00,3920500.00,0.27002,310.32,310.32,2.00
444100.00,3920400.00,0.26376,310.90,310.90,2.00
444100.00,3920300.00,0.25505,310.38,310.38,2.00
444200.00,3922300.00,0.31606,324.00,324.00,2.00
444200.00,3922200.00,0.31887,322.49,322.49,2.00
444200.00,3922100.00,0.31193,323.45,323.45,2.00
444200.00,3922000.00,0.30956,323.07,323.07,2.00
444200.00,3921900.00,0.31396,321.84,321.84,2.00
444200.00,3921800.00,0.31345,321.56,321.56,2.00
444200.00,3921700.00,0.30194,322.06,322.06,2.00
444200.00,3921600.00,0.31216,320.59,320.59,2.00
444200.00,3921500.00,0.31397,319.91,319.91,2.00
444200.00,3921400.00,0.31863,318.00,318.00,2.00
444200.00,3921300.00,0.31204,317.38,317.38,2.00
444200.00,3921200.00,0.30746,316.66,316.66,2.00
444200.00,3921100.00,0.30739,314.94,314.94,2.00
444200.00,3921000.00,0.29387,311.84,311.84,2.00
444200.00,3920900.00,0.28309,310.65,310.65,2.00
444200.00,3920800.00,0.27298,309.90,309.90,2.00
444200.00,3920700.00,0.26407,309.28,309.28,2.00
444200.00,3920600.00,0.25488,308.90,308.90,2.00
444200.00,3920500.00,0.2472,308.77,308.77,2.00
444200.00,3920400.00,0.24056,309.00,309.00,2.00
444200.00,3920300.00,0.23193,308.60,308.60,2.00
444300.00,3922300.00,0.27892,323.52,323.52,2.00
444300.00,3922200.00,0.27484,323.45,323.45,2.00
444300.00,3922100.00,0.27581,323.87,323.87,2.00
444300.00,3922000.00,0.27269,323.25,323.25,2.00
444300.00,3921900.00,0.27826,322.00,322.00,2.00
444300.00,3921800.00,0.27675,321.95,321.95,2.00
444300.00,3921700.00,0.27937,321.07,321.07,2.00
444300.00,3921600.00,0.28533,319.62,319.62,2.00
444300.00,3921500.00,0.28419,319.18,319.18,2.00
444300.00,3921400.00,0.28572,317.23,317.23,2.00
444300.00,3921300.00,0.28731,315.00,315.00,2.00
444300.00,3921200.00,0.28317,313.90,313.90,2.00
444300.00,3921100.00,0.27137,311.12,311.12,2.00
444300.00,3921000.00,0.26152,309.09,309.09,2.00
444300.00,3920900.00,0.25449,308.65,308.65,2.00
444300.00,3920800.00,0.24923,308.81,308.81,2.00
444300.00,3920700.00,0.24462,309.54,309.54,2.00
444300.00,3920600.00,0.23571,308.12,308.12,2.00
444300.00,3920500.00,0.23474,309.98,309.98,2.00
444300.00,3920400.00,0.22973,310.78,310.78,2.00
444300.00,3920300.00,0.22092,309.72,309.72,2.00
444400.00,3922300.00,0.24419,322.37,322.37,2.00
444400.00,3922200.00,0.24975,321.30,321.30,2.00
444400.00,3922100.00,0.25299,322.05,322.05,2.00
444400.00,3922000.00,0.25185,320.55,320.55,2.00
444400.00,3921900.00,0.25074,321.82,321.82,2.00
444400.00,3921800.00,0.25533,320.55,320.55,2.00
444400.00,3921700.00,0.26071,317.44,317.44,2.00
444400.00,3921600.00,0.26406,314.42,314.42,2.00
444400.00,3921500.00,0.26347,314.87,314.87,2.00
444400.00,3921400.00,0.26124,315.10,315.10,2.00
444400.00,3921300.00,0.25932,314.92,314.92,2.00
444400.00,3921200.00,0.25603,313.42,313.42,2.00
444400.00,3921100.00,0.24888,312.06,312.06,2.00
444400.00,3921000.00,0.24125,310.08,310.08,2.00
444400.00,3920900.00,0.23662,310.92,310.92,2.00
444400.00,3920800.00,0.23053,309.98,309.98,2.00
444400.00,3920700.00,0.22652,310.18,310.18,2.00
444400.00,3920600.00,0.22424,311.26,311.26,2.00
444400.00,3920500.00,0.22165,312.35,312.35,2.00
444400.00,3920400.00,0.2156,313.42,313.42,2.00
444400.00,3920300.00,0.20972,312.95,312.95,2.00
444500.00,3922300.00,0.22212,317.55,317.55,2.00
444500.00,3922200.00,0.23617,316.25,316.25,2.00
444500.00,3922100.00,0.2294,317.22,317.22,2.00
444500.00,3922000.00,0.23021,317.65,317.65,2.00
444500.00,3921900.00,0.23378,316.73,316.73,2.00
444500.00,3921800.00,0.23477,316.89,316.89,2.00
444500.00,3921700.00,0.23753,314.74,314.74,2.00
444500.00,3921600.00,0.23881,313.42,313.42,2.00
444500.00,3921500.00,0.24035,314.40,314.40,2.00
444500.00,3921400.00,0.23925,315.35,315.35,2.00
444500.00,3921300.00,0.23615,315.74,315.74,2.00
444500.00,3921200.00,0.23241,315.94,315.94,2.00
444500.00,3921100.00,0.2256,317.09,317.09,2.00
444500.00,3921000.00,0.22792,314.75,314.75,2.00
444500.00,3920900.00,0.2234,314.61,314.61,2.00
444500.00,3920800.00,0.2175,315.10,315.10,2.00
444500.00,3920700.00,0.2146,313.26,313.26,2.00
444500.00,3920600.00,0.21007,312.74,312.74,2.00
444500.00,3920500.00,0.20498,311.89,311.89,2.00
444500.00,3920400.00,0.19994,311.80,311.80,2.00
444500.00,3920300.00,0.1951,311.45,311.45,2.00
444600.00,3922300.00,0.19922,319.44,319.44,2.00
444600.00,3922200.00,0.20987,318.10,318.10,2.00
444600.00,3922100.00,0.20476,317.99,317.99,2.00
444600.00,3922000.00,0.20934,317.31,317.31,2.00
444600.00,3921900.00,0.21304,315.64,315.64,2.00
444600.00,3921800.00,0.2134,316.24,316.24,2.00
444600.00,3921700.00,0.21608,316.23,316.23,2.00
444600.00,3921600.00,0.21796,315.05,315.05,2.00
444600.00,3921500.00,0.21819,315.16,315.16,2.00
444600.00,3921400.00,0.21729,315.99,315.99,2.00
444600.00,3921300.00,0.2157,316.57,316.57,2.00
444600.00,3921200.00,0.21321,316.64,316.64,2.00
444600.00,3921100.00,0.20793,317.28,317.28,2.00
444600.00,3921000.00,0.20733,316.10,316.10,2.00
444600.00,3920900.00,0.20393,316.00,316.00,2.00
444600.00,3920800.00,0.20042,315.81,315.81,2.00
444600.00,3920700.00,0.20026,313.94,313.94,2.00
444600.00,3920600.00,0.19616,313.38,313.38,2.00
444600.00,3920500.00,0.19213,312.53,312.53,2.00
444600.00,3920400.00,0.1869,311.90,311.90,2.00
444600.00,3920300.00,0.18081,310.49,310.49,2.00
444700.00,3922300.00,0.18231,320.71,320.71,2.00
444700.00,3922200.00,0.18043,322.24,322.24,2.00
444700.00,3922100.00,0.183,319.70,319.70,2.00
444700.00,3922000.00,0.1881,320.52,320.52,2.00
444700.00,3921900.00,0.19071,320.15,320.15,2.00
444700.00,3921800.00,0.19269,319.40,319.40,2.00
444700.00,3921700.00,0.19655,317.82,317.82,2.00
444700.00,3921600.00,0.1988,316.64,316.64,2.00
444700.00,3921500.00,0.1992,318.24,318.24,2.00
444700.00,3921400.00,0.19799,317.73,317.73,2.00
444700.00,3921300.00,0.19355,318.91,318.91,2.00
444700.00,3921200.00,0.1964,316.99,316.99,2.00
444700.00,3921100.00,0.19435,316.85,316.85,2.00
444700.00,3921000.00,0.19431,315.22,315.22,2.00
444700.00,3920900.00,0.19242,313.19,313.19,2.00
444700.00,3920800.00,0.18986,314.02,314.02,2.00
444700.00,3920700.00,0.18719,312.88,312.88,2.00
444700.00,3920600.00,0.18394,312.55,312.55,2.00
444700.00,3920500.00,0.181,313.32,313.32,2.00
444700.00,3920400.00,0.17557,311.20,311.20,2.00
444700.00,3920300.00,0.16981,310.01,310.01,2.00
443700.00,3921200.00,0.58685,314.92,314.92,2.00
443700.00,3921100.00,0.56215,314.33,314.33,2.00
443700.00,3921000.00,0.50232,315.70,315.70,2.00
443700.00,3920900.00,0.46677,315.79,315.79,2.00
443700.00,3920800.00,0.45957,313.07,313.07,2.00
443700.00,3920700.00,0.42857,312.71,312.71,2.00
443700.00,3920600.00,0.40634,313.57,313.57,2.00
443700.00,3920500.00,0.38235,312.95,312.95,2.00
443700.00,3920400.00,0.3638,312.36,312.36,2.00
443700.00,3920300.00,0.34642,311.87,311.87,2.00
443600.00,3921200.00,0.69059,314.96,314.96,2.00
443600.00,3921100.00,0.64557,314.97,314.97,2.00
443600.00,3921000.00,0.61339,314.39,314.39,2.00
443600.00,3920900.00,0.57186,314.09,314.09,2.00
443600.00,3920800.00,0.50603,312.49,312.49,2.00
443600.00,3920700.00,0.47245,311.24,311.24,2.00
443600.00,3920600.00,0.44949,311.95,311.95,2.00
443600.00,3920500.00,0.42502,311.28,311.28,2.00
443600.00,3920400.00,0.40443,310.32,310.32,2.00
443600.00,3920300.00,0.38282,310.05,310.05,2.00
443500.00,3921200.00,0.68553,316.61,316.61,2.00
443500.00,3921100.00,0.66756,316.01,316.01,2.00
443500.00,3921000.00,0.70676,314.92,314.92,2.00
443500.00,3920900.00,0.6067,312.16,312.16,2.00
443500.00,3920800.00,0.5809,312.89,312.89,2.00
443500.00,3920700.00,0.53492,312.16,312.16,2.00
443500.00,3920600.00,0.49815,312.56,312.56,2.00
443500.00,3920500.00,0.46677,311.47,311.47,2.00
443500.00,3920400.00,0.43521,308.58,308.58,2.00
443500.00,3920300.00,0.38759,305.83,305.83,2.00
443400.00,3921200.00,0.85155,316.55,316.55,2.00
443400.00,3921100.00,0.73228,316.74,316.74,2.00
443400.00,3921000.00,0.70811,315.98,315.98,2.00
443400.00,3920900.00,0.84769,314.22,314.22,2.00
443400.00,3920800.00,0.7293,313.82,313.82,2.00
443400.00,3920700.00,0.63616,312.68,312.68,2.00
443400.00,3920600.00,0.58121,311.93,311.93,2.00
443400.00,3920500.00,0.53005,310.62,310.62,2.00
443400.00,3920400.00,0.48776,307.90,307.90,2.00
443400.00,3920300.00,0.44205,306.81,306.81,2.00
443300.00,3921200.00,1.99118,314.54,314.54,2.00
443300.00,3921100.00,2.47617,314.25,314.25,2.00
443300.00,3921000.00,1.11867,315.44,315.44,2.00
443300.00,3920900.00,1.00029,315.86,315.86,2.00
443300.00,3920800.00,1.05942,313.36,313.36,2.00
443300.00,3920700.00,0.86646,312.47,312.47,2.00
443300.00,3920600.00,0.73589,311.50,311.50,2.00
443300.00,3920500.00,0.65658,311.41,311.41,2.00
443300.00,3920400.00,0.59787,309.49,309.49,2.00
443300.00,3920300.00,0.54951,309.02,309.02,2.00
443200.00,3921200.00,1.59692,314.21,314.21,2.00
443200.00,3921100.00,1.42589,315.62,315.62,2.00
443200.00,3921000.00,1.27698,315.88,315.88,2.00
443200.00,3920900.00,1.7004,315.08,315.08,2.00
443200.00,3920800.00,1.95497,313.88,313.88,2.00
443200.00,3920700.00,1.63973,313.33,313.33,2.00
443200.00,3920600.00,1.27332,311.91,311.91,2.00
443200.00,3920500.00,0.90795,311.88,311.88,2.00
443200.00,3920400.00,0.71681,311.62,311.62,2.00
443200.00,3920300.00,0.60058,311.62,311.62,2.00
443100.00,3921200.00,1.4356,315.13,315.13,2.00
443100.00,3921100.00,1.40418,315.08,315.08,2.00
443100.00,3921000.00,1.32001,315.51,315.51,2.00
443100.00,3920900.00,1.56176,313.86,313.86,2.00
443100.00,3920800.00,1.49335,312.64,312.64,2.00
443100.00,3920700.00,1.69116,312.31,312.31,2.00
443100.00,3920600.00,2.21538,312.55,312.55,2.00
443100.00,3920500.00,1.34428,310.76,310.76,2.00
443100.00,3920400.00,1.11941,311.32,311.32,2.00
443100.00,3920300.00,0.84476,311.22,311.22,2.00
443000.00,3921200.00,1.39631,315.13,315.13,2.00
443000.00,3921100.00,1.29598,313.18,313.18,2.00
443000.00,3921000.00,1.25971,312.92,312.92,2.00
443000.00,3920900.00,1.24469,312.69,312.69,2.00
443000.00,3920800.00,1.20135,310.35,310.35,2.00
443000.00,3920700.00,1.24093,307.84,307.84,2.00
443000.00,3920600.00,1.3577,308.40,308.40,2.00
443000.00,3920500.00,1.63383,309.78,309.78,2.00
443000.00,3920400.00,2.16766,310.55,310.55,2.00
443000.00,3920300.00,1.22577,311.20,311.20,2.00
442900.00,3921200.00,1.45937,314.24,314.24,2.00
442900.00,3921100.00,1.23989,312.32,312.32,2.00
442900.00,3921000.00,1.14863,308.62,308.62,2.00
442900.00,3920900.00,1.14043,310.25,310.25,2.00
442900.00,3920800.00,1.13534,310.11,310.11,2.00
442900.00,3920700.00,1.15056,309.44,309.44,2.00
442900.00,3920600.00,1.20632,307.39,307.39,2.00
442900.00,3920500.00,1.42567,309.19,309.19,2.00
442900.00,3920400.00,1.59843,310.62,310.62,2.00
442900.00,3920300.00,1.28396,312.00,312.00,2.00
442800.00,3921200.00,1.42872,315.89,315.89,2.00
442800.00,3921100.00,1.33563,314.25,314.25,2.00
442800.00,3921000.00,1.17691,309.99,309.99,2.00
442800.00,3920900.00,1.10675,310.13,310.13,2.00
442800.00,3920800.00,1.10099,311.05,311.05,2.00
442800.00,3920700.00,1.09867,306.75,306.75,2.00
442800.00,3920600.00,1.18709,307.12,307.12,2.00
442800.00,3920500.00,1.3562,309.24,309.24,2.00
442800.00,3920400.00,1.53891,309.87,309.87,2.00
442800.00,3920300.00,1.50317,309.87,309.87,2.00
442700.00,3921200.00,1.47657,315.95,315.95,2.00
442700.00,3921100.00,1.34711,315.02,315.02,2.00
442700.00,3921000.00,1.20545,311.43,311.43,2.00
442700.00,3920900.00,1.13545,310.00,310.00,2.00
442700.00,3920800.00,1.07978,309.95,309.95,2.00
442700.00,3920700.00,1.09759,309.01,309.01,2.00
442700.00,3920600.00,1.25203,307.18,307.18,2.00
442700.00,3920500.00,1.45649,308.18,308.18,2.00
442700.00,3920400.00,1.52733,309.00,309.00,2.00
442700.00,3920300.00,1.46263,308.43,308.43,2.00
442600.00,3921200.00,1.72229,314.23,314.23,2.00
442600.00,3921100.00,1.42131,314.17,314.17,2.00
442600.00,3921000.00,1.23738,314.53,314.53,2.00
442600.00,3920900.00,1.13498,312.67,312.67,2.00
442600.00,3920800.00,1.09459,312.29,312.29,2.00
442600.00,3920700.00,1.12068,309.72,309.72,2.00
442600.00,3920600.00,1.39582,308.50,308.50,2.00
442600.00,3920500.00,1.3817,309.67,309.67,2.00
442600.00,3920400.00,1.41683,308.48,308.48,2.00
442600.00,3920300.00,1.30416,307.17,307.17,2.00
442500.00,3921200.00,1.84138,312.85,312.85,2.00
442500.00,3921100.00,1.45758,312.53,312.53,2.00
442500.00,3921000.00,1.28491,313.64,313.64,2.00
442500.00,3920900.00,1.16661,312.68,312.68,2.00
442500.00,3920800.00,1.13064,310.91,310.91,2.00
442500.00,3920700.00,1.25504,307.97,307.97,2.00
442500.00,3920600.00,1.78964,308.36,308.36,2.00
442500.00,3920500.00,1.28867,310.32,310.32,2.00
442500.00,3920400.00,1.26087,309.28,309.28,2.00
442500.00,3920300.00,1.20092,306.38,306.38,2.00
442400.00,3921200.00,1.88283,313.41,313.41,2.00
442400.00,3921100.00,1.76826,310.97,310.97,2.00
442400.00,3921000.00,1.37134,311.96,311.96,2.00
442400.00,3920900.00,1.26383,311.21,311.21,2.00
442400.00,3920800.00,1.21101,309.65,309.65,2.00
442400.00,3920700.00,1.41404,310.00,310.00,2.00
442400.00,3920600.00,1.76025,309.59,309.59,2.00
442400.00,3920500.00,1.40347,309.00,309.00,2.00
442400.00,3920400.00,1.27845,308.52,308.52,2.00
442400.00,3920300.00,1.11529,309.37,309.37,2.00
442300.00,3921200.00,1.65696,313.16,313.16,2.00
442300.00,3921100.00,2.13836,311.19,311.19,2.00
442300.00,3921000.00,1.53204,310.32,310.32,2.00
442300.00,3920900.00,1.32541,309.22,309.22,2.00
442300.00,3920800.00,1.32784,308.28,308.28,2.00
442300.00,3920700.00,1.54365,308.97,308.97,2.00
442300.00,3920600.00,1.55727,310.22,310.22,2.00
442300.00,3920500.00,1.27832,310.13,310.13,2.00
442300.00,3920400.00,1.23414,308.59,308.59,2.00
442300.00,3920300.00,1.08704,309.23,309.23,2.00
442200.00,3921200.00,1.48122,313.18,313.18,2.00
442200.00,3921100.00,2.24656,312.00,312.00,2.00
442200.00,3921000.00,1.63536,311.82,311.82,2.00
442200.00,3920900.00,1.42224,309.88,309.88,2.00
442200.00,3920800.00,1.46905,308.80,308.80,2.00
442200.00,3920700.00,2.07832,308.88,308.88,2.00
442200.00,3920600.00,1.56285,309.04,309.04,2.00
442200.00,3920500.00,1.34996,308.46,308.46,2.00
442200.00,3920400.00,1.21197,307.87,307.87,2.00
442200.00,3920300.00,1.08673,308.55,308.55,2.00
442100.00,3921200.00,1.14156,314.41,314.41,2.00
442100.00,3921100.00,2.82246,311.54,311.54,2.00
442100.00,3921000.00,1.93475,311.02,311.02,2.00
442100.00,3920900.00,1.5486,309.57,309.57,2.00
442100.00,3920800.00,1.74153,307.11,307.11,2.00
442100.00,3920700.00,1.86167,307.96,307.96,2.00
442100.00,3920600.00,1.47059,309.08,309.08,2.00
442100.00,3920500.00,1.30554,307.57,307.57,2.00
442100.00,3920400.00,1.09905,306.00,306.00,2.00
442100.00,3920300.00,1.04604,306.93,306.93,2.00
442000.00,3921200.00,1.26182,311.01,311.01,2.00
442000.00,3921100.00,2.05368,309.52,309.52,2.00
442000.00,3921000.00,1.96474,311.49,311.49,2.00
442000.00,3920900.00,1.69573,311.16,311.16,2.00
442000.00,3920800.00,1.70764,310.58,310.58,2.00
442000.00,3920700.00,1.56183,309.78,309.78,2.00
442000.00,3920600.00,1.43858,308.25,308.25,2.00
442000.00,3920500.00,1.26863,307.36,307.36,2.00
442000.00,3920400.00,1.13345,307.42,307.42,2.00
442000.00,3920300.00,1.03356,307.81,307.81,2.00
441900.00,3921200.00,1.11287,308.53,308.53,2.00
441900.00,3921100.00,1.5313,307.33,307.33,2.00
441900.00,3921000.00,1.80362,311.87,311.87,2.00
441900.00,3920900.00,1.66056,312.59,312.59,2.00
441900.00,3920800.00,2.15207,311.05,311.05,2.00
441900.00,3920700.00,1.57634,309.28,309.28,2.00
441900.00,3920600.00,1.37391,308.60,308.60,2.00
441900.00,3920500.00,1.20315,306.44,306.44,2.00
441900.00,3920400.00,1.10271,307.18,307.18,2.00
441900.00,3920300.00,1.00042,307.30,307.30,2.00
441800.00,3921200.00,0.93083,311.52,311.52,2.00
441800.00,3921100.00,1.3028,309.44,309.44,2.00
441800.00,3921000.00,1.9521,310.14,310.14,2.00
441800.00,3920900.00,2.28492,309.69,309.69,2.00
441800.00,3920800.00,2.06657,309.43,309.43,2.00
441800.00,3920700.00,1.53474,307.31,307.31,2.00
441800.00,3920600.00,1.28285,306.09,306.09,2.00
441800.00,3920500.00,1.12754,305.47,305.47,2.00
441800.00,3920400.00,1.03615,306.01,306.01,2.00
441800.00,3920300.00,0.96919,306.90,306.90,2.00
441700.00,3921200.00,0.8822,310.29,310.29,2.00
441700.00,3921100.00,1.09626,310.13,310.13,2.00
441700.00,3921000.00,1.26857,312.62,312.62,2.00
441700.00,3920900.00,2.05507,311.62,311.62,2.00
441700.00,3920800.00,1.98471,310.12,310.12,2.00
441700.00,3920700.00,1.49723,307.09,307.09,2.00
441700.00,3920600.00,1.20217,304.81,304.81,2.00
441700.00,3920500.00,1.09299,305.51,305.51,2.00
441700.00,3920400.00,0.99098,305.46,305.46,2.00
441700.00,3920300.00,0.90821,305.57,305.57,2.00
442600.00,3921300.00,2.88069,313.90,313.90,2.00
442600.00,3921400.00,1.4665,316.30,316.30,2.00
442600.00,3921500.00,1.10101,317.08,317.08,2.00
442600.00,3921600.00,0.98178,317.00,317.00,2.00
442600.00,3921700.00,0.91095,317.06,317.06,2.00
442600.00,3921800.00,0.8605,317.04,317.04,2.00
442600.00,3921900.00,0.82283,317.00,317.00,2.00
442600.00,3922000.00,0.78619,317.82,317.82,2.00
442600.00,3922100.00,0.75014,318.85,318.85,2.00
442600.00,3922200.00,0.71053,320.83,320.83,2.00
442600.00,3922300.00,0.68678,322.06,322.06,2.00
442600.00,3922400.00,0.67076,322.95,322.95,2.00
442600.00,3922500.00,0.62921,322.36,322.36,2.00
442600.00,3922600.00,0.59315,319.32,319.32,2.00
442600.00,3922700.00,0.55266,321.02,321.02,2.00
442600.00,3922800.00,0.51137,322.20,322.20,2.00
442600.00,3922900.00,0.46836,320.06,320.06,2.00
442600.00,3923000.00,0.40778,320.72,320.72,2.00
442600.00,3923100.00,0.34816,323.32,323.32,2.00
442600.00,3923200.00,0.29501,324.73,324.73,2.00
442600.00,3923300.00,0.2522,325.79,325.79,2.00
442500.00,3921300.00,2.34861,312.15,312.15,2.00
442500.00,3921400.00,1.26059,316.00,316.00,2.00
442500.00,3921500.00,1.06683,315.73,315.73,2.00
442500.00,3921600.00,0.96009,315.20,315.20,2.00
442500.00,3921700.00,0.87218,315.60,315.60,2.00
442500.00,3921800.00,0.80129,316.58,316.58,2.00
442500.00,3921900.00,0.75571,317.51,317.51,2.00
442500.00,3922000.00,0.72379,317.19,317.19,2.00
442500.00,3922100.00,0.69429,316.77,316.77,2.00
442500.00,3922200.00,0.66032,318.34,318.34,2.00
442500.00,3922300.00,0.63058,319.22,319.22,2.00
442500.00,3922400.00,0.5966,321.75,321.75,2.00
442500.00,3922500.00,0.56293,321.91,321.91,2.00
442500.00,3922600.00,0.52921,321.46,321.46,2.00
442500.00,3922700.00,0.49258,321.17,321.17,2.00
442500.00,3922800.00,0.45539,320.83,320.83,2.00
442500.00,3922900.00,0.40957,322.44,322.44,2.00
442500.00,3923000.00,0.36015,323.16,323.16,2.00
442500.00,3923100.00,0.30952,323.45,323.45,2.00
442500.00,3923200.00,0.26147,323.66,323.66,2.00
442500.00,3923300.00,0.22999,324.47,324.47,2.00
442400.00,3921300.00,1.56353,313.00,313.00,2.00
442400.00,3921400.00,1.12521,315.49,315.49,2.00
442400.00,3921500.00,0.9616,315.48,315.48,2.00
442400.00,3921600.00,0.85466,315.91,315.91,2.00
442400.00,3921700.00,0.78478,316.53,316.53,2.00
442400.00,3921800.00,0.73727,316.81,316.81,2.00
442400.00,3921900.00,0.7009,317.00,317.00,2.00
442400.00,3922000.00,0.66694,317.41,317.41,2.00
442400.00,3922100.00,0.63277,318.74,318.74,2.00
442400.00,3922200.00,0.60725,318.34,318.34,2.00
442400.00,3922300.00,0.58398,316.44,316.44,2.00
442400.00,3922400.00,0.54286,319.92,319.92,2.00
442400.00,3922500.00,0.50922,321.19,321.19,2.00
442400.00,3922600.00,0.47778,320.27,320.27,2.00
442400.00,3922700.00,0.44475,320.71,320.71,2.00
442400.00,3922800.00,0.4073,321.03,321.03,2.00
442400.00,3922900.00,0.36699,323.48,323.48,2.00
442400.00,3923000.00,0.31815,321.60,321.60,2.00
442400.00,3923100.00,0.27887,320.11,320.11,2.00
442400.00,3923200.00,0.23691,321.78,321.78,2.00
442400.00,3923300.00,0.21101,323.14,323.14,2.00
442300.00,3921300.00,1.28583,312.78,312.78,2.00
442300.00,3921400.00,1.02413,313.31,313.31,2.00
442300.00,3921500.00,0.86492,315.57,315.57,2.00
442300.00,3921600.00,0.80346,315.12,315.12,2.00
442300.00,3921700.00,0.74753,315.29,315.29,2.00
442300.00,3921800.00,0.70272,315.27,315.27,2.00
442300.00,3921900.00,0.66181,315.82,315.82,2.00
442300.00,3922000.00,0.62576,316.21,316.21,2.00
442300.00,3922100.00,0.58673,317.76,317.76,2.00
442300.00,3922200.00,0.55823,317.92,317.92,2.00
442300.00,3922300.00,0.53395,316.93,316.93,2.00
442300.00,3922400.00,0.50163,317.93,317.93,2.00
442300.00,3922500.00,0.47606,316.11,316.11,2.00
442300.00,3922600.00,0.43704,319.37,319.37,2.00
442300.00,3922700.00,0.41169,317.45,317.45,2.00
442300.00,3922800.00,0.36774,319.60,319.60,2.00
442300.00,3922900.00,0.32621,321.17,321.17,2.00
442300.00,3923000.00,0.28826,320.58,320.58,2.00
442300.00,3923100.00,0.25374,320.35,320.35,2.00
442300.00,3923200.00,0.21953,321.43,321.43,2.00
442300.00,3923300.00,0.19699,322.01,322.01,2.00
442200.00,3921300.00,1.19706,312.02,312.02,2.00
442200.00,3921400.00,0.93768,312.78,312.78,2.00
442200.00,3921500.00,0.80426,314.84,314.84,2.00
442200.00,3921600.00,0.75267,314.24,314.24,2.00
442200.00,3921700.00,0.70666,313.49,313.49,2.00
442200.00,3921800.00,0.66736,312.71,312.71,2.00
442200.00,3921900.00,0.61989,315.22,315.22,2.00
442200.00,3922000.00,0.57625,316.42,316.42,2.00
442200.00,3922100.00,0.54589,316.68,316.68,2.00
442200.00,3922200.00,0.51727,317.17,317.17,2.00
442200.00,3922300.00,0.48754,318.28,318.28,2.00
442200.00,3922400.00,0.47291,314.01,314.01,2.00
442200.00,3922500.00,0.44144,314.55,314.55,2.00
442200.00,3922600.00,0.40668,316.98,316.98,2.00
442200.00,3922700.00,0.36905,318.97,318.97,2.00
442200.00,3922800.00,0.33111,319.89,319.89,2.00
442200.00,3922900.00,0.30004,319.31,319.31,2.00
442200.00,3923000.00,0.26359,320.41,320.41,2.00
442200.00,3923100.00,0.23052,322.22,322.22,2.00
442200.00,3923200.00,0.20374,323.01,323.01,2.00
442200.00,3923300.00,0.18599,321.74,321.74,2.00
442100.00,3921300.00,1.00871,312.61,312.61,2.00
442100.00,3921400.00,0.84034,313.59,313.59,2.00
442100.00,3921500.00,0.74898,314.30,314.30,2.00
442100.00,3921600.00,0.68899,314.99,314.99,2.00
442100.00,3921700.00,0.65689,313.82,313.82,2.00
442100.00,3921800.00,0.62758,311.94,311.94,2.00
442100.00,3921900.00,0.57497,315.00,315.00,2.00
442100.00,3922000.00,0.53001,317.00,317.00,2.00
442100.00,3922100.00,0.50981,316.20,316.20,2.00
442100.00,3922200.00,0.48069,316.81,316.81,2.00
442100.00,3922300.00,0.45164,317.09,317.09,2.00
442100.00,3922400.00,0.43431,314.60,314.60,2.00
442100.00,3922500.00,0.40494,315.64,315.64,2.00
442100.00,3922600.00,0.3732,316.66,316.66,2.00
442100.00,3922700.00,0.335,319.12,319.12,2.00
442100.00,3922800.00,0.3023,319.88,319.88,2.00
442100.00,3922900.00,0.27637,318.54,318.54,2.00
442100.00,3923000.00,0.24577,319.29,319.29,2.00
442100.00,3923100.00,0.21604,320.15,320.15,2.00
442100.00,3923200.00,0.19097,321.40,321.40,2.00
442100.00,3923300.00,0.17635,321.00,321.00,2.00
442000.00,3921300.00,0.89142,313.14,313.14,2.00
442000.00,3921400.00,0.76486,314.17,314.17,2.00
442000.00,3921500.00,0.69128,314.68,314.68,2.00
442000.00,3921600.00,0.64509,314.62,314.62,2.00
442000.00,3921700.00,0.60493,314.45,314.45,2.00
442000.00,3921800.00,0.57899,312.73,312.73,2.00
442000.00,3921900.00,0.54052,314.03,314.03,2.00
442000.00,3922000.00,0.50995,314.71,314.71,2.00
442000.00,3922100.00,0.48507,314.32,314.32,2.00
442000.00,3922200.00,0.45704,314.28,314.28,2.00
442000.00,3922300.00,0.42066,316.17,316.17,2.00
442000.00,3922400.00,0.39162,317.64,317.64,2.00
442000.00,3922500.00,0.36799,317.90,317.90,2.00
442000.00,3922600.00,0.33699,318.65,318.65,2.00
442000.00,3922700.00,0.30977,317.86,317.86,2.00
442000.00,3922800.00,0.28213,318.23,318.23,2.00
442000.00,3922900.00,0.25189,319.47,319.47,2.00
442000.00,3923000.00,0.22828,319.00,319.00,2.00
442000.00,3923100.00,0.20554,317.91,317.91,2.00
442000.00,3923200.00,0.1839,319.21,319.21,2.00
442000.00,3923300.00,0.16794,320.02,320.02,2.00
441900.00,3921300.00,0.88831,311.22,311.22,2.00
441900.00,3921400.00,0.73853,312.70,312.70,2.00
441900.00,3921500.00,0.6691,312.84,312.84,2.00
441900.00,3921600.00,0.62022,312.78,312.78,2.00
441900.00,3921700.00,0.57183,313.32,313.32,2.00
441900.00,3921800.00,0.53367,313.72,313.72,2.00
441900.00,3921900.00,0.51168,312.92,312.92,2.00
441900.00,3922000.00,0.48644,312.74,312.74,2.00
441900.00,3922100.00,0.45258,314.26,314.26,2.00
441900.00,3922200.00,0.42646,313.76,313.76,2.00
441900.00,3922300.00,0.39733,314.93,314.93,2.00
441900.00,3922400.00,0.36534,317.14,317.14,2.00
441900.00,3922500.00,0.34616,315.70,315.70,2.00
441900.00,3922600.00,0.31463,316.68,316.68,2.00
441900.00,3922700.00,0.28829,316.77,316.77,2.00
441900.00,3922800.00,0.26311,316.85,316.85,2.00
441900.00,3922900.00,0.23878,316.89,316.89,2.00
441900.00,3923000.00,0.21442,317.93,317.93,2.00
441900.00,3923100.00,0.19066,318.84,318.84,2.00
441900.00,3923200.00,0.174,319.23,319.23,2.00
441900.00,3923300.00,0.16137,319.10,319.10,2.00
441800.00,3921300.00,0.8277,310.12,310.12,2.00
441800.00,3921400.00,0.72325,310.41,310.41,2.00
441800.00,3921500.00,0.64078,311.84,311.84,2.00
441800.00,3921600.00,0.58831,311.99,311.99,2.00
441800.00,3921700.00,0.54084,312.75,312.75,2.00
441800.00,3921800.00,0.49893,313.91,313.91,2.00
441800.00,3921900.00,0.47212,314.14,314.14,2.00
441800.00,3922000.00,0.45462,312.12,312.12,2.00
441800.00,3922100.00,0.4283,311.51,311.51,2.00
441800.00,3922200.00,0.40159,312.36,312.36,2.00
441800.00,3922300.00,0.37163,314.86,314.86,2.00
441800.00,3922400.00,0.34723,315.06,315.06,2.00
441800.00,3922500.00,0.31809,315.90,315.90,2.00
441800.00,3922600.00,0.28713,318.10,318.10,2.00
441800.00,3922700.00,0.26839,316.55,316.55,2.00
441800.00,3922800.00,0.24355,317.31,317.31,2.00
441800.00,3922900.00,0.22086,318.02,318.02,2.00
441800.00,3923000.00,0.20119,317.51,317.51,2.00
441800.00,3923100.00,0.18145,317.58,317.58,2.00
441800.00,3923200.00,0.16726,317.81,317.81,2.00
441800.00,3923300.00,0.15524,318.30,318.30,2.00
441700.00,3921300.00,0.74604,311.11,311.11,2.00
441700.00,3921400.00,0.66702,310.55,310.55,2.00
441700.00,3921500.00,0.57226,313.20,313.20,2.00
441700.00,3921600.00,0.52442,314.21,314.21,2.00
441700.00,3921700.00,0.49991,313.46,313.46,2.00
441700.00,3921800.00,0.46853,313.74,313.74,2.00
441700.00,3921900.00,0.44659,313.02,313.02,2.00
441700.00,3922000.00,0.42107,312.99,312.99,2.00
441700.00,3922100.00,0.40102,310.15,310.15,2.00
441700.00,3922200.00,0.37625,312.44,312.44,2.00
441700.00,3922300.00,0.35006,314.09,314.09,2.00
441700.00,3922400.00,0.31636,316.85,316.85,2.00
441700.00,3922500.00,0.2931,316.50,316.50,2.00
441700.00,3922600.00,0.28137,312.41,312.41,2.00
441700.00,3922700.00,0.25528,314.62,314.62,2.00
441700.00,3922800.00,0.2301,316.28,316.28,2.00
441700.00,3922900.00,0.20783,317.75,317.75,2.00
441700.00,3923000.00,0.19062,316.59,316.59,2.00
441700.00,3923100.00,0.17351,316.63,316.63,2.00
441700.00,3923200.00,0.15862,318.29,318.29,2.00
441700.00,3923300.00,0.14954,317.53,317.53,2.00
441700.00,3923550.00,0.11972,318.47,318.47,2.00
441700.00,3923800.00,0.10517,319.83,319.83,2.00
441700.00,3924050.00,0.08792,321.50,321.50,2.00
441700.00,3924300.00,0.07883,319.26,319.26,2.00
441700.00,3924550.00,0.0664,322.67,322.67,2.00
441700.00,3924800.00,0.05839,321.95,321.95,2.00
441950.00,3923550.00,0.12758,321.17,321.17,2.00
441950.00,3923800.00,0.11101,321.91,321.91,2.00
441950.00,3924050.00,0.09471,321.73,321.73,2.00
441950.00,3924300.00,0.07973,321.56,321.56,2.00
441950.00,3924550.00,0.06779,324.08,324.08,2.00
441950.00,3924800.00,0.04992,328.50,328.50,2.00
442200.00,3923550.00,0.14155,322.33,322.33,2.00
442200.00,3923800.00,0.11709,322.62,326.00,2.00
442200.00,3924050.00,0.09868,322.93,322.93,2.00
442200.00,3924300.00,0.08366,323.05,323.05,2.00
442200.00,3924550.00,0.06464,326.61,326.61,2.00
442200.00,3924800.00,0.04505,330.93,330.93,2.00
442450.00,3923550.00,0.16158,324.00,324.00,2.00
442450.00,3923800.00,0.12997,323.41,323.41,2.00
442450.00,3924050.00,0.10264,326.13,326.13,2.00
442450.00,3924300.00,0.07465,328.32,328.32,2.00
442450.00,3924550.00,0.06207,329.00,329.00,2.00
442450.00,3924800.00,0.05058,329.31,329.31,2.00
442700.00,3923550.00,0.19175,326.02,326.02,2.00
442700.00,3923800.00,0.12042,329.41,329.41,2.00
442700.00,3924050.00,0.09381,329.30,329.30,2.00
442700.00,3924300.00,0.07205,329.70,329.70,2.00
442700.00,3924550.00,0.05629,329.94,329.94,2.00
442700.00,3924800.00,0.04288,331.47,331.47,2.00
442950.00,3923550.00,0.17874,329.76,329.76,2.00
442950.00,3923800.00,0.12072,330.24,330.24,2.00
442950.00,3924050.00,0.0663,332.91,332.91,2.00
442950.00,3924300.00,0.04808,333.51,333.51,2.00
442950.00,3924550.00,0.05003,331.73,331.73,2.00
442950.00,3924800.00,0.02866,334.97,334.97,2.00
443200.00,3923550.00,0.21439,329.42,329.42,2.00
443200.00,3923800.00,0.10486,331.31,331.31,2.00
443200.00,3924050.00,0.06264,332.54,332.54,2.00
443200.00,3924300.00,0.03322,336.12,336.12,2.00
443200.00,3924550.00,0.02791,335.88,335.88,2.00
443200.00,3924800.00,0.01794,338.57,338.57,2.00
443450.00,3923550.00,0.14437,332.61,332.61,2.00
443450.00,3923800.00,0.06075,335.15,335.15,2.00
443450.00,3924050.00,0.04511,334.85,334.85,2.00
443450.00,3924300.00,0.02775,337.00,337.00,2.00
443450.00,3924550.00,0.02201,337.38,337.38,2.00
443450.00,3924800.00,0.01514,339.11,339.11,2.00
443700.00,3923550.00,0.14285,331.70,331.70,2.00
443700.00,3923800.00,0.06613,333.52,333.52,2.00
443700.00,3924050.00,0.03717,335.55,335.55,2.00
443700.00,3924300.00,0.02326,337.84,337.84,2.00
443700.00,3924550.00,0.01358,341.76,341.76,2.00
443700.00,3924800.00,0.01248,341.32,341.32,2.00
443950.00,3923550.00,0.07554,333.42,333.42,2.00
443950.00,3923800.00,0.04132,336.25,336.25,2.00
443950.00,3924050.00,0.02753,338.78,338.78,2.00
443950.00,3924300.00,0.01988,340.07,340.07,2.00
443950.00,3924550.00,0.01531,341.03,341.03,2.00
443950.00,3924800.00,0.01183,342.60,342.60,2.00
444200.00,3923550.00,0.06527,333.07,333.07,2.00
444200.00,3923800.00,0.02927,337.26,337.26,2.00
444200.00,3924050.00,0.01889,339.86,339.86,2.00
444200.00,3924300.00,0.01364,341.69,341.69,2.00
444200.00,3924550.00,0.0117,340.52,340.52,2.00
444200.00,3924800.00,0.00973,341.99,341.99,2.00
444450.00,3923550.00,0.07782,329.76,329.76,2.00
444450.00,3923800.00,0.03229,335.18,335.18,2.00
444450.00,3924050.00,0.02013,337.80,337.80,2.00
444450.00,3924300.00,0.01408,340.00,340.00,2.00
444450.00,3924550.00,0.01034,341.98,341.98,2.00
444450.00,3924800.00,0.00814,344.32,344.32,2.00
444700.00,3923550.00,0.04509,332.76,332.76,2.00
444700.00,3923800.00,0.03681,333.48,333.48,2.00
444700.00,3924050.00,0.02728,334.45,334.45,2.00
444700.00,3924300.00,0.01332,339.54,339.54,2.00
444700.00,3924550.00,0.01115,340.39,340.39,2.00
444700.00,3924800.00,0.00732,343.80,343.80,2.00
444950.00,3923550.00,0.03365,333.97,333.97,2.00
444950.00,3923800.00,0.01743,338.38,338.38,2.00
444950.00,3924050.00,0.01763,337.30,337.30,2.00
444950.00,3924300.00,0.00976,341.40,341.40,2.00
444950.00,3924550.00,0.00842,342.00,342.00,2.00
444950.00,3924800.00,0.00601,344.72,344.72,2.00
445200.00,3923550.00,0.02777,334.34,334.34,2.00
445200.00,3923800.00,0.01798,337.35,337.35,2.00
445200.00,3924050.00,0.01309,339.47,339.47,2.00
445200.00,3924300.00,0.00968,340.95,340.95,2.00
445200.00,3924550.00,0.00649,343.52,343.52,2.00
445200.00,3924800.00,0.00382,348.12,348.12,2.00
445450.00,3923550.00,0.02769,333.51,333.51,2.00
445450.00,3923800.00,0.02003,335.44,335.44,2.00
445450.00,3924050.00,0.01461,337.50,337.50,2.00
445450.00,3924300.00,0.01195,338.78,338.78,2.00
445450.00,3924550.00,0.00874,340.49,340.49,2.00
445450.00,3924800.00,0.00367,348.11,348.11,2.00
445700.00,3923550.00,0.0273,332.71,332.71,2.00
445700.00,3923800.00,0.01832,335.59,335.59,2.00
445700.00,3924050.00,0.01435,337.08,337.08,2.00
445700.00,3924300.00,0.01146,338.61,338.61,2.00
445700.00,3924550.00,0.00769,341.59,341.59,2.00
445700.00,3924800.00,0.00489,345.06,345.06,2.00
445950.00,3923550.00,0.02637,332.25,332.25,2.00
445950.00,3923800.00,0.01564,336.35,336.35,2.00
445950.00,3924050.00,0.01509,336.14,336.14,2.00
445950.00,3924300.00,0.00976,339.47,339.47,2.00
445950.00,3924550.00,0.00688,342.38,342.38,2.00
445950.00,3924800.00,0.00605,342.88,342.88,2.00
446200.00,3923550.00,0.02068,333.94,333.94,2.00
446200.00,3923800.00,0.01559,335.76,335.76,2.00
446200.00,3924050.00,0.01105,338.51,338.51,2.00
446200.00,3924300.00,0.00774,341.69,341.69,2.00
446200.00,3924550.00,0.00633,343.09,343.09,2.00
446200.00,3924800.00,0.00473,345.16,345.16,2.00
444950.00,3923300.00,0.04981,332.12,332.12,2.00
444950.00,3923050.00,0.06478,331.48,331.48,2.00
444950.00,3922800.00,0.10152,328.38,328.38,2.00
444950.00,3922550.00,0.12104,326.66,326.66,2.00
444950.00,3922300.00,0.13725,324.89,324.89,2.00
444950.00,3922050.00,0.149,321.47,321.47,2.00
444950.00,3921800.00,0.15597,319.87,319.87,2.00
444950.00,3921550.00,0.16224,318.27,318.27,2.00
444950.00,3921300.00,0.16215,318.27,318.27,2.00
444950.00,3921050.00,0.16041,317.51,317.51,2.00
444950.00,3920800.00,0.15981,315.69,315.69,2.00
444950.00,3920550.00,0.15529,314.09,314.09,2.00
444950.00,3920300.00,0.14835,310.99,310.99,2.00
444950.00,3920050.00,0.1425,311.94,311.94,2.00
444950.00,3919800.00,0.13228,311.71,311.71,2.00
444950.00,3919550.00,0.11502,309.53,309.53,2.00
444950.00,3919300.00,0.11013,309.44,309.44,2.00
444950.00,3919050.00,0.09239,305.79,305.79,2.00
444950.00,3918800.00,0.08628,304.83,304.83,2.00
445200.00,3923300.00,0.04041,332.64,332.64,2.00
445200.00,3923050.00,0.0584,330.91,330.91,2.00
445200.00,3922800.00,0.08645,327.35,327.35,2.00
445200.00,3922550.00,0.09878,326.78,326.78,2.00
445200.00,3922300.00,0.10991,324.10,324.10,2.00
445200.00,3922050.00,0.12093,323.57,323.57,2.00
445200.00,3921800.00,0.12931,320.23,320.23,2.00
445200.00,3921550.00,0.13396,319.50,319.50,2.00
445200.00,3921300.00,0.13401,319.46,319.46,2.00
445200.00,3921050.00,0.13671,317.54,317.54,2.00
445200.00,3920800.00,0.13505,316.58,316.58,2.00
445200.00,3920550.00,0.13397,315.68,315.68,2.00
445200.00,3920300.00,0.13042,313.15,313.15,2.00
445200.00,3920050.00,0.12456,311.92,311.92,2.00
445200.00,3919800.00,0.11895,312.72,312.72,2.00
445200.00,3919550.00,0.10941,312.08,312.08,2.00
445200.00,3919300.00,0.10469,309.72,309.72,2.00
445200.00,3919050.00,0.09131,309.30,309.30,2.00
445200.00,3918800.00,0.08426,309.22,309.22,2.00
445450.00,3923300.00,0.03458,332.97,332.97,2.00
445450.00,3923050.00,0.05881,328.64,328.64,2.00
445450.00,3922800.00,0.07064,327.60,327.60,2.00
445450.00,3922550.00,0.08375,326.12,326.12,2.00
445450.00,3922300.00,0.09722,321.71,321.71,2.00
445450.00,3922050.00,0.10155,322.60,322.60,2.00
445450.00,3921800.00,0.10792,321.49,321.49,2.00
445450.00,3921550.00,0.11225,320.57,320.57,2.00
445450.00,3921300.00,0.11592,319.40,319.40,2.00
445450.00,3921050.00,0.11602,318.79,318.79,2.00
445450.00,3920800.00,0.12041,313.81,313.81,2.00
445450.00,3920550.00,0.11337,317.88,317.88,2.00
445450.00,3920300.00,0.1124,315.91,315.91,2.00
445450.00,3920050.00,0.11016,314.25,314.25,2.00
445450.00,3919800.00,0.10268,315.94,315.94,2.00
445450.00,3919550.00,0.09876,311.95,311.95,2.00
445450.00,3919300.00,0.09074,312.00,312.00,2.00
445450.00,3919050.00,0.08791,311.03,311.03,2.00
445450.00,3918800.00,0.0776,309.69,309.69,2.00
445700.00,3923300.00,0.03835,330.91,330.91,2.00
445700.00,3923050.00,0.04984,328.66,328.66,2.00
445700.00,3922800.00,0.06026,327.38,327.38,2.00
445700.00,3922550.00,0.07378,323.94,323.94,2.00
445700.00,3922300.00,0.07898,325.13,325.13,2.00
445700.00,3922050.00,0.08497,323.59,323.59,2.00
445700.00,3921800.00,0.08564,324.98,324.98,2.00
445700.00,3921550.00,0.09555,321.94,321.94,2.00
445700.00,3921300.00,0.10161,318.42,318.42,2.00
445700.00,3921050.00,0.10266,318.63,318.63,2.00
445700.00,3920800.00,0.0979,320.14,320.14,2.00
445700.00,3920550.00,0.09985,318.56,318.56,2.00
445700.00,3920300.00,0.09783,317.75,317.75,2.00
445700.00,3920050.00,0.09688,314.86,314.86,2.00
445700.00,3919800.00,0.09447,315.09,315.09,2.00
445700.00,3919550.00,0.0892,314.76,314.76,2.00
445700.00,3919300.00,0.0826,313.75,313.75,2.00
445700.00,3919050.00,0.08217,310.04,310.04,2.00
445700.00,3918800.00,0.07335,309.69,309.69,2.00
445950.00,3923300.00,0.03497,330.49,330.49,2.00
445950.00,3923050.00,0.045,328.05,328.05,2.00
445950.00,3922800.00,0.05305,327.43,327.43,2.00
445950.00,3922550.00,0.05562,328.05,328.05,2.00
445950.00,3922300.00,0.06694,325.00,325.00,2.00
445950.00,3922050.00,0.07224,324.78,324.78,2.00
445950.00,3921800.00,0.07485,324.78,324.78,2.00
445950.00,3921550.00,0.08171,322.35,322.35,2.00
445950.00,3921300.00,0.08677,321.09,321.09,2.00
445950.00,3921050.00,0.08855,319.79,319.79,2.00
445950.00,3920800.00,0.08644,321.06,321.06,2.00
445950.00,3920550.00,0.08452,320.79,320.79,2.00
445950.00,3920300.00,0.08441,319.71,319.71,2.00
445950.00,3920050.00,0.08513,317.53,317.53,2.00
445950.00,3919800.00,0.08248,316.90,316.90,2.00
445950.00,3919550.00,0.08038,315.60,315.60,2.00
445950.00,3919300.00,0.07815,312.10,312.10,2.00
445950.00,3919050.00,0.07285,313.94,313.94,2.00
445950.00,3918800.00,0.07038,312.78,312.78,2.00
446200.00,3923300.00,0.02512,332.88,332.88,2.00
446200.00,3923050.00,0.03532,330.18,330.18,2.00
446200.00,3922800.00,0.04432,327.90,327.90,2.00
446200.00,3922550.00,0.05031,327.88,327.88,2.00
446200.00,3922300.00,0.05244,328.26,328.26,2.00
446200.00,3922050.00,0.06123,325.98,325.98,2.00
446200.00,3921800.00,0.06285,326.46,326.46,2.00
446200.00,3921550.00,0.06723,325.05,325.05,2.00
446200.00,3921300.00,0.07493,321.84,321.84,2.00
446200.00,3921050.00,0.07958,319.68,319.68,2.00
446200.00,3920800.00,0.07154,323.98,323.98,2.00
446200.00,3920550.00,0.07585,321.47,321.47,2.00
446200.00,3920300.00,0.07794,318.86,318.86,2.00
446200.00,3920050.00,0.07705,317.42,317.42,2.00
446200.00,3919800.00,0.07475,317.84,317.84,2.00
446200.00,3919550.00,0.07129,318.20,318.20,2.00
446200.00,3919300.00,0.06777,317.11,317.11,2.00
446200.00,3919050.00,0.06485,315.23,315.23,2.00
446200.00,3918800.00,0.06672,314.32,314.32,2.00
444700.00,3920050.00,0.159,309.39,309.39,2.00
444700.00,3919800.00,0.14295,308.15,308.15,2.00
444700.00,3919550.00,0.13893,310.18,310.18,2.00
444700.00,3919300.00,0.11688,308.41,308.41,2.00
444700.00,3919050.00,0.10782,308.09,308.09,2.00
444700.00,3918800.00,0.09173,303.17,303.17,2.00
444450.00,3920050.00,0.18737,309.62,309.62,2.00
444450.00,3919800.00,0.15665,306.90,306.90,2.00
444450.00,3919550.00,0.14256,306.28,306.28,2.00
444450.00,3919300.00,0.12475,306.23,306.23,2.00
444450.00,3919050.00,0.11646,306.93,306.93,2.00
444450.00,3918800.00,0.09849,304.16,304.16,2.00
444200.00,3920050.00,0.20521,306.60,306.60,2.00
444200.00,3919800.00,0.19378,309.39,309.39,2.00
444200.00,3919550.00,0.14934,303.14,303.14,2.00
444200.00,3919300.00,0.13524,300.93,300.93,2.00
444200.00,3919050.00,0.12017,302.03,302.03,2.00
444200.00,3918800.00,0.1088,304.12,304.12,2.00
443950.00,3920050.00,0.2529,309.14,309.14,2.00
443950.00,3919800.00,0.21554,308.01,308.01,2.00
443950.00,3919550.00,0.18031,306.37,306.37,2.00
443950.00,3919300.00,0.14636,303.38,303.38,2.00
443950.00,3919050.00,0.12456,302.35,302.35,2.00
443950.00,3918800.00,0.10694,300.46,300.46,2.00
443700.00,3920050.00,0.29894,309.69,309.69,2.00
443700.00,3919800.00,0.23784,307.41,307.41,2.00
443700.00,3919550.00,0.19407,306.05,306.05,2.00
443700.00,3919300.00,0.15545,302.76,302.76,2.00
443700.00,3919050.00,0.1316,301.59,301.59,2.00
443700.00,3918800.00,0.11426,300.77,300.77,2.00
443450.00,3920050.00,0.30261,303.90,303.90,2.00
443450.00,3919800.00,0.23226,302.02,302.02,2.00
443450.00,3919550.00,0.19385,305.30,305.30,2.00
443450.00,3919300.00,0.16009,305.83,305.83,2.00
443450.00,3919050.00,0.12748,301.92,301.92,2.00
443450.00,3918800.00,0.11089,303.29,303.29,2.00
443200.00,3920050.00,0.37833,303.05,303.05,2.00
443200.00,3919800.00,0.27697,301.36,301.36,2.00
443200.00,3919550.00,0.21265,299.70,299.70,2.00
443200.00,3919300.00,0.17626,304.70,304.70,2.00
443200.00,3919050.00,0.14831,305.58,305.58,2.00
443200.00,3918800.00,0.11785,300.86,300.86,2.00
442950.00,3920050.00,0.57545,309.76,309.76,2.00
442950.00,3919800.00,0.38555,307.22,307.22,2.00
442950.00,3919550.00,0.27241,306.00,306.00,2.00
442950.00,3919300.00,0.19216,300.22,300.22,2.00
442950.00,3919050.00,0.15699,302.88,302.88,2.00
442950.00,3918800.00,0.13336,296.69,296.69,2.00
442700.00,3920050.00,0.82002,308.63,308.63,2.00
442700.00,3919800.00,0.47367,308.35,308.35,2.00
442700.00,3919550.00,0.31461,307.71,307.71,2.00
442700.00,3919300.00,0.24263,304.33,304.33,2.00
442700.00,3919050.00,0.19726,301.34,301.34,2.00
442700.00,3918800.00,0.15986,298.60,298.60,2.00
442450.00,3920050.00,0.87781,307.72,307.72,2.00
442450.00,3919800.00,0.53423,305.67,305.67,2.00
442450.00,3919550.00,0.35706,306.24,306.24,2.00
442450.00,3919300.00,0.26276,304.84,304.84,2.00
442450.00,3919050.00,0.19773,302.41,302.41,2.00
442450.00,3918800.00,0.16225,302.33,302.33,2.00
442200.00,3920050.00,0.84961,308.61,308.61,2.00
442200.00,3919800.00,0.55895,304.86,304.86,2.00
442200.00,3919550.00,0.42414,305.76,305.76,2.00
442200.00,3919300.00,0.31038,305.42,305.42,2.00
442200.00,3919050.00,0.22225,302.81,302.81,2.00
442200.00,3918800.00,0.17952,300.89,300.89,2.00
441950.00,3920050.00,0.78779,306.40,306.40,2.00
441950.00,3919800.00,0.57117,304.62,304.62,2.00
441950.00,3919550.00,0.42892,304.21,304.21,2.00
441950.00,3919300.00,0.32563,300.71,300.71,2.00
441950.00,3919050.00,0.25761,301.15,301.15,2.00
441950.00,3918800.00,0.19325,299.16,299.16,2.00
441700.00,3920050.00,0.70499,304.33,304.33,2.00
441700.00,3919800.00,0.58317,305.07,305.07,2.00
441700.00,3919550.00,0.44139,303.53,303.53,2.00
441700.00,3919300.00,0.34662,303.48,303.48,2.00
441700.00,3919050.00,0.27526,302.31,302.31,2.00
441700.00,3918800.00,0.22527,301.07,301.07,2.00
441450.00,3920050.00,0.68926,304.08,304.08,2.00
441450.00,3919800.00,0.56917,304.55,304.55,2.00
441450.00,3919550.00,0.46201,303.75,303.75,2.00
441450.00,3919300.00,0.36426,303.12,303.12,2.00
441450.00,3919050.00,0.29467,302.44,302.44,2.00
441450.00,3918800.00,0.23808,301.05,301.05,2.00
441200.00,3920050.00,0.66181,304.94,304.94,2.00
441200.00,3919800.00,0.56379,305.15,305.15,2.00
441200.00,3919550.00,0.46971,305.30,305.30,2.00
441200.00,3919300.00,0.3707,300.37,300.37,2.00
441200.00,3919050.00,0.30595,301.83,301.83,2.00
441200.00,3918800.00,0.25208,299.82,299.82,2.00
440950.00,3920050.00,0.59207,304.70,304.70,2.00
440950.00,3919800.00,0.5324,304.92,304.92,2.00
440950.00,3919550.00,0.44776,303.87,303.87,2.00
440950.00,3919300.00,0.37584,303.37,303.37,2.00
440950.00,3919050.00,0.3078,300.53,300.53,2.00
440950.00,3918800.00,0.26069,299.66,299.66,2.00
440700.00,3920050.00,0.51031,303.14,303.14,2.00
440700.00,3919800.00,0.47737,304.82,304.82,2.00
440700.00,3919550.00,0.42271,302.00,302.00,2.00
440700.00,3919300.00,0.36011,300.46,300.46,2.00
440700.00,3919050.00,0.30749,299.68,299.68,2.00
440700.00,3918800.00,0.26396,300.24,300.24,2.00
440450.00,3920050.00,0.47355,305.00,305.00,2.00
440450.00,3919800.00,0.41768,303.32,303.32,2.00
440450.00,3919550.00,0.3842,303.11,303.11,2.00
440450.00,3919300.00,0.34833,298.18,298.18,2.00
440450.00,3919050.00,0.30369,299.29,299.29,2.00
440450.00,3918800.00,0.2604,299.09,299.09,2.00
440200.00,3920050.00,0.40617,304.29,304.29,2.00
440200.00,3919800.00,0.38854,304.88,304.88,2.00
440200.00,3919550.00,0.3507,303.65,303.65,2.00
440200.00,3919300.00,0.31877,300.19,300.19,2.00
440200.00,3919050.00,0.2979,301.59,301.59,2.00
440200.00,3918800.00,0.26268,300.34,300.34,2.00
441450.00,3920300.00,0.90846,307.43,307.43,2.00
441450.00,3920550.00,1.10822,306.01,306.01,2.00
441450.00,3920800.00,1.53107,308.69,308.69,2.00
441450.00,3921050.00,0.8303,311.16,311.16,2.00
441450.00,3921300.00,0.59383,311.74,311.74,2.00
441450.00,3921550.00,0.48395,312.09,312.09,2.00
441450.00,3921800.00,0.41725,309.51,309.51,2.00
441450.00,3922050.00,0.35815,310.97,310.97,2.00
441450.00,3922300.00,0.29576,314.25,314.25,2.00
441450.00,3922550.00,0.24357,315.50,315.50,2.00
441450.00,3922800.00,0.20216,315.19,315.19,2.00
441450.00,3923050.00,0.16108,315.95,315.95,2.00
441450.00,3923300.00,0.13589,316.94,316.94,2.00
441450.00,3923550.00,0.11125,317.84,317.84,2.00
441450.00,3923800.00,0.0953,320.71,320.71,2.00
441450.00,3924050.00,0.08498,318.94,318.94,2.00
441450.00,3924300.00,0.0767,318.90,318.90,2.00
441450.00,3924550.00,0.06352,323.42,323.42,2.00
441450.00,3924800.00,0.05643,323.52,323.52,2.00
441200.00,3920300.00,0.76288,304.47,304.47,2.00
441200.00,3920550.00,0.89457,305.25,305.25,2.00
441200.00,3920800.00,0.84388,306.77,306.77,2.00
441200.00,3921050.00,0.61494,307.38,307.38,2.00
441200.00,3921300.00,0.5022,309.12,309.12,2.00
441200.00,3921550.00,0.41952,309.08,309.08,2.00
441200.00,3921800.00,0.35573,309.47,309.47,2.00
441200.00,3922050.00,0.30669,312.18,312.18,2.00
441200.00,3922300.00,0.25265,314.52,314.52,2.00
441200.00,3922550.00,0.21739,312.20,312.20,2.00
441200.00,3922800.00,0.17836,314.77,314.77,2.00
441200.00,3923050.00,0.14972,312.99,312.99,2.00
441200.00,3923300.00,0.12891,313.61,313.61,2.00
441200.00,3923550.00,0.10368,317.49,317.49,2.00
441200.00,3923800.00,0.09314,316.63,316.63,2.00
441200.00,3924050.00,0.07985,320.23,320.23,2.00
441200.00,3924300.00,0.07199,319.29,319.29,2.00
441200.00,3924550.00,0.06435,319.46,319.46,2.00
441200.00,3924800.00,0.05523,322.98,322.98,2.00
440950.00,3920300.00,0.65067,303.70,303.70,2.00
440950.00,3920550.00,0.67866,304.97,304.97,2.00
440950.00,3920800.00,0.58451,305.48,305.48,2.00
440950.00,3921050.00,0.47378,306.49,306.49,2.00
440950.00,3921300.00,0.40482,307.71,307.71,2.00
440950.00,3921550.00,0.35577,309.62,309.62,2.00
440950.00,3921800.00,0.31199,310.35,310.35,2.00
440950.00,3922050.00,0.26208,309.45,309.45,2.00
440950.00,3922300.00,0.2265,310.93,310.93,2.00
440950.00,3922550.00,0.18879,313.73,313.73,2.00
440950.00,3922800.00,0.15746,314.98,314.98,2.00
440950.00,3923050.00,0.1244,319.45,319.45,2.00
440950.00,3923300.00,0.11751,314.21,314.21,2.00
440950.00,3923550.00,0.09934,315.08,315.08,2.00
440950.00,3923800.00,0.08759,316.10,316.10,2.00
440950.00,3924050.00,0.07981,316.48,316.48,2.00
440950.00,3924300.00,0.06965,317.56,317.56,2.00
440950.00,3924550.00,0.06469,316.50,316.50,2.00
440950.00,3924800.00,0.05673,318.06,318.06,2.00
440700.00,3920300.00,0.56777,304.40,304.40,2.00
440700.00,3920550.00,0.52489,303.22,303.22,2.00
440700.00,3920800.00,0.45171,304.75,304.75,2.00
440700.00,3921050.00,0.38338,305.97,305.97,2.00
440700.00,3921300.00,0.33534,308.00,308.00,2.00
440700.00,3921550.00,0.30339,309.00,309.00,2.00
440700.00,3921800.00,0.2671,311.07,311.07,2.00
440700.00,3922050.00,0.21821,304.85,304.85,2.00
440700.00,3922300.00,0.19631,309.87,309.87,2.00
440700.00,3922550.00,0.16991,310.16,310.16,2.00
440700.00,3922800.00,0.14274,313.40,313.40,2.00
440700.00,3923050.00,0.12177,314.27,314.27,2.00
440700.00,3923300.00,0.10935,310.90,310.90,2.00
440700.00,3923550.00,0.09375,313.48,313.48,2.00
440700.00,3923800.00,0.08144,315.91,315.91,2.00
440700.00,3924050.00,0.07665,314.83,314.83,2.00
440700.00,3924300.00,0.06538,317.75,317.75,2.00
440700.00,3924550.00,0.06111,316.72,316.72,2.00
440700.00,3924800.00,0.05541,317.24,317.24,2.00
440450.00,3920300.00,0.46198,305.15,305.15,2.00
440450.00,3920550.00,0.42686,304.35,304.35,2.00
440450.00,3920800.00,0.36841,304.23,304.23,2.00
440450.00,3921050.00,0.31163,304.08,304.08,2.00
440450.00,3921300.00,0.28061,305.46,305.46,2.00
440450.00,3921550.00,0.26474,308.81,308.81,2.00
440450.00,3921800.00,0.2221,306.86,306.86,2.00
440450.00,3922050.00,0.19394,306.27,306.27,2.00
440450.00,3922300.00,0.17336,308.33,308.33,2.00
440450.00,3922550.00,0.15102,312.32,312.32,2.00
440450.00,3922800.00,0.12653,314.51,314.51,2.00
440450.00,3923050.00,0.11245,310.47,310.47,2.00
440450.00,3923300.00,0.10079,310.88,310.88,2.00
440450.00,3923550.00,0.08427,317.07,317.07,2.00
440450.00,3923800.00,0.07741,314.31,314.31,2.00
440450.00,3924050.00,0.07146,315.23,315.23,2.00
440450.00,3924300.00,0.06552,314.51,314.51,2.00
440450.00,3924550.00,0.05955,314.56,314.56,2.00
440450.00,3924800.00,0.05335,317.52,317.52,2.00
440200.00,3920300.00,0.37749,303.73,303.73,2.00
440200.00,3920550.00,0.34652,303.84,303.84,2.00
440200.00,3920800.00,0.30945,303.72,303.72,2.00
440200.00,3921050.00,0.26356,302.13,302.13,2.00
440200.00,3921300.00,0.25788,308.15,308.15,2.00
440200.00,3921550.00,0.2124,305.26,305.26,2.00
440200.00,3921800.00,0.19286,306.42,306.42,2.00
440200.00,3922050.00,0.16794,304.57,304.57,2.00
440200.00,3922300.00,0.15604,310.04,310.04,2.00
440200.00,3922550.00,0.13738,310.00,310.00,2.00
440200.00,3922800.00,0.11722,309.97,309.97,2.00
440200.00,3923050.00,0.10351,311.15,311.15,2.00
440200.00,3923300.00,0.09158,308.73,308.73,2.00
440200.00,3923550.00,0.08219,311.02,311.02,2.00
440200.00,3923800.00,0.07116,308.58,308.58,2.00
440200.00,3924050.00,0.06789,311.18,311.18,2.00
440200.00,3924300.00,0.06298,311.41,311.41,2.00
440200.00,3924550.00,0.0571,313.20,313.20,2.00
440200.00,3924800.00,0.0511,317.34,317.34,2.00
