442700.00,3921300.00,24.22114,315.71,315.71,2.00
442700.00,3921350.00,31.66952,316.21,316.21,2.00
442700.00,3921400.00,27.08877,316.75,316.75,2.00
442700.00,3921450.00,15.66757,317.34,317.34,2.00
442700.00,3921500.00,12.21656,317.36,317.36,2.00
442700.00,3921550.00,11.3787,317.06,317.06,2.00
442700.00,3921600.00,10.36127,317.00,317.00,2.00
442700.00,3921650.00,9.76442,317.00,317.00,2.00
442700.00,3921700.00,9.1859,317.29,317.29,2.00
442700.00,3921750.00,8.72329,317.54,317.54,2.00
442700.00,3921800.00,8.7731,317.23,317.23,2.00
442700.00,3921850.00,8.75891,317.06,317.06,2.00
442700.00,3921900.00,8.4079,317.28,317.28,2.00
442700.00,3921950.00,7.95745,317.85,317.85,2.00
442700.00,3922000.00,7.70164,318.93,318.93,2.00
442700.00,3922050.00,7.35397,319.53,319.53,2.00
442700.00,3922100.00,7.18119,319.74,319.74,2.00
442700.00,3922150.00,7.06872,320.26,320.26,2.00
442700.00,3922200.00,6.93295,320.91,320.91,2.00
442700.00,3922250.00,6.55115,321.57,321.57,2.00
442700.00,3922300.00,6.70997,322.23,322.23,2.00
442750.00,3921300.00,22.04061,315.33,315.33,2.00
442750.00,3921350.00,26.4065,316.28,316.28,2.00
442750.00,3921400.00,27.02962,316.79,316.79,2.00
442750.00,3921450.00,18.55853,316.86,316.86,2.00
442750.00,3921500.00,13.80457,316.97,316.97,2.00
442750.00,3921550.00,11.96529,317.08,317.08,2.00
442750.00,3921600.00,10.48969,317.10,317.10,2.00
442750.00,3921650.00,9.98693,317.10,317.10,2.00
442750.00,3921700.00,9.73414,317.00,317.00,2.00
442750.00,3921750.00,9.2748,316.92,316.92,2.00
442750.00,3921800.00,9.29862,316.97,316.97,2.00
442750.00,3921850.00,8.96735,317.16,317.16,2.00
442750.00,3921900.00,8.34493,317.79,317.79,2.00
442750.00,3921950.00,8.20601,318.58,318.58,2.00
442750.00,3922000.00,7.63845,319.61,319.61,2.00
442750.00,3922050.00,7.3957,320.35,320.35,2.00
442750.00,3922100.00,7.16976,320.85,320.85,2.00
442750.00,3922150.00,7.07251,321.02,321.02,2.00
442750.00,3922200.00,7.00344,321.05,321.05,2.00
442750.00,3922250.00,7.12039,321.03,321.03,2.00
442750.00,3922300.00,7.18868,321.01,321.01,2.00
442800.00,3921300.00,21.7897,315.08,315.08,2.00
442800.00,3921350.00,23.76634,315.31,315.31,2.00
442800.00,3921400.00,34.83037,315.65,315.65,2.00
442800.00,3921450.00,29.84924,316.08,316.08,2.00
442800.00,3921500.00,15.58235,316.78,316.78,2.00
442800.00,3921550.00,11.12568,317.61,317.61,2.00
442800.00,3921600.00,9.84804,317.77,317.77,2.00
442800.00,3921650.00,9.617,317.76,317.76,2.00
442800.00,3921700.00,10.08089,316.97,316.97,2.00
442800.00,3921750.00,10.34115,316.29,316.29,2.00
442800.00,3921800.00,9.8443,316.70,316.70,2.00
442800.00,3921850.00,9.10667,317.36,317.36,2.00
442800.00,3921900.00,8.46389,318.70,318.70,2.00
442800.00,3921950.00,7.96022,319.76,319.76,2.00
442800.00,3922000.00,7.67411,320.44,320.44,2.00
442800.00,3922050.00,7.45674,320.81,320.81,2.00
442800.00,3922100.00,7.39824,320.96,320.96,2.00
442800.00,3922150.00,7.21876,321.28,321.28,2.00
442800.00,3922200.00,6.93232,321.67,321.67,2.00
442800.00,3922250.00,7.22662,321.38,321.38,2.00
442800.00,3922300.00,7.47309,320.99,320.99,2.00
442850.00,3921300.00,20.49693,315.09,315.09,2.00
442850.00,3921350.00,22.67291,315.33,315.33,2.00
442850.00,3921400.00,26.53189,315.72,315.72,2.00
442850.00,3921450.00,31.61252,316.26,316.26,2.00
442850.00,3921500.00,15.95946,317.00,317.00,2.00
442850.00,3921550.00,11.73666,317.85,317.85,2.00
442850.00,3921600.00,10.56041,317.62,317.62,2.00
442850.00,3921650.00,10.58426,317.17,317.17,2.00
442850.00,3921700.00,10.6321,316.77,316.77,2.00
442850.00,3921750.00,10.637,316.48,316.48,2.00
442850.00,3921800.00,9.90916,317.02,317.02,2.00
442850.00,3921850.00,9.58739,317.85,317.85,2.00
442850.00,3921900.00,9.22023,319.47,319.47,2.00
442850.00,3921950.00,8.55658,320.53,320.53,2.00
442850.00,3922000.00,7.76143,320.86,320.86,2.00
442850.00,3922050.00,7.66225,321.00,321.00,2.00
442850.00,3922100.00,7.69279,321.00,321.00,2.00
442850.00,3922150.00,7.50232,321.24,321.24,2.00
442850.00,3922200.00,7.31874,321.58,321.58,2.00
442850.00,3922250.00,7.44331,321.51,321.51,2.00
442850.00,3922300.00,7.58691,321.35,321.35,2.00
442900.00,3921300.00,20.50213,315.31,315.31,2.00
442900.00,3921350.00,22.40962,315.85,315.85,2.00
442900.00,3921400.00,22.6972,316.38,316.38,2.00
442900.00,3921450.00,23.07827,316.92,316.92,2.00
442900.00,3921500.00,18.02846,317.39,317.39,2.00
442900.00,3921550.00,13.81486,317.83,317.83,2.00
442900.00,3921600.00,12.71458,317.06,317.06,2.00
442900.00,3921650.00,12.93268,316.02,316.02,2.00
442900.00,3921700.00,11.32366,316.53,316.53,2.00
442900.00,3921750.00,10.40434,317.08,317.08,2.00
442900.00,3921800.00,9.95437,317.74,317.74,2.00
442900.00,3921850.00,9.85128,318.63,318.63,2.00
442900.00,3921900.00,9.58905,320.17,320.17,2.00
442900.00,3921950.00,9.31252,321.03,321.03,2.00
442900.00,3922000.00,8.96056,320.97,320.97,2.00
442900.00,3922050.00,8.17886,320.95,320.95,2.00
442900.00,3922100.00,8.05278,320.96,320.96,2.00
442900.00,3922150.00,7.94568,320.99,320.99,2.00
442900.00,3922200.00,8.0842,321.03,321.03,2.00
442900.00,3922250.00,7.79852,321.49,321.49,2.00
442900.00,3922300.00,7.47325,321.98,321.98,2.00
442950.00,3921300.00,21.76749,315.98,315.98,2.00
442950.00,3921350.00,22.27109,316.51,316.51,2.00
442950.00,3921400.00,21.77798,317.05,317.05,2.00
442950.00,3921450.00,19.33053,317.59,317.59,2.00
442950.00,3921500.00,20.73757,317.57,317.57,2.00
442950.00,3921550.00,16.74429,317.29,317.29,2.00
442950.00,3921600.00,14.93617,316.69,316.69,2.00
442950.00,3921650.00,14.35519,316.01,316.01,2.00
442950.00,3921700.00,12.40991,316.53,316.53,2.00
442950.00,3921750.00,10.97192,317.23,317.23,2.00
442950.00,3921800.00,10.27033,318.96,318.96,2.00
442950.00,3921850.00,9.89925,320.42,320.42,2.00
442950.00,3921900.00,9.74597,321.25,321.25,2.00
442950.00,3921950.00,9.71303,321.38,321.38,2.00
442950.00,3922000.00,9.79,320.60,320.60,2.00
442950.00,3922050.00,9.61644,320.29,320.29,2.00
442950.00,3922100.00,8.93653,320.29,320.29,2.00
442950.00,3922150.00,8.5049,320.86,320.86,2.00
442950.00,3922200.00,8.00767,321.62,321.62,2.00
442950.00,3922250.00,7.89183,321.84,321.84,2.00
442950.00,3922300.00,7.82229,321.98,321.98,2.00
443000.00,3921300.00,25.74777,316.21,316.21,2.00
443000.00,3921350.00,22.76844,316.75,316.75,2.00
443000.00,3921400.00,22.26078,317.29,317.29,2.00
443000.00,3921450.00,19.23297,317.83,317.83,2.00
443000.00,3921500.00,19.85329,317.47,317.47,2.00
443000.00,3921550.00,21.88021,316.71,316.71,2.00
443000.00,3921600.00,18.27188,316.32,316.32,2.00
443000.00,3921650.00,16.17241,316.00,316.00,2.00
443000.00,3921700.00,14.75564,316.54,316.54,2.00
443000.00,3921750.00,12.82216,317.30,317.30,2.00
443000.00,3921800.00,11.312,319.47,319.47,2.00
443000.00,3921850.00,10.48828,321.22,321.22,2.00
443000.00,3921900.00,10.31636,321.97,321.97,2.00
443000.00,3921950.00,10.21093,322.08,322.08,2.00
443000.00,3922000.00,10.04602,321.40,321.40,2.00
443000.00,3922050.00,10.08217,320.99,320.99,2.00
443000.00,3922100.00,9.97743,320.78,320.78,2.00
443000.00,3922150.00,9.30432,321.39,321.39,2.00
443000.00,3922200.00,8.42346,322.27,322.27,2.00
443000.00,3922250.00,8.34708,322.53,322.53,2.00
443000.00,3922300.00,8.28479,322.66,322.66,2.00
443050.00,3921300.00,23.53752,316.21,316.21,2.00
443050.00,3921350.00,26.60997,316.75,316.75,2.00
443050.00,3921400.00,23.21628,317.24,317.24,2.00
443050.00,3921450.00,21.8288,317.70,317.70,2.00
443050.00,3921500.00,21.15192,317.10,317.10,2.00
443050.00,3921550.00,37.25403,316.02,316.02,2.00
443050.00,3921600.00,21.38644,315.96,315.96,2.00
443050.00,3921650.00,16.20378,316.06,316.06,2.00
443050.00,3921700.00,16.36086,316.63,316.63,2.00
443050.00,3921750.00,15.37327,317.42,317.42,2.00
443050.00,3921800.00,13.71652,319.49,319.49,2.00
443050.00,3921850.00,11.91276,321.28,321.28,2.00
443050.00,3921900.00,11.05294,322.36,322.36,2.00
443050.00,3921950.00,10.86395,322.96,322.96,2.00
443050.00,3922000.00,10.90574,322.97,322.97,2.00
443050.00,3922050.00,10.77049,322.63,322.63,2.00
443050.00,3922100.00,10.45324,322.09,322.09,2.00
443050.00,3922150.00,10.36658,322.38,322.38,2.00
443050.00,3922200.00,10.05745,322.95,322.95,2.00
443050.00,3922250.00,9.32769,323.48,323.48,2.00
443050.00,3922300.00,8.42499,323.93,323.93,2.00
443100.00,3921300.00,27.53632,316.21,316.21,2.00
443100.00,3921350.00,25.18499,316.76,316.76,2.00
443100.00,3921400.00,26.94409,316.85,316.85,2.00
443100.00,3921450.00,25.91264,316.59,316.59,2.00
443100.00,3921500.00,25.46369,315.77,315.77,2.00
443100.00,3921550.00,45.66672,314.69,314.69,2.00
443100.00,3921600.00,32.4997,315.55,315.55,2.00
443100.00,3921650.00,18.48753,316.73,316.73,2.00
443100.00,3921700.00,15.71475,317.65,317.65,2.00
443100.00,3921750.00,16.95695,318.59,318.59,2.00
443100.00,3921800.00,16.33842,319.59,319.59,2.00
443100.00,3921850.00,14.5558,320.62,320.62,2.00
443100.00,3921900.00,12.58522,321.71,321.71,2.00
443100.00,3921950.00,11.58084,322.30,322.30,2.00
443100.00,3922000.00,11.28171,322.30,322.30,2.00
443100.00,3922050.00,10.88072,321.75,321.75,2.00
443100.00,3922100.00,10.93931,320.84,320.84,2.00
443100.00,3922150.00,10.80616,321.60,321.60,2.00
443100.00,3922200.00,11.12264,322.89,322.89,2.00
443100.00,3922250.00,10.78775,323.16,323.16,2.00
443100.00,3922300.00,9.9552,323.31,323.31,2.00
443150.00,3921300.00,29.74602,316.13,316.13,2.00
443150.00,3921350.00,30.74287,316.45,316.45,2.00
443150.00,3921400.00,28.80351,316.41,316.41,2.00
443150.00,3921450.00,27.59987,316.10,316.10,2.00
443150.00,3921500.00,29.23028,315.69,315.69,2.00
443150.00,3921550.00,26.3942,315.25,315.25,2.00
443150.00,3921600.00,36.81139,316.20,316.20,2.00
443150.00,3921650.00,19.89002,317.39,317.39,2.00
443150.00,3921700.00,17.29602,318.26,318.26,2.00
443150.00,3921750.00,16.22873,319.15,319.15,2.00
443150.00,3921800.00,16.83391,320.10,320.10,2.00
443150.00,3921850.00,16.28386,320.95,320.95,2.00
443150.00,3921900.00,14.95055,321.63,321.63,2.00
443150.00,3921950.00,13.30183,322.09,322.09,2.00
443150.00,3922000.00,12.19637,322.28,322.28,2.00
443150.00,3922050.00,11.5895,321.69,321.69,2.00
443150.00,3922100.00,11.50643,320.60,320.60,2.00
443150.00,3922150.00,11.25635,321.44,321.44,2.00
443150.00,3922200.00,11.84059,322.88,322.88,2.00
443150.00,3922250.00,11.76245,323.00,323.00,2.00
443150.00,3922300.00,11.36966,323.01,323.01,2.00
443200.00,3921300.00,37.24191,316.00,316.00,2.00
443200.00,3921350.00,34.9639,316.00,316.00,2.00
443200.00,3921400.00,32.54346,316.04,316.04,2.00
443200.00,3921450.00,32.18062,316.11,316.11,2.00
443200.00,3921500.00,30.1571,316.50,316.50,2.00
443200.00,3921550.00,29.97277,317.04,317.04,2.00
443200.00,3921600.00,24.19283,317.52,317.52,2.00
443200.00,3921650.00,21.02421,318.01,318.01,2.00
443200.00,3921700.00,20.18913,318.57,318.57,2.00
443200.00,3921750.00,19.04458,319.30,319.30,2.00
443200.00,3921800.00,16.19261,320.90,320.90,2.00
443200.00,3921850.00,16.79656,322.00,322.00,2.00
443200.00,3921900.00,16.46211,322.00,322.00,2.00
443200.00,3921950.00,15.4967,322.25,322.25,2.00
443200.00,3922000.00,13.83644,322.78,322.78,2.00
443200.00,3922050.00,12.9306,322.32,322.32,2.00
443200.00,3922100.00,12.11462,321.25,321.25,2.00
443200.00,3922150.00,11.90729,321.84,321.84,2.00
443200.00,3922200.00,12.44201,322.92,322.92,2.00
443200.00,3922250.00,12.47908,323.00,323.00,2.00
443200.00,3922300.00,12.40834,323.04,323.04,2.00
443250.00,3921300.00,37.83712,316.00,316.00,2.00
443250.00,3921350.00,38.50017,316.00,316.00,2.00
443250.00,3921400.00,38.4483,316.45,316.45,2.00
443250.00,3921450.00,39.68075,317.23,317.23,2.00
443250.00,3921500.00,36.34717,317.83,317.83,2.00
443250.00,3921550.00,30.32073,318.36,318.36,2.00
443250.00,3921600.00,29.62796,318.23,318.23,2.00
443250.00,3921650.00,27.16988,318.02,318.02,2.00
443250.00,3921700.00,22.67684,318.94,318.94,2.00
443250.00,3921750.00,22.49416,319.91,319.91,2.00
443250.00,3921800.00,18.7428,321.16,321.16,2.00
443250.00,3921850.00,17.43526,322.00,322.00,2.00
443250.00,3921900.00,17.29501,322.00,322.00,2.00
443250.00,3921950.00,17.24294,322.08,322.08,2.00
443250.00,3922000.00,16.42593,322.26,322.26,2.00
443250.00,3922050.00,15.43379,322.10,322.10,2.00
443250.00,3922100.00,14.02735,321.75,321.75,2.00
443250.00,3922150.00,13.13473,322.51,322.51,2.00
443250.00,3922200.00,12.82188,323.59,323.59,2.00
443250.00,3922250.00,12.99052,323.33,323.33,2.00
443250.00,3922300.00,13.13431,323.04,323.04,2.00
443300.00,3921300.00,35.35755,316.49,316.49,2.00
443300.00,3921350.00,37.30747,316.70,316.70,2.00
443300.00,3921400.00,39.60421,317.16,317.16,2.00
443300.00,3921450.00,42.52004,317.82,317.82,2.00
443300.00,3921500.00,45.12042,318.24,318.24,2.00
443300.00,3921550.00,47.66438,318.58,318.58,2.00
443300.00,3921600.00,39.81541,318.33,318.33,2.00
443300.00,3921650.00,30.73715,318.03,318.03,2.00
443300.00,3921700.00,28.50678,319.11,319.11,2.00
443300.00,3921750.00,27.35904,320.09,320.09,2.00
443300.00,3921800.00,23.54081,320.59,320.59,2.00
443300.00,3921850.00,22.07312,321.06,321.06,2.00
443300.00,3921900.00,19.30232,321.45,321.45,2.00
443300.00,3921950.00,17.28059,321.65,321.65,2.00
443300.00,3922000.00,17.88957,321.66,321.66,2.00
443300.00,3922050.00,17.73765,321.78,321.78,2.00
443300.00,3922100.00,16.89807,321.96,321.96,2.00
443300.00,3922150.00,15.05945,322.43,322.43,2.00
443300.00,3922200.00,13.94979,322.99,322.99,2.00
443300.00,3922250.00,13.82447,323.18,323.18,2.00
443300.00,3922300.00,13.82486,323.33,323.33,2.00
443350.00,3921300.00,43.70589,317.14,317.14,2.00
443350.00,3921350.00,42.11808,317.75,317.75,2.00
443350.00,3921400.00,38.98213,317.98,317.98,2.00
443350.00,3921450.00,37.98079,317.96,317.96,2.00
443350.00,3921500.00,40.54335,317.97,317.97,2.00
443350.00,3921550.00,44.35219,318.00,318.00,2.00
443350.00,3921600.00,48.5454,318.05,318.05,2.00
443350.00,3921650.00,49.15549,318.14,318.14,2.00
443350.00,3921700.00,43.40199,319.19,319.19,2.00
443350.00,3921750.00,33.84729,319.95,319.95,2.00
443350.00,3921800.00,31.0936,319.39,319.39,2.00
443350.00,3921850.00,28.61655,319.38,319.38,2.00
443350.00,3921900.00,25.34884,320.46,320.46,2.00
443350.00,3921950.00,22.52803,321.01,321.01,2.00
443350.00,3922000.00,19.61937,321.00,321.00,2.00
443350.00,3922050.00,18.57651,321.35,321.35,2.00
443350.00,3922100.00,18.70524,321.89,321.89,2.00
443350.00,3922150.00,18.82308,321.58,321.58,2.00
443350.00,3922200.00,17.04276,321.07,321.07,2.00
443350.00,3922250.00,15.48087,322.55,322.55,2.00
443350.00,3922300.00,14.78156,323.93,323.93,2.00
443400.00,3921300.00,82.8844,316.13,316.13,2.00
443400.00,3921350.00,66.0098,317.45,317.45,2.00
443400.00,3921400.00,56.12766,317.77,317.77,2.00
443400.00,3921450.00,51.52477,317.39,317.39,2.00
443400.00,3921500.00,47.33515,317.58,317.58,2.00
443400.00,3921550.00,43.55456,317.96,317.96,2.00
443400.00,3921600.00,42.27844,319.00,319.00,2.00
443400.00,3921650.00,43.30149,320.11,320.11,2.00
443400.00,3921700.00,42.93012,320.80,320.80,2.00
443400.00,3921750.00,40.15029,321.19,321.19,2.00
443400.00,3921800.00,41.75524,320.28,320.28,2.00
443400.00,3921850.00,38.4938,320.05,320.05,2.00
443400.00,3921900.00,32.68891,321.12,321.12,2.00
443400.00,3921950.00,28.95276,321.67,321.67,2.00
443400.00,3922000.00,25.59807,321.66,321.66,2.00
443400.00,3922050.00,21.80664,321.32,321.32,2.00
443400.00,3922100.00,20.96002,320.80,320.80,2.00
443400.00,3922150.00,23.54457,319.71,319.71,2.00
443400.00,3922200.00,21.26112,318.48,318.48,2.00
443400.00,3922250.00,22.33844,320.63,320.63,2.00
443400.00,3922300.00,18.35605,322.77,322.77,2.00
443450.00,3921300.00,57.86096,315.62,315.62,2.00
443450.00,3921350.00,66.60854,317.04,317.04,2.00
443450.00,3921400.00,70.31865,317.67,317.67,2.00
443450.00,3921450.00,83.07828,317.73,317.73,2.00
443450.00,3921500.00,82.79772,318.13,318.13,2.00
443450.00,3921550.00,76.52349,318.67,318.67,2.00
443450.00,3921600.00,66.28351,319.82,319.82,2.00
443450.00,3921650.00,59.64167,321.02,321.02,2.00
443450.00,3921700.00,55.67226,321.37,321.37,2.00
443450.00,3921750.00,51.42312,321.51,321.51,2.00
443450.00,3921800.00,45.19735,320.81,320.81,2.00
443450.00,3921850.00,44.12925,320.59,320.59,2.00
443450.00,3921900.00,37.96052,321.31,321.31,2.00
443450.00,3921950.00,37.99746,321.76,321.76,2.00
443450.00,3922000.00,33.96447,321.94,321.94,2.00
443450.00,3922050.00,29.84235,321.63,321.63,2.00
443450.00,3922100.00,29.33845,321.06,321.06,2.00
443450.00,3922150.00,33.09336,319.90,319.90,2.00
443450.00,3922200.00,32.24917,318.60,318.60,2.00
443450.00,3922250.00,33.71991,320.32,320.32,2.00
443450.00,3922300.00,32.46807,322.12,322.12,2.00
443500.00,3921300.00,34.60415,315.55,315.55,2.00
443500.00,3921350.00,36.85353,316.58,316.58,2.00
443500.00,3921400.00,40.32205,317.65,317.65,2.00
443500.00,3921450.00,46.33597,318.73,318.73,2.00
443500.00,3921500.00,51.79833,319.38,319.38,2.00
443500.00,3921550.00,55.16373,319.90,319.90,2.00
443500.00,3921600.00,59.36891,320.45,320.45,2.00
443500.00,3921650.00,58.97309,320.97,320.97,2.00
443500.00,3921700.00,68.17772,320.99,320.99,2.00
443500.00,3921750.00,71.45025,321.00,321.00,2.00
443500.00,3921800.00,69.43955,321.00,321.00,2.00
443500.00,3921850.00,62.39086,321.00,321.00,2.00
443500.00,3921900.00,54.7021,321.00,321.00,2.00
443500.00,3921950.00,50.36663,321.28,321.28,2.00
443500.00,3922000.00,48.32565,321.82,321.82,2.00
443500.00,3922050.00,45.43633,322.34,322.34,2.00
443500.00,3922100.00,38.50365,322.84,322.84,2.00
443500.00,3922150.00,32.29156,322.46,322.46,2.00
443500.00,3922200.00,25.09068,321.87,321.87,2.00
443500.00,3922250.00,26.14252,321.92,321.92,2.00
443500.00,3922300.00,26.12942,322.12,322.12,2.00
443550.00,3921300.00,34.98612,316.55,316.55,2.00
443550.00,3921350.00,34.9535,316.87,316.87,2.00
443550.00,3921400.00,35.01826,317.65,317.65,2.00
443550.00,3921450.00,44.73945,318.74,318.74,2.00
443550.00,3921500.00,47.26308,318.85,318.85,2.00
443550.00,3921550.00,45.33368,318.65,318.65,2.00
443550.00,3921600.00,48.88969,319.13,319.13,2.00
443550.00,3921650.00,48.25083,319.69,319.69,2.00
443550.00,3921700.00,39.27996,320.43,320.43,2.00
443550.00,3921750.00,36.7629,321.08,321.08,2.00
443550.00,3921800.00,40.96766,321.43,321.43,2.00
443550.00,3921850.00,46.35799,321.79,321.79,2.00
443550.00,3921900.00,56.34008,322.14,322.14,2.00
443550.00,3921950.00,66.99867,322.40,322.40,2.00
443550.00,3922000.00,75.30798,322.58,322.58,2.00
443550.00,3922050.00,64.42849,323.46,323.46,2.00
443550.00,3922100.00,47.1766,324.69,324.69,2.00
443550.00,3922150.00,43.82908,324.18,324.18,2.00
443550.00,3922200.00,44.59101,323.29,323.29,2.00
443550.00,3922250.00,35.98301,323.58,323.58,2.00
443550.00,3922300.00,26.0224,323.95,323.95,2.00
443600.00,3921300.00,32.20088,316.73,316.73,2.00
443600.00,3921350.00,32.06231,316.92,316.92,2.00
443600.00,3921400.00,31.34298,317.42,317.42,2.00
443600.00,3921450.00,31.69345,318.13,318.13,2.00
443600.00,3921500.00,32.10455,318.18,318.18,2.00
443600.00,3921550.00,31.40218,318.01,318.01,2.00
443600.00,3921600.00,30.70755,318.33,318.33,2.00
443600.00,3921650.00,29.28183,318.72,318.72,2.00
443600.00,3921700.00,31.8503,319.63,319.63,2.00
443600.00,3921750.00,33.07352,320.50,320.50,2.00
443600.00,3921800.00,30.31064,321.22,321.22,2.00
443600.00,3921850.00,29.04142,321.82,321.82,2.00
443600.00,3921900.00,30.99098,322.19,322.19,2.00
443600.00,3921950.00,31.36192,322.46,322.46,2.00
443600.00,3922000.00,32.29431,322.64,322.64,2.00
443600.00,3922050.00,38.48811,323.46,323.46,2.00
443600.00,3922100.00,43.06426,324.60,324.60,2.00
443600.00,3922150.00,44.97001,324.46,324.46,2.00
443600.00,3922200.00,45.77224,324.01,324.01,2.00
443600.00,3922250.00,46.90639,324.23,324.23,2.00
443600.00,3922300.00,43.91389,324.50,324.50,2.00
443650.00,3921300.00,27.19172,316.25,316.25,2.00
443650.00,3921350.00,26.61949,316.79,316.79,2.00
443650.00,3921400.00,25.46669,316.99,316.99,2.00
443650.00,3921450.00,24.80319,316.97,316.97,2.00
443650.00,3921500.00,25.14687,317.39,317.39,2.00
443650.00,3921550.00,24.89965,317.94,317.94,2.00
443650.00,3921600.00,23.90958,318.00,318.00,2.00
443650.00,3921650.00,24.00989,318.04,318.04,2.00
443650.00,3921700.00,24.50018,318.59,318.59,2.00
443650.00,3921750.00,25.06283,319.26,319.26,2.00
443650.00,3921800.00,26.92682,320.34,320.34,2.00
443650.00,3921850.00,27.88218,321.02,321.02,2.00
443650.00,3921900.00,27.86083,321.04,321.04,2.00
443650.00,3921950.00,26.69074,321.33,321.33,2.00
443650.00,3922000.00,29.12039,321.86,321.86,2.00
443650.00,3922050.00,32.7058,322.07,322.07,2.00
443650.00,3922100.00,34.1071,322.14,322.14,2.00
443650.00,3922150.00,35.89664,322.99,322.99,2.00
443650.00,3922200.00,37.95479,323.98,323.98,2.00
443650.00,3922250.00,37.59171,323.52,323.52,2.00
443650.00,3922300.00,40.97074,323.18,323.18,2.00
443700.00,3921300.00,22.63164,316.26,316.26,2.00
443700.00,3921350.00,22.3209,316.80,316.80,2.00
443700.00,3921400.00,21.66321,316.54,316.54,2.00
443700.00,3921450.00,21.43986,315.82,315.82,2.00
443700.00,3921500.00,20.76914,316.08,316.08,2.00
443700.00,3921550.00,19.66961,316.63,316.63,2.00
443700.00,3921600.00,18.4152,317.01,317.01,2.00
443700.00,3921650.00,18.27667,317.44,317.44,2.00
443700.00,3921700.00,18.05784,318.69,318.69,2.00
443700.00,3921750.00,17.68268,319.74,319.74,2.00
443700.00,3921800.00,19.07545,320.12,320.12,2.00
443700.00,3921850.00,28.52391,320.49,320.49,2.00
443700.00,3921900.00,24.49788,320.84,320.84,2.00
443700.00,3921950.00,24.10694,321.29,321.29,2.00
443700.00,3922000.00,27.33175,321.83,321.83,2.00
443700.00,3922050.00,30.07221,321.54,321.54,2.00
443700.00,3922100.00,31.91002,320.87,320.87,2.00
443700.00,3922150.00,32.41188,321.95,321.95,2.00
443700.00,3922200.00,34.88915,323.37,323.37,2.00
443700.00,3922250.00,35.95162,323.51,323.51,2.00
443700.00,3922300.00,34.72559,323.63,323.63,2.00
442700.00,3922400.00,6.49357,322.09,322.09,2.00
442700.00,3922500.00,6.65137,322.85,322.85,2.00
442700.00,3922600.00,6.72345,322.24,322.24,2.00
442700.00,3922700.00,6.78011,322.80,322.80,2.00
442700.00,3922800.00,6.68253,323.42,323.42,2.00
442700.00,3922900.00,6.59553,324.66,324.66,2.00
442700.00,3923000.00,6.68841,324.73,324.73,2.00
442700.00,3923100.00,6.85538,324.51,324.51,2.00
442700.00,3923200.00,6.82499,325.13,325.13,2.00
442700.00,3923300.00,7.20646,324.39,324.39,2.00
442800.00,3922400.00,7.74133,320.77,320.77,2.00
442800.00,3922500.00,6.91337,322.37,322.37,2.00
442800.00,3922600.00,6.86078,323.17,323.17,2.00
442800.00,3922700.00,6.76696,324.33,324.33,2.00
442800.00,3922800.00,6.81499,324.37,324.37,2.00
442800.00,3922900.00,6.70921,325.66,325.66,2.00
442800.00,3923000.00,6.74038,326.21,326.21,2.00
442800.00,3923100.00,7.03551,326.12,326.12,2.00
442800.00,3923200.00,6.98478,326.47,326.47,2.00
442800.00,3923300.00,7.1218,327.97,327.97,2.00
442900.00,3922400.00,8.21686,321.10,321.10,2.00
442900.00,3922500.00,7.53019,322.19,322.19,2.00
442900.00,3922600.00,7.49867,323.00,323.00,2.00
442900.00,3922700.00,7.26062,324.05,324.05,2.00
442900.00,3922800.00,6.89263,326.40,326.40,2.00
442900.00,3922900.00,7.44647,325.98,325.98,2.00
442900.00,3923000.00,7.90994,325.61,325.61,2.00
442900.00,3923100.00,7.52275,326.65,326.65,2.00
442900.00,3923200.00,7.22426,327.71,327.71,2.00
442900.00,3923300.00,7.63941,328.04,328.04,2.00
443000.00,3922400.00,8.80385,321.52,321.52,2.00
443000.00,3922500.00,8.28994,323.00,323.00,2.00
443000.00,3922600.00,8.41187,323.27,323.27,2.00
443000.00,3922700.00,8.13126,324.47,324.47,2.00
443000.00,3922800.00,8.28401,325.31,325.31,2.00
443000.00,3922900.00,8.57632,325.82,325.82,2.00
443000.00,3923000.00,8.5637,326.89,326.89,2.00
443000.00,3923100.00,8.38201,327.18,327.18,2.00
443000.00,3923200.00,8.7099,327.23,327.23,2.00
443000.00,3923300.00,8.1797,328.96,328.96,2.00
443100.00,3922400.00,9.18476,322.63,322.63,2.00
443100.00,3922500.00,9.2284,322.47,322.47,2.00
443100.00,3922600.00,9.61764,323.46,323.46,2.00
443100.00,3922700.00,9.31982,325.13,325.13,2.00
443100.00,3922800.00,9.82521,326.00,326.00,2.00
443100.00,3922900.00,9.73548,326.53,326.53,2.00
443100.00,3923000.00,8.81605,328.35,328.35,2.00
443100.00,3923100.00,8.59638,329.34,329.34,2.00
443100.00,3923200.00,10.8271,327.40,327.40,2.00
443100.00,3923300.00,10.51344,328.53,328.53,2.00
443200.00,3922400.00,11.91356,324.10,324.10,2.00
443200.00,3922500.00,10.26177,324.73,324.73,2.00
443200.00,3922600.00,10.78856,323.99,323.99,2.00
443200.00,3922700.00,11.07439,324.41,324.41,2.00
443200.00,3922800.00,12.65803,325.48,325.48,2.00
443200.00,3922900.00,12.66069,326.03,326.03,2.00
443200.00,3923000.00,12.34576,326.76,326.76,2.00
443200.00,3923100.00,13.38059,327.17,327.17,2.00
443200.00,3923200.00,15.03982,326.97,326.97,2.00
443200.00,3923300.00,22.63711,326.29,326.29,2.00
443300.00,3922400.00,14.04111,323.82,323.82,2.00
443300.00,3922500.00,14.10167,324.62,324.62,2.00
443300.00,3922600.00,13.45685,324.58,324.58,2.00
443300.00,3922700.00,15.97764,325.18,325.18,2.00
443300.00,3922800.00,17.42879,325.46,325.46,2.00
443300.00,3922900.00,18.4939,326.29,326.29,2.00
443300.00,3923000.00,20.09134,326.66,326.66,2.00
443300.00,3923100.00,18.77057,328.16,328.16,2.00
443300.00,3923200.00,31.4443,328.16,328.16,2.00
443300.00,3923300.00,22.69006,328.61,328.61,2.00
443400.00,3922400.00,23.56574,323.77,323.77,2.00
443400.00,3922500.00,29.91237,324.70,324.70,2.00
443400.00,3922600.00,31.69201,325.30,325.30,2.00
443400.00,3922700.00,29.54737,325.85,325.85,2.00
443400.00,3922800.00,27.23205,326.06,326.06,2.00
443400.00,3922900.00,21.62961,327.36,327.36,2.00
443400.00,3923000.00,15.01882,328.20,328.20,2.00
443400.00,3923100.00,12.35568,328.90,328.90,2.00
443400.00,3923200.00,10.78955,329.57,329.57,2.00
443400.00,3923300.00,13.06674,330.83,330.83,2.00
443500.00,3922400.00,20.62306,324.14,324.14,2.00
443500.00,3922500.00,20.46791,325.21,325.21,2.00
443500.00,3922600.00,19.20258,325.96,325.96,2.00
443500.00,3922700.00,20.20175,325.64,325.64,2.00
443500.00,3922800.00,20.5261,325.12,325.12,2.00
443500.00,3922900.00,14.53077,327.74,327.74,2.00
443500.00,3923000.00,10.41481,329.36,329.36,2.00
443500.00,3923100.00,8.62182,330.39,330.39,2.00
443500.00,3923200.00,8.15526,330.98,330.98,2.00
443500.00,3923300.00,15.02781,331.00,331.00,2.00
443600.00,3922400.00,30.61746,325.58,325.58,2.00
443600.00,3922500.00,19.52994,326.44,326.44,2.00
443600.00,3922600.00,16.25677,327.00,327.00,2.00
443600.00,3922700.00,18.00032,326.80,326.80,2.00
443600.00,3922800.00,19.29383,326.48,326.48,2.00
443600.00,3922900.00,19.43653,325.94,325.94,2.00
443600.00,3923000.00,16.79259,327.12,327.12,2.00
443600.00,3923100.00,11.12511,329.29,329.29,2.00
443600.00,3923200.00,7.38602,331.57,331.57,2.00
443600.00,3923300.00,13.89747,331.11,331.11,2.00
443700.00,3922400.00,42.57144,324.38,324.38,2.00
443700.00,3922500.00,50.58528,326.55,326.55,2.00
443700.00,3922600.00,30.35902,327.19,327.19,2.00
443700.00,3922700.00,23.18896,327.74,327.74,2.00
443700.00,3922800.00,20.33125,328.00,328.00,2.00
443700.00,3922900.00,20.50424,327.30,327.30,2.00
443700.00,3923000.00,21.22751,327.91,327.91,2.00
443700.00,3923100.00,15.86677,330.45,330.45,2.00
443700.00,3923200.00,14.72154,330.97,330.97,2.00
443700.00,3923300.00,14.40115,331.00,331.00,2.00
443800.00,3922400.00,24.41309,324.33,324.33,2.00
443800.00,3922500.00,34.76416,326.47,326.47,2.00
443800.00,3922600.00,27.9403,327.93,327.93,2.00
443800.00,3922700.00,25.25453,328.37,328.37,2.00
443800.00,3922800.00,25.77116,328.45,328.45,2.00
443800.00,3922900.00,24.05928,328.57,328.57,2.00
443800.00,3923000.00,27.60432,329.00,329.00,2.00
443800.00,3923100.00,19.34536,331.95,331.95,2.00
443800.00,3923200.00,12.8947,333.34,333.34,2.00
443800.00,3923300.00,22.00937,331.24,331.24,2.00
443900.00,3922400.00,15.52907,322.13,322.13,2.00
443900.00,3922500.00,16.94188,324.03,324.03,2.00
443900.00,3922600.00,14.58085,327.52,327.52,2.00
443900.00,3922700.00,12.78609,327.42,327.42,2.00
443900.00,3922800.00,11.28713,328.10,328.10,2.00
443900.00,3922900.00,11.87289,328.78,328.78,2.00
443900.00,3923000.00,16.68422,329.73,329.73,2.00
443900.00,3923100.00,18.80012,330.61,330.61,2.00
443900.00,3923200.00,21.21363,331.65,331.65,2.00
443900.00,3923300.00,15.47908,332.28,332.28,2.00
444000.00,3922400.00,13.1074,323.22,323.22,2.00
444000.00,3922500.00,10.73054,324.52,324.52,2.00
444000.00,3922600.00,11.32696,326.63,326.63,2.00
444000.00,3922700.00,13.62496,326.35,326.35,2.00
444000.00,3922800.00,10.77161,327.45,327.45,2.00
444000.00,3922900.00,8.77976,328.85,328.85,2.00
444000.00,3923000.00,9.31263,330.17,330.17,2.00
444000.00,3923100.00,10.81017,330.13,330.13,2.00
444000.00,3923200.00,15.81502,330.83,330.83,2.00
444000.00,3923300.00,12.70675,333.30,333.30,2.00
444100.00,3922400.00,10.96661,324.18,324.18,2.00
444100.00,3922500.00,10.37866,325.07,325.07,2.00
444100.00,3922600.00,9.68358,324.87,324.87,2.00
444100.00,3922700.00,10.26594,326.05,326.05,2.00
444100.00,3922800.00,9.01502,328.19,328.19,2.00
444100.00,3922900.00,9.84731,328.03,328.03,2.00
444100.00,3923000.00,8.29199,330.08,330.08,2.00
444100.00,3923100.00,8.4348,331.49,331.49,2.00
444100.00,3923200.00,11.81195,330.42,330.42,2.00
444100.00,3923300.00,9.98021,331.29,331.29,2.00
444200.00,3922400.00,10.43466,324.38,324.38,2.00
444200.00,3922500.00,9.64283,325.73,325.73,2.00
444200.00,3922600.00,9.39376,325.71,325.71,2.00
444200.00,3922700.00,7.7354,327.87,327.87,2.00
444200.00,3922800.00,7.37017,329.34,329.34,2.00
444200.00,3922900.00,7.05123,330.47,330.47,2.00
444200.00,3923000.00,8.09633,330.21,330.21,2.00
444200.00,3923100.00,8.63777,330.61,330.61,2.00
444200.00,3923200.00,8.59913,330.37,330.37,2.00
444200.00,3923300.00,9.20541,330.82,330.82,2.00
444300.00,3922400.00,11.39279,324.29,324.29,2.00
444300.00,3922500.00,10.07004,324.76,324.76,2.00
444300.00,3922600.00,10.2915,323.85,323.85,2.00
444300.00,3922700.00,9.22761,326.15,326.15,2.00
444300.00,3922800.00,8.96828,327.01,327.01,2.00
444300.00,3922900.00,7.03971,329.14,329.14,2.00
444300.00,3923000.00,7.23166,330.13,330.13,2.00
444300.00,3923100.00,8.71975,330.35,330.35,2.00
444300.00,3923200.00,8.69507,330.59,330.59,2.00
444300.00,3923300.00,7.18425,329.62,329.62,2.00
444400.00,3922400.00,9.09874,324.03,324.03,2.00
444400.00,3922500.00,10.9521,323.98,323.98,2.00
444400.00,3922600.00,10.52125,323.99,323.99,2.00
444400.00,3922700.00,9.30771,324.90,324.90,2.00
444400.00,3922800.00,8.28347,325.53,325.53,2.00
444400.00,3922900.00,8.61957,327.46,327.46,2.00
444400.00,3923000.00,6.51203,329.09,329.09,2.00
444400.00,3923100.00,9.35275,329.41,329.41,2.00
444400.00,3923200.00,7.78297,329.06,329.06,2.00
444400.00,3923300.00,8.13304,329.00,329.00,2.00
444500.00,3922400.00,17.72341,319.14,319.14,2.00
444500.00,3922500.00,13.94694,321.46,321.46,2.00
444500.00,3922600.00,9.5301,324.33,324.33,2.00
444500.00,3922700.00,10.06892,324.10,324.10,2.00
444500.00,3922800.00,10.26983,323.03,323.03,2.00
444500.00,3922900.00,9.30008,323.77,323.77,2.00
444500.00,3923000.00,8.56199,324.94,324.94,2.00
444500.00,3923100.00,8.76016,329.73,329.73,2.00
444500.00,3923200.00,7.74851,330.51,330.51,2.00
444500.00,3923300.00,6.26696,329.17,329.17,2.00
444600.00,3922400.00,22.33647,318.56,318.56,2.00
444600.00,3922500.00,20.24101,317.46,317.46,2.00
444600.00,3922600.00,15.81002,319.69,319.69,2.00
444600.00,3922700.00,11.09141,322.16,322.16,2.00
444600.00,3922800.00,9.30737,324.57,324.57,2.00
444600.00,3922900.00,7.12896,328.11,328.11,2.00
444600.00,3923000.00,6.61059,326.97,326.97,2.00
444600.00,3923100.00,6.69451,329.26,329.26,2.00
444600.00,3923200.00,5.60493,333.51,333.51,2.00
444600.00,3923300.00,6.05797,330.99,330.99,2.00
444700.00,3922400.00,14.80327,320.06,320.06,2.00
444700.00,3922500.00,14.47569,320.48,320.48,2.00
444700.00,3922600.00,12.16952,321.93,321.93,2.00
444700.00,3922700.00,9.49549,325.25,325.25,2.00
444700.00,3922800.00,7.5463,327.04,327.04,2.00
444700.00,3922900.00,6.50549,328.47,328.47,2.00
444700.00,3923000.00,6.76798,327.53,327.53,2.00
444700.00,3923100.00,5.74865,327.94,327.94,2.00
444700.00,3923200.00,6.69594,331.99,331.99,2.00
444700.00,3923300.00,4.6193,332.73,332.73,2.00
443800.00,3922300.00,23.09235,324.00,324.00,2.00
443800.00,3922200.00,22.98841,320.19,320.19,2.00
443800.00,3922100.00,20.53799,320.95,320.95,2.00
443800.00,3922000.00,20.84431,320.88,320.88,2.00
443800.00,3921900.00,29.63855,319.79,319.79,2.00
443800.00,3921800.00,17.09972,319.03,319.03,2.00
443800.00,3921700.00,16.05909,318.19,318.19,2.00
443800.00,3921600.00,15.17001,316.02,316.02,2.00
443800.00,3921500.00,14.33137,315.00,315.00,2.00
443800.00,3921400.00,13.46333,316.97,316.97,2.00
443800.00,3921300.00,13.53783,317.26,317.26,2.00
443800.00,3921200.00,16.08013,317.79,317.79,2.00
443800.00,3921100.00,17.94235,316.21,316.21,2.00
443800.00,3921000.00,18.61942,315.05,315.05,2.00
443800.00,3920900.00,18.69391,314.05,314.05,2.00
443800.00,3920800.00,18.73867,314.24,314.24,2.00
443800.00,3920700.00,17.93668,314.74,314.74,2.00
443800.00,3920600.00,19.35335,313.55,313.55,2.00
443800.00,3920500.00,19.89556,312.48,312.48,2.00
443800.00,3920400.00,19.30039,311.04,311.04,2.00
443800.00,3920300.00,17.57112,309.54,309.54,2.00
443900.00,3922300.00,15.16841,322.45,322.45,2.00
443900.00,3922200.00,18.44485,320.76,320.76,2.00
443900.00,3922100.00,22.23437,319.34,319.34,2.00
443900.00,3922000.00,32.22685,317.63,317.63,2.00
443900.00,3921900.00,18.79786,320.49,320.49,2.00
443900.00,3921800.00,13.65898,319.65,319.65,2.00
443900.00,3921700.00,13.36964,318.54,318.54,2.00
443900.00,3921600.00,13.00745,318.43,318.43,2.00
443900.00,3921500.00,13.45693,317.76,317.76,2.00
443900.00,3921400.00,13.01519,317.02,317.02,2.00
443900.00,3921300.00,12.40506,316.67,316.67,2.00
443900.00,3921200.00,12.03152,316.12,316.12,2.00
443900.00,3921100.00,11.74932,316.90,316.90,2.00
443900.00,3921000.00,11.21672,316.02,316.02,2.00
443900.00,3920900.00,12.30212,315.40,315.40,2.00
443900.00,3920800.00,14.21185,315.86,315.86,2.00
443900.00,3920700.00,15.58826,314.42,314.42,2.00
443900.00,3920600.00,16.10351,311.73,311.73,2.00
443900.00,3920500.00,15.89139,310.51,310.51,2.00
443900.00,3920400.00,15.92631,310.81,310.81,2.00
443900.00,3920300.00,15.57919,310.26,310.26,2.00
444000.00,3922300.00,12.81947,322.89,322.89,2.00
444000.00,3922200.00,19.82083,319.47,319.47,2.00
444000.00,3922100.00,22.21112,320.00,320.00,2.00
444000.00,3922000.00,20.9285,322.23,322.23,2.00
444000.00,3921900.00,14.16251,321.16,321.16,2.00
444000.00,3921800.00,11.3739,319.76,319.76,2.00
444000.00,3921700.00,10.93048,319.42,319.42,2.00
444000.00,3921600.00,10.30164,320.52,320.52,2.00
444000.00,3921500.00,10.3077,319.44,319.44,2.00
444000.00,3921400.00,10.0468,317.49,317.49,2.00
444000.00,3921300.00,11.72056,316.65,316.65,2.00
444000.00,3921200.00,12.23297,316.13,316.13,2.00
444000.00,3921100.00,11.80996,316.29,316.29,2.00
444000.00,3921000.00,11.34982,316.01,316.01,2.00
444000.00,3920900.00,10.90089,315.31,315.31,2.00
444000.00,3920800.00,10.4235,315.17,315.17,2.00
444000.00,3920700.00,10.1693,314.02,314.02,2.00
444000.00,3920600.00,9.51514,312.02,312.02,2.00
444000.00,3920500.00,11.15135,310.21,310.21,2.00
444000.00,3920400.00,12.63796,310.87,310.87,2.00
444000.00,3920300.00,13.66506,311.13,311.13,2.00
444100.00,3922300.00,12.01625,323.81,323.81,2.00
444100.00,3922200.00,17.21475,320.86,320.86,2.00
444100.00,3922100.00,18.34451,321.81,321.81,2.00
444100.00,3922000.00,14.20359,322.78,322.78,2.00
444100.00,3921900.00,10.21618,320.98,320.98,2.00
444100.00,3921800.00,10.41666,320.32,320.32,2.00
444100.00,3921700.00,10.44969,319.01,319.01,2.00
444100.00,3921600.00,10.27482,319.52,319.52,2.00
444100.00,3921500.00,9.07328,319.98,319.98,2.00
444100.00,3921400.00,9.83273,317.47,317.47,2.00
444100.00,3921300.00,10.91899,316.02,316.02,2.00
444100.00,3921200.00,9.0232,316.79,316.79,2.00
444100.00,3921100.00,9.58325,316.99,316.99,2.00
444100.00,3921000.00,11.01677,315.07,315.07,2.00
444100.00,3920900.00,11.1769,313.98,313.98,2.00
444100.00,3920800.00,10.81318,313.70,313.70,2.00
444100.00,3920700.00,10.36458,311.93,311.93,2.00
444100.00,3920600.00,9.87152,311.34,311.34,2.00
444100.00,3920500.00,9.50656,310.32,310.32,2.00
444100.00,3920400.00,9.14539,310.90,310.90,2.00
444100.00,3920300.00,8.36528,310.38,310.38,2.00
444200.00,3922300.00,11.71675,324.00,324.00,2.00
444200.00,3922200.00,15.91816,322.49,322.49,2.00
444200.00,3922100.00,16.38949,323.45,323.45,2.00
444200.00,3922000.00,11.67192,323.07,323.07,2.00
444200.00,3921900.00,8.82793,321.84,321.84,2.00
444200.00,3921800.00,8.27458,321.56,321.56,2.00
444200.00,3921700.00,8.39554,322.06,322.06,2.00
444200.00,3921600.00,8.12213,320.59,320.59,2.00
444200.00,3921500.00,8.33156,319.91,319.91,2.00
444200.00,3921400.00,9.35922,318.00,318.00,2.00
444200.00,3921300.00,8.5349,317.38,317.38,2.00
444200.00,3921200.00,9.3833,316.66,316.66,2.00
444200.00,3921100.00,9.89897,314.94,314.94,2.00
444200.00,3921000.00,8.44743,311.84,311.84,2.00
444200.00,3920900.00,8.3929,310.65,310.65,2.00
444200.00,3920800.00,9.45477,309.90,309.90,2.00
444200.00,3920700.00,10.26656,309.28,309.28,2.00
444200.00,3920600.00,10.2513,308.90,308.90,2.00
444200.00,3920500.00,9.90635,308.77,308.77,2.00
444200.00,3920400.00,9.45146,309.00,309.00,2.00
444200.00,3920300.00,9.00508,308.60,308.60,2.00
444300.00,3922300.00,10.40308,323.52,323.52,2.00
444300.00,3922200.00,13.82743,323.45,323.45,2.00
444300.00,3922100.00,12.78671,323.87,323.87,2.00
444300.00,3922000.00,8.46938,323.25,323.25,2.00
444300.00,3921900.00,8.17454,322.00,322.00,2.00
444300.00,3921800.00,7.67875,321.95,321.95,2.00
444300.00,3921700.00,7.74368,321.07,321.07,2.00
444300.00,3921600.00,9.10865,319.62,319.62,2.00
444300.00,3921500.00,8.95241,319.18,319.18,2.00
444300.00,3921400.00,9.68317,317.23,317.23,2.00
444300.00,3921300.00,9.70551,315.00,315.00,2.00
444300.00,3921200.00,9.22262,313.90,313.90,2.00
444300.00,3921100.00,8.33986,311.12,311.12,2.00
444300.00,3921000.00,7.84521,309.09,309.09,2.00
444300.00,3920900.00,7.71936,308.65,308.65,2.00
444300.00,3920800.00,7.64762,308.81,308.81,2.00
444300.00,3920700.00,7.46504,309.54,309.54,2.00
444300.00,3920600.00,7.81785,308.12,308.12,2.00
444300.00,3920500.00,9.10455,309.98,309.98,2.00
444300.00,3920400.00,9.56086,310.78,310.78,2.00
444300.00,3920300.00,9.45232,309.72,309.72,2.00
444400.00,3922300.00,15.76501,322.37,322.37,2.00
444400.00,3922200.00,18.71731,321.30,321.30,2.00
444400.00,3922100.00,12.44785,322.05,322.05,2.00
444400.00,3922000.00,8.19678,320.55,320.55,2.00
444400.00,3921900.00,7.56789,321.82,321.82,2.00
444400.00,3921800.00,8.90242,320.55,320.55,2.00
444400.00,3921700.00,9.68699,317.44,317.44,2.00
444400.00,3921600.00,9.74471,314.42,314.42,2.00
444400.00,3921500.00,9.16167,314.87,314.87,2.00
444400.00,3921400.00,9.41083,315.10,315.10,2.00
444400.00,3921300.00,9.22189,314.92,314.92,2.00
444400.00,3921200.00,8.78609,313.42,313.42,2.00
444400.00,3921100.00,8.0238,312.06,312.06,2.00
444400.00,3921000.00,7.64173,310.08,310.08,2.00
444400.00,3920900.00,7.67373,310.92,310.92,2.00
444400.00,3920800.00,7.51039,309.98,309.98,2.00
444400.00,3920700.00,7.30665,310.18,310.18,2.00
444400.00,3920600.00,7.21443,311.26,311.26,2.00
444400.00,3920500.00,7.01058,312.35,312.35,2.00
444400.00,3920400.00,6.82237,313.42,313.42,2.00
444400.00,3920300.00,7.80463,312.95,312.95,2.00
444500.00,3922300.00,20.68699,317.55,317.55,2.00
444500.00,3922200.00,30.81649,316.25,316.25,2.00
444500.00,3922100.00,16.11186,317.22,317.22,2.00
444500.00,3922000.00,10.48304,317.65,317.65,2.00
444500.00,3921900.00,9.61324,316.73,316.73,2.00
444500.00,3921800.00,10.78577,316.89,316.89,2.00
444500.00,3921700.00,10.10438,314.74,314.74,2.00
444500.00,3921600.00,9.43517,313.42,313.42,2.00
444500.00,3921500.00,8.61208,314.40,314.40,2.00
444500.00,3921400.00,8.99084,315.35,315.35,2.00
444500.00,3921300.00,8.76675,315.74,315.74,2.00
444500.00,3921200.00,9.0474,315.94,315.94,2.00
444500.00,3921100.00,7.39937,317.09,317.09,2.00
444500.00,3921000.00,8.66126,314.75,314.75,2.00
444500.00,3920900.00,8.01529,314.61,314.61,2.00
444500.00,3920800.00,7.22116,315.10,315.10,2.00
444500.00,3920700.00,7.48532,313.26,313.26,2.00
444500.00,3920600.00,7.04565,312.74,312.74,2.00
444500.00,3920500.00,6.93124,311.89,311.89,2.00
444500.00,3920400.00,7.22746,311.80,311.80,2.00
444500.00,3920300.00,7.48882,311.45,311.45,2.00
444600.00,3922300.00,17.83217,319.44,319.44,2.00
444600.00,3922200.00,18.95355,318.10,318.10,2.00
444600.00,3922100.00,9.61198,317.99,317.99,2.00
444600.00,3922000.00,10.4236,317.31,317.31,2.00
444600.00,3921900.00,9.77295,315.64,315.64,2.00
444600.00,3921800.00,10.62197,316.24,316.24,2.00
444600.00,3921700.00,9.22988,316.23,316.23,2.00
444600.00,3921600.00,8.77016,315.05,315.05,2.00
444600.00,3921500.00,8.77258,315.16,315.16,2.00
444600.00,3921400.00,8.51462,315.99,315.99,2.00
444600.00,3921300.00,8.43707,316.57,316.57,2.00
444600.00,3921200.00,8.2164,316.64,316.64,2.00
444600.00,3921100.00,7.29348,317.28,317.28,2.00
444600.00,3921000.00,7.48647,316.10,316.10,2.00
444600.00,3920900.00,7.02325,316.00,316.00,2.00
444600.00,3920800.00,6.58173,315.81,315.81,2.00
444600.00,3920700.00,7.33213,313.94,313.94,2.00
444600.00,3920600.00,6.79616,313.38,313.38,2.00
444600.00,3920500.00,6.82384,312.53,312.53,2.00
444600.00,3920400.00,6.88459,311.90,311.90,2.00
444600.00,3920300.00,7.45589,310.49,310.49,2.00
444700.00,3922300.00,17.68386,320.71,320.71,2.00
444700.00,3922200.00,11.02997,322.24,322.24,2.00
444700.00,3922100.00,7.89909,319.70,319.70,2.00
444700.00,3922000.00,7.59286,320.52,320.52,2.00
444700.00,3921900.00,8.05376,320.15,320.15,2.00
444700.00,3921800.00,8.05743,319.40,319.40,2.00
444700.00,3921700.00,7.59906,317.82,317.82,2.00
444700.00,3921600.00,8.00191,316.64,316.64,2.00
444700.00,3921500.00,7.56297,318.24,318.24,2.00
444700.00,3921400.00,7.58201,317.73,317.73,2.00
444700.00,3921300.00,7.08761,318.91,318.91,2.00
444700.00,3921200.00,7.65431,316.99,316.99,2.00
444700.00,3921100.00,7.61608,316.85,316.85,2.00
444700.00,3921000.00,7.89445,315.22,315.22,2.00
444700.00,3920900.00,7.55887,313.19,313.19,2.00
444700.00,3920800.00,7.37679,314.02,314.02,2.00
444700.00,3920700.00,7.20722,312.88,312.88,2.00
444700.00,3920600.00,6.60783,312.55,312.55,2.00
444700.00,3920500.00,6.26671,313.32,313.32,2.00
444700.00,3920400.00,6.72425,311.20,311.20,2.00
444700.00,3920300.00,7.10995,310.01,310.01,2.00
443700.00,3921200.00,22.17724,314.92,314.92,2.00
443700.00,3921100.00,23.8299,314.33,314.33,2.00
443700.00,3921000.00,24.47994,315.70,315.70,2.00
443700.00,3920900.00,23.3929,315.79,315.79,2.00
443700.00,3920800.00,22.80654,313.07,313.07,2.00
443700.00,3920700.00,23.57702,312.71,312.71,2.00
443700.00,3920600.00,22.87257,313.57,313.57,2.00
443700.00,3920500.00,22.88697,312.95,312.95,2.00
443700.00,3920400.00,22.40028,312.36,312.36,2.00
443700.00,3920300.00,21.0091,311.87,311.87,2.00
443600.00,3921200.00,31.79336,314.96,314.96,2.00
443600.00,3921100.00,30.6296,314.97,314.97,2.00
443600.00,3921000.00,27.41585,314.39,314.39,2.00
443600.00,3920900.00,27.75662,314.09,314.09,2.00
443600.00,3920800.00,27.70732,312.49,312.49,2.00
443600.00,3920700.00,26.70501,311.24,311.24,2.00
443600.00,3920600.00,25.08982,311.95,311.95,2.00
443600.00,3920500.00,24.63869,311.28,311.28,2.00
443600.00,3920400.00,23.92559,310.32,310.32,2.00
443600.00,3920300.00,22.92422,310.05,310.05,2.00
443500.00,3921200.00,35.49768,316.61,316.61,2.00
443500.00,3921100.00,33.71169,316.01,316.01,2.00
443500.00,3921000.00,31.15535,314.92,314.92,2.00
443500.00,3920900.00,29.08024,312.16,312.16,2.00
443500.00,3920800.00,27.68178,312.89,312.89,2.00
443500.00,3920700.00,26.27651,312.16,312.16,2.00
443500.00,3920600.00,24.92842,312.56,312.56,2.00
443500.00,3920500.00,23.55298,311.47,311.47,2.00
443500.00,3920400.00,22.24593,308.58,308.58,2.00
443500.00,3920300.00,21.20508,305.83,305.83,2.00
443400.00,3921200.00,83.91977,316.55,316.55,2.00
443400.00,3921100.00,65.63374,316.74,316.74,2.00
443400.00,3921000.00,52.00505,315.98,315.98,2.00
443400.00,3920900.00,37.55372,314.22,314.22,2.00
443400.00,3920800.00,34.67622,313.82,313.82,2.00
443400.00,3920700.00,30.64302,312.68,312.68,2.00
443400.00,3920600.00,27.62834,311.93,311.93,2.00
443400.00,3920500.00,25.14457,310.62,310.62,2.00
443400.00,3920400.00,23.49893,307.90,307.90,2.00
443400.00,3920300.00,22.3809,306.81,306.81,2.00
443300.00,3921200.00,37.62282,314.54,314.54,2.00
443300.00,3921100.00,41.60278,314.25,314.25,2.00
443300.00,3921000.00,57.12074,315.44,315.44,2.00
443300.00,3920900.00,79.90707,315.86,315.86,2.00
443300.00,3920800.00,79.54849,313.36,313.36,2.00
443300.00,3920700.00,59.98128,312.47,312.47,2.00
443300.00,3920600.00,49.7386,311.50,311.50,2.00
443300.00,3920500.00,43.61524,311.41,311.41,2.00
443300.00,3920400.00,37.68194,309.49,309.49,2.00
443300.00,3920300.00,31.98756,309.02,309.02,2.00
443200.00,3921200.00,35.87453,314.21,314.21,2.00
443200.00,3921100.00,33.89053,315.62,315.62,2.00
443200.00,3921000.00,31.46865,315.88,315.88,2.00
443200.00,3920900.00,30.98994,315.08,315.08,2.00
443200.00,3920800.00,40.86158,313.88,313.88,2.00
443200.00,3920700.00,76.00825,313.33,313.33,2.00
443200.00,3920600.00,77.13577,311.91,311.91,2.00
443200.00,3920500.00,69.82484,311.88,311.88,2.00
443200.00,3920400.00,62.45414,311.62,311.62,2.00
443200.00,3920300.00,55.28519,311.62,311.62,2.00
443100.00,3921200.00,27.81594,315.13,315.13,2.00
443100.00,3921100.00,30.69681,315.08,315.08,2.00
443100.00,3921000.00,28.51681,315.51,315.51,2.00
443100.00,3920900.00,30.13077,313.86,313.86,2.00
443100.00,3920800.00,29.62781,312.64,312.64,2.00
443100.00,3920700.00,28.45071,312.31,312.31,2.00
443100.00,3920600.00,28.51204,312.55,312.55,2.00
443100.00,3920500.00,56.74301,310.76,310.76,2.00
443100.00,3920400.00,62.64871,311.32,311.32,2.00
443100.00,3920300.00,62.15442,311.22,311.22,2.00
443000.00,3921200.00,22.28149,315.13,315.13,2.00
443000.00,3921100.00,23.42143,313.18,313.18,2.00
443000.00,3921000.00,25.33163,312.92,312.92,2.00
443000.00,3920900.00,26.45794,312.69,312.69,2.00
443000.00,3920800.00,28.85566,310.35,310.35,2.00
443000.00,3920700.00,26.14825,307.84,307.84,2.00
443000.00,3920600.00,26.84227,308.40,308.40,2.00
443000.00,3920500.00,26.17192,309.78,309.78,2.00
443000.00,3920400.00,25.73026,310.55,310.55,2.00
443000.00,3920300.00,59.16542,311.20,311.20,2.00
442900.00,3921200.00,21.63918,314.24,314.24,2.00
442900.00,3921100.00,19.2896,312.32,312.32,2.00
442900.00,3921000.00,19.56377,308.62,308.62,2.00
442900.00,3920900.00,21.57656,310.25,310.25,2.00
442900.00,3920800.00,23.11661,310.11,310.11,2.00
442900.00,3920700.00,22.26984,309.44,309.44,2.00
442900.00,3920600.00,25.2536,307.39,307.39,2.00
442900.00,3920500.00,22.95317,309.19,309.19,2.00
442900.00,3920400.00,23.95905,310.62,310.62,2.00
442900.00,3920300.00,24.31156,312.00,312.00,2.00
442800.00,3921200.00,19.97251,315.89,315.89,2.00
442800.00,3921100.00,19.56632,314.25,314.25,2.00
442800.00,3921000.00,17.84144,309.99,309.99,2.00
442800.00,3920900.00,17.67766,310.13,310.13,2.00
442800.00,3920800.00,18.18014,311.05,311.05,2.00
442800.00,3920700.00,19.91661,306.75,306.75,2.00
442800.00,3920600.00,21.04281,307.12,307.12,2.00
442800.00,3920500.00,19.0469,309.24,309.24,2.00
442800.00,3920400.00,21.69208,309.87,309.87,2.00
442800.00,3920300.00,23.60856,309.87,309.87,2.00
442700.00,3921200.00,19.79365,315.95,315.95,2.00
442700.00,3921100.00,17.82647,315.02,315.02,2.00
442700.00,3921000.00,17.44657,311.43,311.43,2.00
442700.00,3920900.00,18.10587,310.00,310.00,2.00
442700.00,3920800.00,16.57535,309.95,309.95,2.00
442700.00,3920700.00,16.28672,309.01,309.01,2.00
442700.00,3920600.00,17.06443,307.18,307.18,2.00
442700.00,3920500.00,19.17552,308.18,308.18,2.00
442700.00,3920400.00,19.52543,309.00,309.00,2.00
442700.00,3920300.00,19.4788,308.43,308.43,2.00
442600.00,3921200.00,21.57072,314.23,314.23,2.00
442600.00,3921100.00,18.65902,314.17,314.17,2.00
442600.00,3921000.00,17.22317,314.53,314.53,2.00
442600.00,3920900.00,16.59758,312.67,312.67,2.00
442600.00,3920800.00,17.07289,312.29,312.29,2.00
442600.00,3920700.00,14.76543,309.72,309.72,2.00
442600.00,3920600.00,15.69738,308.50,308.50,2.00
442600.00,3920500.00,15.74293,309.67,309.67,2.00
442600.00,3920400.00,16.72576,308.48,308.48,2.00
442600.00,3920300.00,18.38139,307.17,307.17,2.00
442500.00,3921200.00,24.69888,312.85,312.85,2.00
442500.00,3921100.00,18.39681,312.53,312.53,2.00
442500.00,3921000.00,17.57743,313.64,313.64,2.00
442500.00,3920900.00,15.6582,312.68,312.68,2.00
442500.00,3920800.00,15.4017,310.91,310.91,2.00
442500.00,3920700.00,16.94859,307.97,307.97,2.00
442500.00,3920600.00,19.90732,308.36,308.36,2.00
442500.00,3920500.00,14.98393,310.32,310.32,2.00
442500.00,3920400.00,15.38457,309.28,309.28,2.00
442500.00,3920300.00,15.65354,306.38,306.38,2.00
442400.00,3921200.00,36.58374,313.41,313.41,2.00
442400.00,3921100.00,19.53966,310.97,310.97,2.00
442400.00,3921000.00,16.48393,311.96,311.96,2.00
442400.00,3920900.00,16.1057,311.21,311.21,2.00
442400.00,3920800.00,15.76989,309.65,309.65,2.00
442400.00,3920700.00,15.49845,310.00,310.00,2.00
442400.00,3920600.00,17.82584,309.59,309.59,2.00
442400.00,3920500.00,15.25848,309.00,309.00,2.00
442400.00,3920400.00,14.12762,308.52,308.52,2.00
442400.00,3920300.00,14.73513,309.37,309.37,2.00
442300.00,3921200.00,44.69183,313.16,313.16,2.00
442300.00,3921100.00,23.48548,311.19,311.19,2.00
442300.00,3921000.00,17.0701,310.32,310.32,2.00
442300.00,3920900.00,14.91231,309.22,309.22,2.00
442300.00,3920800.00,15.82641,308.28,308.28,2.00
442300.00,3920700.00,23.71584,308.97,308.97,2.00
442300.00,3920600.00,15.88409,310.22,310.22,2.00
442300.00,3920500.00,15.52294,310.13,310.13,2.00
442300.00,3920400.00,14.99695,308.59,308.59,2.00
442300.00,3920300.00,13.64599,309.23,309.23,2.00
442200.00,3921200.00,32.60413,313.18,313.18,2.00
442200.00,3921100.00,32.8592,312.00,312.00,2.00
442200.00,3921000.00,19.90383,311.82,311.82,2.00
442200.00,3920900.00,15.5012,309.88,309.88,2.00
442200.00,3920800.00,14.41791,308.80,308.80,2.00
442200.00,3920700.00,17.18762,308.88,308.88,2.00
442200.00,3920600.00,16.08145,309.04,309.04,2.00
442200.00,3920500.00,15.01445,308.46,308.46,2.00
442200.00,3920400.00,14.41867,307.87,307.87,2.00
442200.00,3920300.00,14.32321,308.55,308.55,2.00
442100.00,3921200.00,26.32887,314.41,314.41,2.00
442100.00,3921100.00,61.32583,311.54,311.54,2.00
442100.00,3921000.00,23.36411,311.02,311.02,2.00
442100.00,3920900.00,17.02582,309.57,309.57,2.00
442100.00,3920800.00,26.62253,307.11,307.11,2.00
442100.00,3920700.00,15.09013,307.96,307.96,2.00
442100.00,3920600.00,14.82659,309.08,309.08,2.00
442100.00,3920500.00,14.96918,307.57,307.57,2.00
442100.00,3920400.00,13.63097,306.00,306.00,2.00
442100.00,3920300.00,13.16526,306.93,306.93,2.00
442000.00,3921200.00,16.43836,311.01,311.01,2.00
442000.00,3921100.00,43.6591,309.52,309.52,2.00
442000.00,3921000.00,33.39464,311.49,311.49,2.00
442000.00,3920900.00,19.60805,311.16,311.16,2.00
442000.00,3920800.00,15.74341,310.58,310.58,2.00
442000.00,3920700.00,14.49775,309.78,309.78,2.00
442000.00,3920600.00,14.02762,308.25,308.25,2.00
442000.00,3920500.00,13.63202,307.36,307.36,2.00
442000.00,3920400.00,13.88265,307.42,307.42,2.00
442000.00,3920300.00,13.45422,307.81,307.81,2.00
441900.00,3921200.00,13.98191,308.53,308.53,2.00
441900.00,3921100.00,23.95774,307.33,307.33,2.00
441900.00,3921000.00,51.33158,311.87,311.87,2.00
441900.00,3920900.00,25.23341,312.59,312.59,2.00
441900.00,3920800.00,19.29251,311.05,311.05,2.00
441900.00,3920700.00,15.42995,309.28,309.28,2.00
441900.00,3920600.00,13.67971,308.60,308.60,2.00
441900.00,3920500.00,13.20321,306.44,306.44,2.00
441900.00,3920400.00,12.58943,307.18,307.18,2.00
441900.00,3920300.00,12.93276,307.30,307.30,2.00
441800.00,3921200.00,12.45661,311.52,311.52,2.00
441800.00,3921100.00,18.37146,309.44,309.44,2.00
441800.00,3921000.00,54.71321,310.14,310.14,2.00
441800.00,3920900.00,31.29022,309.69,309.69,2.00
441800.00,3920800.00,20.62116,309.43,309.43,2.00
441800.00,3920700.00,16.28693,307.31,307.31,2.00
441800.00,3920600.00,14.72339,306.09,306.09,2.00
441800.00,3920500.00,13.36992,305.47,305.47,2.00
441800.00,3920400.00,12.27857,306.01,306.01,2.00
441800.00,3920300.00,11.90979,306.90,306.90,2.00
441700.00,3921200.00,11.09655,310.29,310.29,2.00
441700.00,3921100.00,15.36127,310.13,310.13,2.00
441700.00,3921000.00,31.49181,312.62,312.62,2.00
441700.00,3920900.00,47.80319,311.62,311.62,2.00
441700.00,3920800.00,26.08782,310.12,310.12,2.00
441700.00,3920700.00,17.82101,307.09,307.09,2.00
441700.00,3920600.00,14.97299,304.81,304.81,2.00
441700.00,3920500.00,13.62024,305.51,305.51,2.00
441700.00,3920400.00,12.68637,305.46,305.46,2.00
441700.00,3920300.00,11.77239,305.57,305.57,2.00
442600.00,3921300.00,38.83221,313.90,313.90,2.00
442600.00,3921400.00,21.16259,316.30,316.30,2.00
442600.00,3921500.00,11.79158,317.08,317.08,2.00
442600.00,3921600.00,9.69799,317.00,317.00,2.00
442600.00,3921700.00,8.79744,317.06,317.06,2.00
442600.00,3921800.00,8.07079,317.04,317.04,2.00
442600.00,3921900.00,8.06994,317.00,317.00,2.00
442600.00,3922000.00,7.3795,317.82,317.82,2.00
442600.00,3922100.00,7.10869,318.85,318.85,2.00
442600.00,3922200.00,6.64965,320.83,320.83,2.00
442600.00,3922300.00,6.37034,322.06,322.06,2.00
442600.00,3922400.00,6.50334,322.95,322.95,2.00
442600.00,3922500.00,6.33845,322.36,322.36,2.00
442600.00,3922600.00,7.03189,319.32,319.32,2.00
442600.00,3922700.00,7.07461,321.02,321.02,2.00
442600.00,3922800.00,6.66203,322.20,322.20,2.00
442600.00,3922900.00,7.83168,320.06,320.06,2.00
442600.00,3923000.00,7.67242,320.72,320.72,2.00
442600.00,3923100.00,6.91585,323.32,323.32,2.00
442600.00,3923200.00,6.59439,324.73,324.73,2.00
442600.00,3923300.00,6.45104,325.79,325.79,2.00
442500.00,3921300.00,45.54583,312.15,312.15,2.00
442500.00,3921400.00,16.96721,316.00,316.00,2.00
442500.00,3921500.00,11.96615,315.73,315.73,2.00
442500.00,3921600.00,10.10606,315.20,315.20,2.00
442500.00,3921700.00,8.99336,315.60,315.60,2.00
442500.00,3921800.00,7.9397,316.58,316.58,2.00
442500.00,3921900.00,7.32813,317.51,317.51,2.00
442500.00,3922000.00,7.22877,317.19,317.19,2.00
442500.00,3922100.00,7.17835,316.77,316.77,2.00
442500.00,3922200.00,6.52508,318.34,318.34,2.00
442500.00,3922300.00,6.57896,319.22,319.22,2.00
442500.00,3922400.00,6.03859,321.75,321.75,2.00
442500.00,3922500.00,6.07779,321.91,321.91,2.00
442500.00,3922600.00,6.4284,321.46,321.46,2.00
442500.00,3922700.00,6.82701,321.17,321.17,2.00
442500.00,3922800.00,6.61271,320.83,320.83,2.00
442500.00,3922900.00,6.39642,322.44,322.44,2.00
442500.00,3923000.00,6.45952,323.16,323.16,2.00
442500.00,3923100.00,6.51605,323.45,323.45,2.00
442500.00,3923200.00,6.51497,323.66,323.66,2.00
442500.00,3923300.00,6.42761,324.47,324.47,2.00
442400.00,3921300.00,27.36436,313.00,313.00,2.00
442400.00,3921400.00,15.00155,315.49,315.49,2.00
442400.00,3921500.00,11.09007,315.48,315.48,2.00
442400.00,3921600.00,9.38014,315.91,315.91,2.00
442400.00,3921700.00,8.15295,316.53,316.53,2.00
442400.00,3921800.00,7.53598,316.81,316.81,2.00
442400.00,3921900.00,7.40347,317.00,317.00,2.00
442400.00,3922000.00,6.92926,317.41,317.41,2.00
442400.00,3922100.00,6.55068,318.74,318.74,2.00
442400.00,3922200.00,6.34253,318.34,318.34,2.00
442400.00,3922300.00,6.60301,316.44,316.44,2.00
442400.00,3922400.00,6.41989,319.92,319.92,2.00
442400.00,3922500.00,6.24822,321.19,321.19,2.00
442400.00,3922600.00,6.50511,320.27,320.27,2.00
442400.00,3922700.00,6.68891,320.71,320.71,2.00
442400.00,3922800.00,6.68692,321.03,321.03,2.00
442400.00,3922900.00,5.99336,323.48,323.48,2.00
442400.00,3923000.00,6.48396,321.60,321.60,2.00
442400.00,3923100.00,7.03706,320.11,320.11,2.00
442400.00,3923200.00,6.36118,321.78,321.78,2.00
442400.00,3923300.00,6.29633,323.14,323.14,2.00
442300.00,3921300.00,19.57433,312.78,312.78,2.00
442300.00,3921400.00,13.31706,313.31,313.31,2.00
442300.00,3921500.00,10.64753,315.57,315.57,2.00
442300.00,3921600.00,8.98757,315.12,315.12,2.00
442300.00,3921700.00,8.32917,315.29,315.29,2.00
442300.00,3921800.00,7.6733,315.27,315.27,2.00
442300.00,3921900.00,7.19842,315.82,315.82,2.00
442300.00,3922000.00,7.08835,316.21,316.21,2.00
442300.00,3922100.00,6.37769,317.76,317.76,2.00
442300.00,3922200.00,6.03828,317.92,317.92,2.00
442300.00,3922300.00,6.4049,316.93,316.93,2.00
442300.00,3922400.00,5.97977,317.93,317.93,2.00
442300.00,3922500.00,6.3943,316.11,316.11,2.00
442300.00,3922600.00,6.02145,319.37,319.37,2.00
442300.00,3922700.00,5.92409,317.45,317.45,2.00
442300.00,3922800.00,6.37991,319.60,319.60,2.00
442300.00,3922900.00,6.33567,321.17,321.17,2.00
442300.00,3923000.00,5.98199,320.58,320.58,2.00
442300.00,3923100.00,6.82936,320.35,320.35,2.00
442300.00,3923200.00,6.41334,321.43,321.43,2.00
442300.00,3923300.00,6.03495,322.01,322.01,2.00
442200.00,3921300.00,15.42472,312.02,312.02,2.00
442200.00,3921400.00,11.75411,312.78,312.78,2.00
442200.00,3921500.00,9.79604,314.84,314.84,2.00
442200.00,3921600.00,8.39074,314.24,314.24,2.00
442200.00,3921700.00,7.71243,313.49,313.49,2.00
442200.00,3921800.00,6.99157,312.71,312.71,2.00
442200.00,3921900.00,7.07524,315.22,315.22,2.00
442200.00,3922000.00,6.83134,316.42,316.42,2.00
442200.00,3922100.00,6.64872,316.68,316.68,2.00
442200.00,3922200.00,6.11156,317.17,317.17,2.00
442200.00,3922300.00,5.8553,318.28,318.28,2.00
442200.00,3922400.00,6.16318,314.01,314.01,2.00
442200.00,3922500.00,5.92315,314.55,314.55,2.00
442200.00,3922600.00,5.83829,316.98,316.98,2.00
442200.00,3922700.00,5.82269,318.97,318.97,2.00
442200.00,3922800.00,6.20641,319.89,319.89,2.00
442200.00,3922900.00,6.03648,319.31,319.31,2.00
442200.00,3923000.00,6.05209,320.41,320.41,2.00
442200.00,3923100.00,5.79697,322.22,322.22,2.00
442200.00,3923200.00,5.92243,323.01,323.01,2.00
442200.00,3923300.00,6.02983,321.74,321.74,2.00
442100.00,3921300.00,13.78052,312.61,312.61,2.00
442100.00,3921400.00,11.19669,313.59,313.59,2.00
442100.00,3921500.00,9.37161,314.30,314.30,2.00
442100.00,3921600.00,8.50348,314.99,314.99,2.00
442100.00,3921700.00,7.46862,313.82,313.82,2.00
442100.00,3921800.00,6.7552,311.94,311.94,2.00
442100.00,3921900.00,6.96422,315.00,315.00,2.00
442100.00,3922000.00,6.66029,317.00,317.00,2.00
442100.00,3922100.00,6.53822,316.20,316.20,2.00
442100.00,3922200.00,6.30487,316.81,316.81,2.00
442100.00,3922300.00,5.97167,317.09,317.09,2.00
442100.00,3922400.00,6.01731,314.60,314.60,2.00
442100.00,3922500.00,5.72776,315.64,315.64,2.00
442100.00,3922600.00,5.31885,316.66,316.66,2.00
442100.00,3922700.00,5.59065,319.12,319.12,2.00
442100.00,3922800.00,5.81862,319.88,319.88,2.00
442100.00,3922900.00,5.42845,318.54,318.54,2.00
442100.00,3923000.00,5.85181,319.29,319.29,2.00
442100.00,3923100.00,5.55669,320.15,320.15,2.00
442100.00,3923200.00,5.58665,321.40,321.40,2.00
442100.00,3923300.00,6.18527,321.00,321.00,2.00
442000.00,3921300.00,12.7748,313.14,313.14,2.00
442000.00,3921400.00,10.74882,314.17,314.17,2.00
442000.00,3921500.00,8.96826,314.68,314.68,2.00
442000.00,3921600.00,8.05549,314.62,314.62,2.00
442000.00,3921700.00,7.46133,314.45,314.45,2.00
442000.00,3921800.00,6.48348,312.73,312.73,2.00
442000.00,3921900.00,6.62382,314.03,314.03,2.00
442000.00,3922000.00,6.49919,314.71,314.71,2.00
442000.00,3922100.00,6.21048,314.32,314.32,2.00
442000.00,3922200.00,6.11226,314.28,314.28,2.00
442000.00,3922300.00,5.87936,316.17,316.17,2.00
442000.00,3922400.00,5.51554,317.64,317.64,2.00
442000.00,3922500.00,5.42107,317.90,317.90,2.00
442000.00,3922600.00,5.41301,318.65,318.65,2.00
442000.00,3922700.00,5.26764,317.86,317.86,2.00
442000.00,3922800.00,5.28069,318.23,318.23,2.00
442000.00,3922900.00,5.61886,319.47,319.47,2.00
442000.00,3923000.00,5.45698,319.00,319.00,2.00
442000.00,3923100.00,5.12054,317.91,317.91,2.00
442000.00,3923200.00,5.38004,319.21,319.21,2.00
442000.00,3923300.00,5.58593,320.02,320.02,2.00
441900.00,3921300.00,10.59042,311.22,311.22,2.00
441900.00,3921400.00,9.52265,312.70,312.70,2.00
441900.00,3921500.00,8.17754,312.84,312.84,2.00
441900.00,3921600.00,7.31529,312.78,312.78,2.00
441900.00,3921700.00,6.93884,313.32,313.32,2.00
441900.00,3921800.00,6.81464,313.72,313.72,2.00
441900.00,3921900.00,6.00801,312.92,312.92,2.00
441900.00,3922000.00,5.83395,312.74,312.74,2.00
441900.00,3922100.00,6.1615,314.26,314.26,2.00
441900.00,3922200.00,5.6908,313.76,313.76,2.00
441900.00,3922300.00,5.81279,314.93,314.93,2.00
441900.00,3922400.00,5.52041,317.14,317.14,2.00
441900.00,3922500.00,5.63843,315.70,315.70,2.00
441900.00,3922600.00,5.52464,316.68,316.68,2.00
441900.00,3922700.00,5.21061,316.77,316.77,2.00
441900.00,3922800.00,4.98943,316.85,316.85,2.00
441900.00,3922900.00,5.24624,316.89,316.89,2.00
441900.00,3923000.00,5.01131,317.93,317.93,2.00
441900.00,3923100.00,5.23829,318.84,318.84,2.00
441900.00,3923200.00,5.29153,319.23,319.23,2.00
441900.00,3923300.00,5.18972,319.10,319.10,2.00
441800.00,3921300.00,9.59149,310.12,310.12,2.00
441800.00,3921400.00,8.11631,310.41,310.41,2.00
441800.00,3921500.00,7.42788,311.84,311.84,2.00
441800.00,3921600.00,6.7675,311.99,311.99,2.00
441800.00,3921700.00,6.49736,312.75,312.75,2.00
441800.00,3921800.00,6.70119,313.91,313.91,2.00
441800.00,3921900.00,6.46761,314.14,314.14,2.00
441800.00,3922000.00,5.46008,312.12,312.12,2.00
441800.00,3922100.00,5.4717,311.51,311.51,2.00
441800.00,3922200.00,5.26362,312.36,312.36,2.00
441800.00,3922300.00,5.67723,314.86,314.86,2.00
441800.00,3922400.00,5.53907,315.06,315.06,2.00
441800.00,3922500.00,5.55779,315.90,315.90,2.00
441800.00,3922600.00,5.05168,318.10,318.10,2.00
441800.00,3922700.00,5.32691,316.55,316.55,2.00
441800.00,3922800.00,4.97229,317.31,317.31,2.00
441800.00,3922900.00,4.87346,318.02,318.02,2.00
441800.00,3923000.00,4.88768,317.51,317.51,2.00
441800.00,3923100.00,4.89833,317.58,317.58,2.00
441800.00,3923200.00,4.84519,317.81,317.81,2.00
441800.00,3923300.00,4.90682,318.30,318.30,2.00
441700.00,3921300.00,9.14674,311.11,311.11,2.00
441700.00,3921400.00,7.64289,310.55,310.55,2.00
441700.00,3921500.00,7.71081,313.20,313.20,2.00
441700.00,3921600.00,7.49876,314.21,314.21,2.00
441700.00,3921700.00,6.72525,313.46,313.46,2.00
441700.00,3921800.00,6.60768,313.74,313.74,2.00
441700.00,3921900.00,5.83533,313.02,313.02,2.00
441700.00,3922000.00,5.68624,312.99,312.99,2.00
441700.00,3922100.00,5.36106,310.15,310.15,2.00
441700.00,3922200.00,5.35388,312.44,312.44,2.00
441700.00,3922300.00,5.56173,314.09,314.09,2.00
441700.00,3922400.00,5.45411,316.85,316.85,2.00
441700.00,3922500.00,5.26839,316.50,316.50,2.00
441700.00,3922600.00,4.68523,312.41,312.41,2.00
441700.00,3922700.00,5.11773,314.62,314.62,2.00
441700.00,3922800.00,5.04698,316.28,316.28,2.00
441700.00,3922900.00,4.78254,317.75,317.75,2.00
441700.00,3923000.00,4.81522,316.59,316.59,2.00
441700.00,3923100.00,4.92238,316.63,316.63,2.00
441700.00,3923200.00,4.66867,318.29,318.29,2.00
441700.00,3923300.00,4.66018,317.53,317.53,2.00
441700.00,3923550.00,4.78091,318.47,318.47,2.00
441700.00,3923800.00,5.2624,319.83,319.83,2.00
441700.00,3924050.00,5.29221,321.50,321.50,2.00
441700.00,3924300.00,4.91392,319.26,319.26,2.00
441700.00,3924550.00,5.58534,322.67,322.67,2.00
441700.00,3924800.00,5.24523,321.95,321.95,2.00
441950.00,3923550.00,5.69468,321.17,321.17,2.00
441950.00,3923800.00,5.7783,321.91,321.91,2.00
441950.00,3924050.00,5.61764,321.73,321.73,2.00
441950.00,3924300.00,5.64679,321.56,321.56,2.00
441950.00,3924550.00,5.92522,324.08,324.08,2.00
441950.00,3924800.00,5.49958,328.50,328.50,2.00
442200.00,3923550.00,6.35358,322.33,322.33,2.00
442200.00,3923800.00,6.32111,322.62,326.00,2.00
442200.00,3924050.00,6.44819,322.93,322.93,2.00
442200.00,3924300.00,6.71924,323.05,323.05,2.00
442200.00,3924550.00,5.88281,326.61,326.61,2.00
442200.00,3924800.00,5.38594,330.93,330.93,2.00
442450.00,3923550.00,6.78054,324.00,324.00,2.00
442450.00,3923800.00,6.99905,323.41,323.41,2.00
442450.00,3924050.00,8.43709,326.13,326.13,2.00
442450.00,3924300.00,5.94723,328.32,328.32,2.00
442450.00,3924550.00,7.39793,329.00,329.00,2.00
442450.00,3924800.00,7.15891,329.31,329.31,2.00
442700.00,3923550.00,8.36174,326.02,326.02,2.00
442700.00,3923800.00,6.6659,329.41,329.41,2.00
442700.00,3924050.00,7.30919,329.30,329.30,2.00
442700.00,3924300.00,7.51921,329.70,329.70,2.00
442700.00,3924550.00,8.00686,329.94,329.94,2.00
442700.00,3924800.00,7.56154,331.47,331.47,2.00
442950.00,3923550.00,8.47388,329.76,329.76,2.00
442950.00,3923800.00,8.46998,330.24,330.24,2.00
442950.00,3924050.00,8.43259,332.91,332.91,2.00
442950.00,3924300.00,7.80627,333.51,333.51,2.00
442950.00,3924550.00,10.46657,331.73,331.73,2.00
442950.00,3924800.00,5.83502,334.97,334.97,2.00
443200.00,3923550.00,17.61495,329.42,329.42,2.00
443200.00,3923800.00,13.72928,331.31,331.31,2.00
443200.00,3924050.00,7.74564,332.54,332.54,2.00
443200.00,3924300.00,5.69358,336.12,336.12,2.00
443200.00,3924550.00,4.29987,335.88,335.88,2.00
443200.00,3924800.00,3.89571,338.57,338.57,2.00
443450.00,3923550.00,6.87453,332.61,332.61,2.00
443450.00,3923800.00,5.39506,335.15,335.15,2.00
443450.00,3924050.00,5.1014,334.85,334.85,2.00
443450.00,3924300.00,4.19422,337.00,337.00,2.00
443450.00,3924550.00,3.9079,337.38,337.38,2.00
443450.00,3924800.00,3.32142,339.11,339.11,2.00
443700.00,3923550.00,12.97553,331.70,331.70,2.00
443700.00,3923800.00,9.3941,333.52,333.52,2.00
443700.00,3924050.00,5.60741,335.55,335.55,2.00
443700.00,3924300.00,4.43712,337.84,337.84,2.00
443700.00,3924550.00,3.29864,341.76,341.76,2.00
443700.00,3924800.00,3.27897,341.32,341.32,2.00
443950.00,3923550.00,15.87369,333.42,333.42,2.00
443950.00,3923800.00,13.41943,336.25,336.25,2.00
443950.00,3924050.00,9.05647,338.78,338.78,2.00
443950.00,3924300.00,6.09497,340.07,340.07,2.00
443950.00,3924550.00,4.3999,341.03,341.03,2.00
443950.00,3924800.00,3.71177,342.60,342.60,2.00
444200.00,3923550.00,9.10144,333.07,333.07,2.00
444200.00,3923800.00,6.26132,337.26,337.26,2.00
444200.00,3924050.00,6.91037,339.86,339.86,2.00
444200.00,3924300.00,7.9131,341.69,341.69,2.00
444200.00,3924550.00,5.39669,340.52,340.52,2.00
444200.00,3924800.00,4.70379,341.99,341.99,2.00
444450.00,3923550.00,7.17117,329.76,329.76,2.00
444450.00,3923800.00,5.05825,335.18,335.18,2.00
444450.00,3924050.00,4.11857,337.80,337.80,2.00
444450.00,3924300.00,4.1778,340.00,340.00,2.00
444450.00,3924550.00,3.94937,341.98,341.98,2.00
444450.00,3924800.00,4.90391,344.32,344.32,2.00
444700.00,3923550.00,4.64558,332.76,332.76,2.00
444700.00,3923800.00,4.6275,333.48,333.48,2.00
444700.00,3924050.00,5.11499,334.45,334.45,2.00
444700.00,3924300.00,2.75528,339.54,339.54,2.00
444700.00,3924550.00,2.56538,340.39,340.39,2.00
444700.00,3924800.00,3.18731,343.80,343.80,2.00
444950.00,3923550.00,3.13331,333.97,333.97,2.00
444950.00,3923800.00,2.40368,338.38,338.38,2.00
444950.00,3924050.00,2.70702,337.30,337.30,2.00
444950.00,3924300.00,1.75057,341.40,341.40,2.00
444950.00,3924550.00,1.89346,342.00,342.00,2.00
444950.00,3924800.00,1.6471,344.72,344.72,2.00
445200.00,3923550.00,2.65152,334.34,334.34,2.00
445200.00,3923800.00,2.49156,337.35,337.35,2.00
445200.00,3924050.00,1.8228,339.47,339.47,2.00
445200.00,3924300.00,1.7275,340.95,340.95,2.00
445200.00,3924550.00,1.21549,343.52,343.52,2.00
445200.00,3924800.00,0.97162,348.12,348.12,2.00
445450.00,3923550.00,3.76165,333.51,333.51,2.00
445450.00,3923800.00,2.45472,335.44,335.44,2.00
445450.00,3924050.00,2.58119,337.50,337.50,2.00
445450.00,3924300.00,2.27474,338.78,338.78,2.00
445450.00,3924550.00,1.71245,340.49,340.49,2.00
445450.00,3924800.00,1.18845,348.11,348.11,2.00
445700.00,3923550.00,3.73782,332.71,332.71,2.00
445700.00,3923800.00,2.26113,335.59,335.59,2.00
445700.00,3924050.00,2.62552,337.08,337.08,2.00
445700.00,3924300.00,1.78929,338.61,338.61,2.00
445700.00,3924550.00,1.47918,341.59,341.59,2.00
445700.00,3924800.00,1.41722,345.06,345.06,2.00
445950.00,3923550.00,3.34213,332.25,332.25,2.00
445950.00,3923800.00,2.57244,336.35,336.35,2.00
445950.00,3924050.00,2.25507,336.14,336.14,2.00
445950.00,3924300.00,1.92561,339.47,339.47,2.00
445950.00,3924550.00,1.28286,342.38,342.38,2.00
445950.00,3924800.00,1.44972,342.88,342.88,2.00
446200.00,3923550.00,2.552,333.94,333.94,2.00
446200.00,3923800.00,2.0157,335.76,335.76,2.00
446200.00,3924050.00,2.1387,338.51,338.51,2.00
446200.00,3924300.00,1.52567,341.69,341.69,2.00
446200.00,3924550.00,1.31987,343.09,343.09,2.00
446200.00,3924800.00,1.24262,345.16,345.16,2.00
444950.00,3923300.00,5.19538,332.12,332.12,2.00
444950.00,3923050.00,4.84934,331.48,331.48,2.00
444950.00,3922800.00,6.22487,328.38,328.38,2.00
444950.00,3922550.00,8.46712,326.66,326.66,2.00
444950.00,3922300.00,8.0929,324.89,324.89,2.00
444950.00,3922050.00,6.30421,321.47,321.47,2.00
444950.00,3921800.00,6.36435,319.87,319.87,2.00
444950.00,3921550.00,6.75768,318.27,318.27,2.00
444950.00,3921300.00,7.10251,318.27,318.27,2.00
444950.00,3921050.00,6.58865,317.51,317.51,2.00
444950.00,3920800.00,6.37806,315.69,315.69,2.00
444950.00,3920550.00,6.07633,314.09,314.09,2.00
444950.00,3920300.00,6.5144,310.99,310.99,2.00
444950.00,3920050.00,5.87347,311.94,311.94,2.00
444950.00,3919800.00,5.81834,311.71,311.71,2.00
444950.00,3919550.00,5.5144,309.53,309.53,2.00
444950.00,3919300.00,6.19661,309.44,309.44,2.00
444950.00,3919050.00,4.21315,305.79,305.79,2.00
444950.00,3918800.00,5.99029,304.83,304.83,2.00
445200.00,3923300.00,4.71654,332.64,332.64,2.00
445200.00,3923050.00,4.73011,330.91,330.91,2.00
445200.00,3922800.00,5.48661,327.35,327.35,2.00
445200.00,3922550.00,8.3653,326.78,326.78,2.00
445200.00,3922300.00,5.72335,324.10,324.10,2.00
445200.00,3922050.00,5.79524,323.57,323.57,2.00
445200.00,3921800.00,5.49365,320.23,320.23,2.00
445200.00,3921550.00,6.17185,319.50,319.50,2.00
445200.00,3921300.00,6.13699,319.46,319.46,2.00
445200.00,3921050.00,6.24243,317.54,317.54,2.00
445200.00,3920800.00,5.74425,316.58,316.58,2.00
445200.00,3920550.00,5.35967,315.68,315.68,2.00
445200.00,3920300.00,5.51931,313.15,313.15,2.00
445200.00,3920050.00,5.73145,311.92,311.92,2.00
445200.00,3919800.00,4.88706,312.72,312.72,2.00
445200.00,3919550.00,5.26476,312.08,312.08,2.00
445200.00,3919300.00,7.68165,309.72,309.72,2.00
445200.00,3919050.00,4.94589,309.30,309.30,2.00
445200.00,3918800.00,4.63596,309.22,309.22,2.00
445450.00,3923300.00,4.36489,332.97,332.97,2.00
445450.00,3923050.00,4.3972,328.64,328.64,2.00
445450.00,3922800.00,6.07234,327.60,327.60,2.00
445450.00,3922550.00,6.22568,326.12,326.12,2.00
445450.00,3922300.00,5.73922,321.71,321.71,2.00
445450.00,3922050.00,5.30101,322.60,322.60,2.00
445450.00,3921800.00,5.09754,321.49,321.49,2.00
445450.00,3921550.00,5.68613,320.57,320.57,2.00
445450.00,3921300.00,5.70684,319.40,319.40,2.00
445450.00,3921050.00,5.37577,318.79,318.79,2.00
445450.00,3920800.00,6.1687,313.81,313.81,2.00
445450.00,3920550.00,4.52393,317.88,317.88,2.00
445450.00,3920300.00,4.43466,315.91,315.91,2.00
445450.00,3920050.00,4.93996,314.25,314.25,2.00
445450.00,3919800.00,4.27606,315.94,315.94,2.00
445450.00,3919550.00,4.93041,311.95,311.95,2.00
445450.00,3919300.00,4.57174,312.00,312.00,2.00
445450.00,3919050.00,5.4976,311.03,311.03,2.00
445450.00,3918800.00,4.8067,309.69,309.69,2.00
445700.00,3923300.00,4.9561,330.91,330.91,2.00
445700.00,3923050.00,4.56952,328.66,328.66,2.00
445700.00,3922800.00,6.95222,327.38,327.38,2.00
445700.00,3922550.00,5.48687,323.94,323.94,2.00
445700.00,3922300.00,4.94456,325.13,325.13,2.00
445700.00,3922050.00,4.97727,323.59,323.59,2.00
445700.00,3921800.00,4.6683,324.98,324.98,2.00
445700.00,3921550.00,4.99721,321.94,321.94,2.00
445700.00,3921300.00,5.25789,318.42,318.42,2.00
445700.00,3921050.00,5.31113,318.63,318.63,2.00
445700.00,3920800.00,4.34833,320.14,320.14,2.00
445700.00,3920550.00,4.15986,318.56,318.56,2.00
445700.00,3920300.00,3.99929,317.75,317.75,2.00
445700.00,3920050.00,4.61887,314.86,314.86,2.00
445700.00,3919800.00,4.03407,315.09,315.09,2.00
445700.00,3919550.00,3.85152,314.76,314.76,2.00
445700.00,3919300.00,4.21955,313.75,313.75,2.00
445700.00,3919050.00,6.62117,310.04,310.04,2.00
445700.00,3918800.00,4.27719,309.69,309.69,2.00
445950.00,3923300.00,4.68883,330.49,330.49,2.00
445950.00,3923050.00,4.79545,328.05,328.05,2.00
445950.00,3922800.00,4.94143,327.43,327.43,2.00
445950.00,3922550.00,4.61765,328.05,328.05,2.00
445950.00,3922300.00,4.57655,325.00,325.00,2.00
445950.00,3922050.00,4.66268,324.78,324.78,2.00
445950.00,3921800.00,4.4055,324.78,324.78,2.00
445950.00,3921550.00,4.50069,322.35,322.35,2.00
445950.00,3921300.00,4.69815,321.09,321.09,2.00
445950.00,3921050.00,4.77072,319.79,319.79,2.00
445950.00,3920800.00,4.15978,321.06,321.06,2.00
445950.00,3920550.00,4.00582,320.79,320.79,2.00
445950.00,3920300.00,3.87365,319.71,319.71,2.00
445950.00,3920050.00,3.83019,317.53,317.53,2.00
445950.00,3919800.00,3.73649,316.90,316.90,2.00
445950.00,3919550.00,3.67661,315.60,315.60,2.00
445950.00,3919300.00,3.65125,312.10,312.10,2.00
445950.00,3919050.00,3.80052,313.94,313.94,2.00
445950.00,3918800.00,4.62538,312.78,312.78,2.00
446200.00,3923300.00,3.83783,332.88,332.88,2.00
446200.00,3923050.00,4.14566,330.18,330.18,2.00
446200.00,3922800.00,4.82618,327.90,327.90,2.00
446200.00,3922550.00,4.32819,327.88,327.88,2.00
446200.00,3922300.00,4.01064,328.26,328.26,2.00
446200.00,3922050.00,4.26014,325.98,325.98,2.00
446200.00,3921800.00,3.73968,326.46,326.46,2.00
446200.00,3921550.00,4.21774,325.05,325.05,2.00
446200.00,3921300.00,4.28302,321.84,321.84,2.00
446200.00,3921050.00,4.57826,319.68,319.68,2.00
446200.00,3920800.00,3.90187,323.98,323.98,2.00
446200.00,3920550.00,3.72375,321.47,321.47,2.00
446200.00,3920300.00,3.67569,318.86,318.86,2.00
446200.00,3920050.00,3.74607,317.42,317.42,2.00
446200.00,3919800.00,3.60978,317.84,317.84,2.00
446200.00,3919550.00,3.87761,318.20,318.20,2.00
446200.00,3919300.00,3.48368,317.11,317.11,2.00
446200.00,3919050.00,3.55746,315.23,315.23,2.00
446200.00,3918800.00,4.2704,314.32,314.32,2.00
444700.00,3920050.00,6.87139,309.39,309.39,2.00
444700.00,3919800.00,7.24264,308.15,308.15,2.00
444700.00,3919550.00,8.66496,310.18,310.18,2.00
444700.00,3919300.00,7.37008,308.41,308.41,2.00
444700.00,3919050.00,6.82499,308.09,308.09,2.00
444700.00,3918800.00,5.96082,303.17,303.17,2.00
444450.00,3920050.00,8.46386,309.62,309.62,2.00
444450.00,3919800.00,8.22323,306.90,306.90,2.00
444450.00,3919550.00,7.35095,306.28,306.28,2.00
444450.00,3919300.00,5.67574,306.23,306.23,2.00
444450.00,3919050.00,5.48306,306.93,306.93,2.00
444450.00,3918800.00,6.78765,304.16,304.16,2.00
444200.00,3920050.00,7.61375,306.60,306.60,2.00
444200.00,3919800.00,10.79596,309.39,309.39,2.00
444200.00,3919550.00,10.55511,303.14,303.14,2.00
444200.00,3919300.00,11.11976,300.93,300.93,2.00
444200.00,3919050.00,10.62289,302.03,302.03,2.00
444200.00,3918800.00,9.31999,304.12,304.12,2.00
443950.00,3920050.00,14.2373,309.14,309.14,2.00
443950.00,3919800.00,15.08084,308.01,308.01,2.00
443950.00,3919550.00,14.11431,306.37,306.37,2.00
443950.00,3919300.00,12.86836,303.38,303.38,2.00
443950.00,3919050.00,13.19035,302.35,302.35,2.00
443950.00,3918800.00,12.73368,300.46,300.46,2.00
443700.00,3920050.00,18.72699,309.69,309.69,2.00
443700.00,3919800.00,18.80332,307.41,307.41,2.00
443700.00,3919550.00,17.0257,306.05,306.05,2.00
443700.00,3919300.00,16.36977,302.76,302.76,2.00
443700.00,3919050.00,15.23565,301.59,301.59,2.00
443700.00,3918800.00,14.06603,300.77,300.77,2.00
443450.00,3920050.00,19.52869,303.90,303.90,2.00
443450.00,3919800.00,17.72915,302.02,302.02,2.00
443450.00,3919550.00,16.20842,305.30,305.30,2.00
443450.00,3919300.00,14.90704,305.83,305.83,2.00
443450.00,3919050.00,13.78073,301.92,301.92,2.00
443450.00,3918800.00,12.81119,303.29,303.29,2.00
443200.00,3920050.00,37.90769,303.05,303.05,2.00
443200.00,3919800.00,29.72735,301.36,301.36,2.00
443200.00,3919550.00,22.42869,299.70,299.70,2.00
443200.00,3919300.00,21.16655,304.70,304.70,2.00
443200.00,3919050.00,18.61435,305.58,305.58,2.00
443200.00,3918800.00,16.77002,300.86,300.86,2.00
442950.00,3920050.00,47.09177,309.76,309.76,2.00
442950.00,3919800.00,46.00812,307.22,307.22,2.00
442950.00,3919550.00,44.13888,306.00,306.00,2.00
442950.00,3919300.00,36.25556,300.22,300.22,2.00
442950.00,3919050.00,29.3939,302.88,302.88,2.00
442950.00,3918800.00,23.61505,296.69,296.69,2.00
442700.00,3920050.00,22.3497,308.63,308.63,2.00
442700.00,3919800.00,24.9365,308.35,308.35,2.00
442700.00,3919550.00,32.88702,307.71,307.71,2.00
442700.00,3919300.00,31.66472,304.33,304.33,2.00
442700.00,3919050.00,32.50351,301.34,301.34,2.00
442700.00,3918800.00,32.65787,298.60,298.60,2.00
442450.00,3920050.00,16.1797,307.72,307.72,2.00
442450.00,3919800.00,16.9569,305.67,305.67,2.00
442450.00,3919550.00,16.35065,306.24,306.24,2.00
442450.00,3919300.00,19.30336,304.84,304.84,2.00
442450.00,3919050.00,20.23401,302.41,302.41,2.00
442450.00,3918800.00,20.87865,302.33,302.33,2.00
442200.00,3920050.00,12.42257,308.61,308.61,2.00
442200.00,3919800.00,13.11582,304.86,304.86,2.00
442200.00,3919550.00,14.22615,305.76,305.76,2.00
442200.00,3919300.00,14.57584,305.42,305.42,2.00
442200.00,3919050.00,13.55905,302.81,302.81,2.00
442200.00,3918800.00,15.38052,300.89,300.89,2.00
441950.00,3920050.00,12.13575,306.40,306.40,2.00
441950.00,3919800.00,11.0738,304.62,304.62,2.00
441950.00,3919550.00,11.36451,304.21,304.21,2.00
441950.00,3919300.00,11.63756,300.71,300.71,2.00
441950.00,3919050.00,12.15608,301.15,301.15,2.00
441950.00,3918800.00,12.30445,299.16,299.16,2.00
441700.00,3920050.00,11.06656,304.33,304.33,2.00
441700.00,3919800.00,10.59489,305.07,305.07,2.00
441700.00,3919550.00,9.95542,303.53,303.53,2.00
441700.00,3919300.00,10.29902,303.48,303.48,2.00
441700.00,3919050.00,10.57107,302.31,302.31,2.00
441700.00,3918800.00,10.20246,301.07,301.07,2.00
441450.00,3920050.00,10.44658,304.08,304.08,2.00
441450.00,3919800.00,9.72131,304.55,304.55,2.00
441450.00,3919550.00,9.62285,303.75,303.75,2.00
441450.00,3919300.00,8.91959,303.12,303.12,2.00
441450.00,3919050.00,9.05336,302.44,302.44,2.00
441450.00,3918800.00,9.24808,301.05,301.05,2.00
441200.00,3920050.00,11.01741,304.94,304.94,2.00
441200.00,3919800.00,9.66836,305.15,305.15,2.00
441200.00,3919550.00,9.0004,305.30,305.30,2.00
441200.00,3919300.00,8.82686,300.37,300.37,2.00
441200.00,3919050.00,8.56091,301.83,301.83,2.00
441200.00,3918800.00,8.29265,299.82,299.82,2.00
440950.00,3920050.00,11.50098,304.70,304.70,2.00
440950.00,3919800.00,9.91003,304.92,304.92,2.00
440950.00,3919550.00,8.85434,303.87,303.87,2.00
440950.00,3919300.00,8.29847,303.37,303.37,2.00
440950.00,3919050.00,8.15104,300.53,300.53,2.00
440950.00,3918800.00,7.94955,299.66,299.66,2.00
440700.00,3920050.00,12.62986,303.14,303.14,2.00
440700.00,3919800.00,10.2668,304.82,304.82,2.00
440700.00,3919550.00,8.78983,302.00,302.00,2.00
440700.00,3919300.00,8.16088,300.46,300.46,2.00
440700.00,3919050.00,7.8193,299.68,299.68,2.00
440700.00,3918800.00,7.62574,300.24,300.24,2.00
440450.00,3920050.00,14.24781,305.00,305.00,2.00
440450.00,3919800.00,10.7925,303.32,303.32,2.00
440450.00,3919550.00,9.19561,303.11,303.11,2.00
440450.00,3919300.00,8.22297,298.18,298.18,2.00
440450.00,3919050.00,7.67079,299.29,299.29,2.00
440450.00,3918800.00,7.4049,299.09,299.09,2.00
440200.00,3920050.00,17.39549,304.29,304.29,2.00
440200.00,3919800.00,11.89976,304.88,304.88,2.00
440200.00,3919550.00,9.60379,303.65,303.65,2.00
440200.00,3919300.00,8.3326,300.19,300.19,2.00
440200.00,3919050.00,7.58714,301.59,301.59,2.00
440200.00,3918800.00,7.21619,300.34,300.34,2.00
441450.00,3920300.00,12.36046,307.43,307.43,2.00
441450.00,3920550.00,16.4476,306.01,306.01,2.00
441450.00,3920800.00,53.43915,308.69,308.69,2.00
441450.00,3921050.00,22.31474,311.16,311.16,2.00
441450.00,3921300.00,8.20303,311.74,311.74,2.00
441450.00,3921550.00,6.48826,312.09,312.09,2.00
441450.00,3921800.00,6.4377,309.51,309.51,2.00
441450.00,3922050.00,5.30386,310.97,310.97,2.00
441450.00,3922300.00,5.36306,314.25,314.25,2.00
441450.00,3922550.00,4.99048,315.50,315.50,2.00
441450.00,3922800.00,4.81926,315.19,315.19,2.00
441450.00,3923050.00,4.4437,315.95,315.95,2.00
441450.00,3923300.00,4.48942,316.94,316.94,2.00
441450.00,3923550.00,4.31305,317.84,317.84,2.00
441450.00,3923800.00,4.55939,320.71,320.71,2.00
441450.00,3924050.00,4.68152,318.94,318.94,2.00
441450.00,3924300.00,4.66687,318.90,318.90,2.00
441450.00,3924550.00,5.0088,323.42,323.42,2.00
441450.00,3924800.00,5.081,323.52,323.52,2.00
441200.00,3920300.00,13.20453,304.47,304.47,2.00
441200.00,3920550.00,21.84101,305.25,305.25,2.00
441200.00,3920800.00,28.51824,306.77,306.77,2.00
441200.00,3921050.00,14.09372,307.38,307.38,2.00
441200.00,3921300.00,10.38888,309.12,309.12,2.00
441200.00,3921550.00,9.29552,309.08,309.08,2.00
441200.00,3921800.00,6.59521,309.47,309.47,2.00
441200.00,3922050.00,5.30758,312.18,312.18,2.00
441200.00,3922300.00,5.09208,314.52,314.52,2.00
441200.00,3922550.00,4.48071,312.20,312.20,2.00
441200.00,3922800.00,4.59336,314.77,314.77,2.00
441200.00,3923050.00,4.3232,312.99,312.99,2.00
441200.00,3923300.00,4.26117,313.61,313.61,2.00
441200.00,3923550.00,4.08488,317.49,317.49,2.00
441200.00,3923800.00,3.97692,316.63,316.63,2.00
441200.00,3924050.00,4.40905,320.23,320.23,2.00
441200.00,3924300.00,4.44177,319.29,319.29,2.00
441200.00,3924550.00,4.26393,319.46,319.46,2.00
441200.00,3924800.00,4.70593,322.98,322.98,2.00
440950.00,3920300.00,15.4498,303.70,303.70,2.00
440950.00,3920550.00,34.09879,304.97,304.97,2.00
440950.00,3920800.00,15.17488,305.48,305.48,2.00
440950.00,3921050.00,8.82821,306.49,306.49,2.00
440950.00,3921300.00,16.15504,307.71,307.71,2.00
440950.00,3921550.00,10.02745,309.62,309.62,2.00
440950.00,3921800.00,7.03262,310.35,310.35,2.00
440950.00,3922050.00,5.43414,309.45,309.45,2.00
440950.00,3922300.00,5.27104,310.93,310.93,2.00
440950.00,3922550.00,4.65405,313.73,313.73,2.00
440950.00,3922800.00,4.41075,314.98,314.98,2.00
440950.00,3923050.00,4.13378,319.45,319.45,2.00
440950.00,3923300.00,4.18978,314.21,314.21,2.00
440950.00,3923550.00,3.94726,315.08,315.08,2.00
440950.00,3923800.00,3.92107,316.10,316.10,2.00
440950.00,3924050.00,3.71034,316.48,316.48,2.00
440950.00,3924300.00,3.84158,317.56,317.56,2.00
440950.00,3924550.00,3.57699,316.50,316.50,2.00
440950.00,3924800.00,3.7501,318.06,318.06,2.00
440700.00,3920300.00,19.83136,304.40,304.40,2.00
440700.00,3920550.00,29.02704,303.22,303.22,2.00
440700.00,3920800.00,11.08495,304.75,304.75,2.00
440700.00,3921050.00,7.24481,305.97,305.97,2.00
440700.00,3921300.00,15.64697,308.00,308.00,2.00
440700.00,3921550.00,9.27422,309.00,309.00,2.00
440700.00,3921800.00,7.21509,311.07,311.07,2.00
440700.00,3922050.00,5.28686,304.85,304.85,2.00
440700.00,3922300.00,4.41427,309.87,309.87,2.00
440700.00,3922550.00,4.96104,310.16,310.16,2.00
440700.00,3922800.00,4.22886,313.40,313.40,2.00
440700.00,3923050.00,4.08035,314.27,314.27,2.00
440700.00,3923300.00,3.64285,310.90,310.90,2.00
440700.00,3923550.00,3.86416,313.48,313.48,2.00
440700.00,3923800.00,3.59605,315.91,315.91,2.00
440700.00,3924050.00,3.62748,314.83,314.83,2.00
440700.00,3924300.00,3.52207,317.75,317.75,2.00
440700.00,3924550.00,3.48496,316.72,316.72,2.00
440700.00,3924800.00,3.53939,317.24,317.24,2.00
440450.00,3920300.00,26.08565,305.15,305.15,2.00
440450.00,3920550.00,18.24875,304.35,304.35,2.00
440450.00,3920800.00,8.99005,304.23,304.23,2.00
440450.00,3921050.00,6.40128,304.08,304.08,2.00
440450.00,3921300.00,10.18336,305.46,305.46,2.00
440450.00,3921550.00,14.02514,308.81,308.81,2.00
440450.00,3921800.00,9.23561,306.86,306.86,2.00
440450.00,3922050.00,6.68392,306.27,306.27,2.00
440450.00,3922300.00,4.8239,308.33,308.33,2.00
440450.00,3922550.00,4.12184,312.32,312.32,2.00
440450.00,3922800.00,4.17447,314.51,314.51,2.00
440450.00,3923050.00,4.02167,310.47,310.47,2.00
440450.00,3923300.00,3.70218,310.88,310.88,2.00
440450.00,3923550.00,3.63232,317.07,317.07,2.00
440450.00,3923800.00,3.6764,314.31,314.31,2.00
440450.00,3924050.00,3.45634,315.23,315.23,2.00
440450.00,3924300.00,3.3748,314.51,314.51,2.00
440450.00,3924550.00,3.28206,314.56,314.56,2.00
440450.00,3924800.00,3.53883,317.52,317.52,2.00
440200.00,3920300.00,22.89644,303.73,303.73,2.00
440200.00,3920550.00,13.11188,303.84,303.84,2.00
440200.00,3920800.00,7.70386,303.72,303.72,2.00
440200.00,3921050.00,5.89421,302.13,302.13,2.00
440200.00,3921300.00,8.88659,308.15,308.15,2.00
440200.00,3921550.00,11.5884,305.26,305.26,2.00
440200.00,3921800.00,7.69694,306.42,306.42,2.00
440200.00,3922050.00,6.37572,304.57,304.57,2.00
440200.00,3922300.00,6.14891,310.04,310.04,2.00
440200.00,3922550.00,4.47636,310.00,310.00,2.00
440200.00,3922800.00,3.90317,309.97,309.97,2.00
440200.00,3923050.00,4.19998,311.15,311.15,2.00
440200.00,3923300.00,3.70562,308.73,308.73,2.00
440200.00,3923550.00,3.48487,311.02,311.02,2.00
440200.00,3923800.00,3.20703,308.58,308.58,2.00
440200.00,3924050.00,3.18154,311.18,311.18,2.00
440200.00,3924300.00,3.03321,311.41,311.41,2.00
440200.00,3924550.00,3.09813,313.20,313.20,2.00
440200.00,3924800.00,3.12173,317.34,317.34,2.00
