442700.00,3921300.00,2.11058,315.71,315.71,2.00
442700.00,3921350.00,2.29038,316.21,316.21,2.00
442700.00,3921400.00,1.88268,316.75,316.75,2.00
442700.00,3921450.00,1.56375,317.34,317.34,2.00
442700.00,3921500.00,1.43877,317.36,317.36,2.00
442700.00,3921550.00,1.36775,317.06,317.06,2.00
442700.00,3921600.00,1.30913,317.00,317.00,2.00
442700.00,3921650.00,1.26455,317.00,317.00,2.00
442700.00,3921700.00,1.21771,317.29,317.29,2.00
442700.00,3921750.00,1.18139,317.54,317.54,2.00
442700.00,3921800.00,1.1518,317.23,317.23,2.00
442700.00,3921850.00,1.12501,317.06,317.06,2.00
442700.00,3921900.00,1.09845,317.28,317.28,2.00
442700.00,3921950.00,1.07454,317.85,317.85,2.00
442700.00,3922000.00,1.05386,318.93,318.93,2.00
442700.00,3922050.00,1.02929,319.53,319.53,2.00
442700.00,3922100.00,1.00469,319.74,319.74,2.00
442700.00,3922150.00,0.97909,320.26,320.26,2.00
442700.00,3922200.00,0.95488,320.91,320.91,2.00
442700.00,3922250.00,0.93256,321.57,321.57,2.00
442700.00,3922300.00,0.91356,322.23,322.23,2.00
442750.00,3921300.00,2.1534,315.33,315.33,2.00
442750.00,3921350.00,2.13643,316.28,316.28,2.00
442750.00,3921400.00,1.97331,316.79,316.79,2.00
442750.00,3921450.00,1.77647,316.86,316.86,2.00
442750.00,3921500.00,1.55964,316.97,316.97,2.00
442750.00,3921550.00,1.4444,317.08,317.08,2.00
442750.00,3921600.00,1.37237,317.10,317.10,2.00
442750.00,3921650.00,1.32328,317.10,317.10,2.00
442750.00,3921700.00,1.2817,317.00,317.00,2.00
442750.00,3921750.00,1.24635,316.92,316.92,2.00
442750.00,3921800.00,1.21281,316.97,316.97,2.00
442750.00,3921850.00,1.18151,317.16,317.16,2.00
442750.00,3921900.00,1.15373,317.79,317.79,2.00
442750.00,3921950.00,1.13161,318.58,318.58,2.00
442750.00,3922000.00,1.10714,319.61,319.61,2.00
442750.00,3922050.00,1.0805,320.35,320.35,2.00
442750.00,3922100.00,1.05495,320.85,320.85,2.00
442750.00,3922150.00,1.03027,321.02,321.02,2.00
442750.00,3922200.00,1.0064,321.05,321.05,2.00
442750.00,3922250.00,0.98011,321.03,321.03,2.00
442750.00,3922300.00,0.95287,321.01,321.01,2.00
442800.00,3921300.00,2.12398,315.08,315.08,2.00
442800.00,3921350.00,2.42294,315.31,315.31,2.00
442800.00,3921400.00,2.70294,315.65,315.65,2.00
442800.00,3921450.00,2.21648,316.08,316.08,2.00
442800.00,3921500.00,1.70695,316.78,316.78,2.00
442800.00,3921550.00,1.51046,317.61,317.61,2.00
442800.00,3921600.00,1.43354,317.77,317.77,2.00
442800.00,3921650.00,1.38203,317.76,317.76,2.00
442800.00,3921700.00,1.34435,316.97,316.97,2.00
442800.00,3921750.00,1.32324,316.29,316.29,2.00
442800.00,3921800.00,1.27845,316.70,316.70,2.00
442800.00,3921850.00,1.24248,317.36,317.36,2.00
442800.00,3921900.00,1.22333,318.70,318.70,2.00
442800.00,3921950.00,1.19652,319.76,319.76,2.00
442800.00,3922000.00,1.16644,320.44,320.44,2.00
442800.00,3922050.00,1.13929,320.81,320.81,2.00
442800.00,3922100.00,1.11199,320.96,320.96,2.00
442800.00,3922150.00,1.08628,321.28,321.28,2.00
442800.00,3922200.00,1.06503,321.67,321.67,2.00
442800.00,3922250.00,1.03577,321.38,321.38,2.00
442800.00,3922300.00,1.00596,320.99,320.99,2.00
442850.00,3921300.00,2.06793,315.09,315.09,2.00
442850.00,3921350.00,2.26545,315.33,315.33,2.00
442850.00,3921400.00,2.62,315.72,315.72,2.00
442850.00,3921450.00,2.50668,316.26,316.26,2.00
442850.00,3921500.00,1.8379,317.00,317.00,2.00
442850.00,3921550.00,1.6053,317.85,317.85,2.00
442850.00,3921600.00,1.51847,317.62,317.62,2.00
442850.00,3921650.00,1.46169,317.17,317.17,2.00
442850.00,3921700.00,1.41703,316.77,316.77,2.00
442850.00,3921750.00,1.38261,316.48,316.48,2.00
442850.00,3921800.00,1.33668,317.02,317.02,2.00
442850.00,3921850.00,1.30892,317.85,317.85,2.00
442850.00,3921900.00,1.29717,319.47,319.47,2.00
442850.00,3921950.00,1.26318,320.53,320.53,2.00
442850.00,3922000.00,1.23336,320.86,320.86,2.00
442850.00,3922050.00,1.20559,321.00,321.00,2.00
442850.00,3922100.00,1.17622,321.00,321.00,2.00
442850.00,3922150.00,1.1477,321.24,321.24,2.00
442850.00,3922200.00,1.12268,321.58,321.58,2.00
442850.00,3922250.00,1.09376,321.51,321.51,2.00
442850.00,3922300.00,1.06393,321.35,321.35,2.00
442900.00,3921300.00,2.00283,315.31,315.31,2.00
442900.00,3921350.00,2.07684,315.85,315.85,2.00
442900.00,3921400.00,2.15146,316.38,316.38,2.00
442900.00,3921450.00,2.2738,316.92,316.92,2.00
442900.00,3921500.00,1.87945,317.39,317.39,2.00
442900.00,3921550.00,1.72079,317.83,317.83,2.00
442900.00,3921600.00,1.63244,317.06,317.06,2.00
442900.00,3921650.00,1.60637,316.02,316.02,2.00
442900.00,3921700.00,1.50219,316.53,316.53,2.00
442900.00,3921750.00,1.44098,317.08,317.08,2.00
442900.00,3921800.00,1.40581,317.74,317.74,2.00
442900.00,3921850.00,1.39188,318.63,318.63,2.00
442900.00,3921900.00,1.36795,320.17,320.17,2.00
442900.00,3921950.00,1.3319,321.03,321.03,2.00
442900.00,3922000.00,1.30631,320.97,320.97,2.00
442900.00,3922050.00,1.27775,320.95,320.95,2.00
442900.00,3922100.00,1.247,320.96,320.96,2.00
442900.00,3922150.00,1.21537,320.99,320.99,2.00
442900.00,3922200.00,1.18356,321.03,321.03,2.00
442900.00,3922250.00,1.15717,321.49,321.49,2.00
442900.00,3922300.00,1.13418,321.98,321.98,2.00
442950.00,3921300.00,1.9015,315.98,315.98,2.00
442950.00,3921350.00,1.92641,316.51,316.51,2.00
442950.00,3921400.00,1.92106,317.05,317.05,2.00
442950.00,3921450.00,2.01837,317.59,317.59,2.00
442950.00,3921500.00,2.00571,317.57,317.57,2.00
442950.00,3921550.00,1.88407,317.29,317.29,2.00
442950.00,3921600.00,1.77494,316.69,316.69,2.00
442950.00,3921650.00,1.70602,316.01,316.01,2.00
442950.00,3921700.00,1.58906,316.53,316.53,2.00
442950.00,3921750.00,1.52018,317.23,317.23,2.00
442950.00,3921800.00,1.51759,318.96,318.96,2.00
442950.00,3921850.00,1.4753,320.42,320.42,2.00
442950.00,3921900.00,1.42738,321.25,321.25,2.00
442950.00,3921950.00,1.40362,321.38,321.38,2.00
442950.00,3922000.00,1.38517,320.60,320.60,2.00
442950.00,3922050.00,1.35625,320.29,320.29,2.00
442950.00,3922100.00,1.32336,320.29,320.29,2.00
442950.00,3922150.00,1.29191,320.86,320.86,2.00
442950.00,3922200.00,1.26778,321.62,321.62,2.00
442950.00,3922250.00,1.23652,321.84,321.84,2.00
442950.00,3922300.00,1.20351,321.98,321.98,2.00
443000.00,3921300.00,1.89546,316.21,316.21,2.00
443000.00,3921350.00,1.88948,316.75,316.75,2.00
443000.00,3921400.00,1.92497,317.29,317.29,2.00
443000.00,3921450.00,1.96457,317.83,317.83,2.00
443000.00,3921500.00,2.1053,317.47,317.47,2.00
443000.00,3921550.00,2.10217,316.71,316.71,2.00
443000.00,3921600.00,1.95047,316.32,316.32,2.00
443000.00,3921650.00,1.81878,316.00,316.00,2.00
443000.00,3921700.00,1.69138,316.54,316.54,2.00
443000.00,3921750.00,1.61371,317.30,317.30,2.00
443000.00,3921800.00,1.6248,319.47,319.47,2.00
443000.00,3921850.00,1.53586,321.22,321.22,2.00
443000.00,3921900.00,1.48779,321.97,321.97,2.00
443000.00,3921950.00,1.47066,322.08,322.08,2.00
443000.00,3922000.00,1.46259,321.40,321.40,2.00
443000.00,3922050.00,1.43718,320.99,320.99,2.00
443000.00,3922100.00,1.40568,320.78,320.78,2.00
443000.00,3922150.00,1.38133,321.39,321.39,2.00
443000.00,3922200.00,1.36791,322.27,322.27,2.00
443000.00,3922250.00,1.33801,322.53,322.53,2.00
443000.00,3922300.00,1.30496,322.66,322.66,2.00
443050.00,3921300.00,1.89749,316.21,316.21,2.00
443050.00,3921350.00,1.92022,316.75,316.75,2.00
443050.00,3921400.00,1.93658,317.24,317.24,2.00
443050.00,3921450.00,2.01528,317.70,317.70,2.00
443050.00,3921500.00,2.24009,317.10,317.10,2.00
443050.00,3921550.00,2.43324,316.02,316.02,2.00
443050.00,3921600.00,2.17447,315.96,315.96,2.00
443050.00,3921650.00,1.9463,316.06,316.06,2.00
443050.00,3921700.00,1.8046,316.63,316.63,2.00
443050.00,3921750.00,1.72203,317.42,317.42,2.00
443050.00,3921800.00,1.74295,319.49,319.49,2.00
443050.00,3921850.00,1.62599,321.28,321.28,2.00
443050.00,3921900.00,1.55048,322.36,322.36,2.00
443050.00,3921950.00,1.50898,322.96,322.96,2.00
443050.00,3922000.00,1.5072,322.97,322.97,2.00
443050.00,3922050.00,1.51966,322.63,322.63,2.00
443050.00,3922100.00,1.50906,322.09,322.09,2.00
443050.00,3922150.00,1.48788,322.38,322.38,2.00
443050.00,3922200.00,1.47101,322.95,322.95,2.00
443050.00,3922250.00,1.44532,323.48,323.48,2.00
443050.00,3922300.00,1.4187,323.93,323.93,2.00
443100.00,3921300.00,1.92999,316.21,316.21,2.00
443100.00,3921350.00,1.90795,316.76,316.76,2.00
443100.00,3921400.00,2.00451,316.85,316.85,2.00
443100.00,3921450.00,2.15015,316.59,316.59,2.00
443100.00,3921500.00,2.49838,315.77,315.77,2.00
443100.00,3921550.00,2.89776,314.69,314.69,2.00
443100.00,3921600.00,2.51412,315.55,315.55,2.00
443100.00,3921650.00,2.06836,316.73,316.73,2.00
443100.00,3921700.00,1.91796,317.65,317.65,2.00
443100.00,3921750.00,1.90862,318.59,318.59,2.00
443100.00,3921800.00,1.8801,319.59,319.59,2.00
443100.00,3921850.00,1.78041,320.62,320.62,2.00
443100.00,3921900.00,1.68245,321.71,321.71,2.00
443100.00,3921950.00,1.63989,322.30,322.30,2.00
443100.00,3922000.00,1.62912,322.30,322.30,2.00
443100.00,3922050.00,1.6292,321.75,321.75,2.00
443100.00,3922100.00,1.59533,320.84,320.84,2.00
443100.00,3922150.00,1.57366,321.60,321.60,2.00
443100.00,3922200.00,1.57128,322.89,322.89,2.00
443100.00,3922250.00,1.54941,323.16,323.16,2.00
443100.00,3922300.00,1.52164,323.31,323.31,2.00
443150.00,3921300.00,1.99802,316.13,316.13,2.00
443150.00,3921350.00,1.99263,316.45,316.45,2.00
443150.00,3921400.00,2.03848,316.41,316.41,2.00
443150.00,3921450.00,2.17654,316.10,316.10,2.00
443150.00,3921500.00,2.39909,315.69,315.69,2.00
443150.00,3921550.00,2.87541,315.25,315.25,2.00
443150.00,3921600.00,2.99895,316.20,316.20,2.00
443150.00,3921650.00,2.24089,317.39,317.39,2.00
443150.00,3921700.00,2.11977,318.26,318.26,2.00
443150.00,3921750.00,2.0931,319.15,319.15,2.00
443150.00,3921800.00,2.00233,320.10,320.10,2.00
443150.00,3921850.00,1.87559,320.95,320.95,2.00
443150.00,3921900.00,1.79188,321.63,321.63,2.00
443150.00,3921950.00,1.75242,322.09,322.09,2.00
443150.00,3922000.00,1.73259,322.28,322.28,2.00
443150.00,3922050.00,1.73415,321.69,321.69,2.00
443150.00,3922100.00,1.70808,320.60,320.60,2.00
443150.00,3922150.00,1.68337,321.44,321.44,2.00
443150.00,3922200.00,1.68144,322.88,322.88,2.00
443150.00,3922250.00,1.66246,323.00,323.00,2.00
443150.00,3922300.00,1.6356,323.01,323.01,2.00
443200.00,3921300.00,2.09657,316.00,316.00,2.00
443200.00,3921350.00,2.11819,316.00,316.00,2.00
443200.00,3921400.00,2.12265,316.04,316.04,2.00
443200.00,3921450.00,2.14621,316.11,316.11,2.00
443200.00,3921500.00,2.23563,316.50,316.50,2.00
443200.00,3921550.00,2.45983,317.04,317.04,2.00
443200.00,3921600.00,2.64808,317.52,317.52,2.00
443200.00,3921650.00,2.51469,318.01,318.01,2.00
443200.00,3921700.00,2.38441,318.57,318.57,2.00
443200.00,3921750.00,2.2905,319.30,319.30,2.00
443200.00,3921800.00,2.015,320.90,320.90,2.00
443200.00,3921850.00,1.84306,322.00,322.00,2.00
443200.00,3921900.00,1.86183,322.00,322.00,2.00
443200.00,3921950.00,1.84703,322.25,322.25,2.00
443200.00,3922000.00,1.80653,322.78,322.78,2.00
443200.00,3922050.00,1.83892,322.32,322.32,2.00
443200.00,3922100.00,1.8289,321.25,321.25,2.00
443200.00,3922150.00,1.82619,321.84,321.84,2.00
443200.00,3922200.00,1.80853,322.92,322.92,2.00
443200.00,3922250.00,1.79143,323.00,323.00,2.00
443200.00,3922300.00,1.7644,323.04,323.04,2.00
443250.00,3921300.00,2.25145,316.00,316.00,2.00
443250.00,3921350.00,2.26368,316.00,316.00,2.00
443250.00,3921400.00,2.17654,316.45,316.45,2.00
443250.00,3921450.00,2.08927,317.23,317.23,2.00
443250.00,3921500.00,2.12319,317.83,317.83,2.00
443250.00,3921550.00,2.28404,318.36,318.36,2.00
443250.00,3921600.00,2.60825,318.23,318.23,2.00
443250.00,3921650.00,2.747,318.02,318.02,2.00
443250.00,3921700.00,2.73861,318.94,318.94,2.00
443250.00,3921750.00,2.44419,319.91,319.91,2.00
443250.00,3921800.00,2.06368,321.16,321.16,2.00
443250.00,3921850.00,1.90928,322.00,322.00,2.00
443250.00,3921900.00,1.95269,322.00,322.00,2.00
443250.00,3921950.00,1.97016,322.08,322.08,2.00
443250.00,3922000.00,1.96953,322.26,322.26,2.00
443250.00,3922050.00,1.98532,322.10,322.10,2.00
443250.00,3922100.00,1.97764,321.75,321.75,2.00
443250.00,3922150.00,1.9676,322.51,322.51,2.00
443250.00,3922200.00,1.89298,323.59,323.59,2.00
443250.00,3922250.00,1.92966,323.33,323.33,2.00
443250.00,3922300.00,1.92023,323.04,323.04,2.00
443300.00,3921300.00,2.20743,316.49,316.49,2.00
443300.00,3921350.00,2.25393,316.70,316.70,2.00
443300.00,3921400.00,2.15738,317.16,317.16,2.00
443300.00,3921450.00,2.11311,317.82,317.82,2.00
443300.00,3921500.00,2.1984,318.24,318.24,2.00
443300.00,3921550.00,2.3398,318.58,318.58,2.00
443300.00,3921600.00,2.47219,318.33,318.33,2.00
443300.00,3921650.00,2.78352,318.03,318.03,2.00
443300.00,3921700.00,3.15136,319.11,319.11,2.00
443300.00,3921750.00,2.62177,320.09,320.09,2.00
443300.00,3921800.00,2.38486,320.59,320.59,2.00
443300.00,3921850.00,2.23711,321.06,321.06,2.00
443300.00,3921900.00,2.14813,321.45,321.45,2.00
443300.00,3921950.00,2.12935,321.65,321.65,2.00
443300.00,3922000.00,2.14094,321.66,321.66,2.00
443300.00,3922050.00,2.13991,321.78,321.78,2.00
443300.00,3922100.00,2.14407,321.96,321.96,2.00
443300.00,3922150.00,2.13707,322.43,322.43,2.00
443300.00,3922200.00,2.11516,322.99,322.99,2.00
443300.00,3922250.00,2.11801,323.18,323.18,2.00
443300.00,3922300.00,2.10829,323.33,323.33,2.00
443350.00,3921300.00,1.7715,317.14,317.14,2.00
443350.00,3921350.00,1.69958,317.75,317.75,2.00
443350.00,3921400.00,1.84036,317.98,317.98,2.00
443350.00,3921450.00,2.13448,317.96,317.96,2.00
443350.00,3921500.00,2.37122,317.97,317.97,2.00
443350.00,3921550.00,2.44212,318.00,318.00,2.00
443350.00,3921600.00,2.44975,318.05,318.05,2.00
443350.00,3921650.00,2.63768,318.14,318.14,2.00
443350.00,3921700.00,3.25796,319.19,319.19,2.00
443350.00,3921750.00,2.99134,319.95,319.95,2.00
443350.00,3921800.00,3.15445,319.39,319.39,2.00
443350.00,3921850.00,2.95715,319.38,319.38,2.00
443350.00,3921900.00,2.64897,320.46,320.46,2.00
443350.00,3921950.00,2.42666,321.01,321.01,2.00
443350.00,3922000.00,2.39501,321.00,321.00,2.00
443350.00,3922050.00,2.3209,321.35,321.35,2.00
443350.00,3922100.00,2.31878,321.89,321.89,2.00
443350.00,3922150.00,2.31913,321.58,321.58,2.00
443350.00,3922200.00,2.30045,321.07,321.07,2.00
443350.00,3922250.00,2.40256,322.55,322.55,2.00
443350.00,3922300.00,2.26652,323.93,323.93,2.00
443400.00,3921300.00,1.87933,316.13,316.13,2.00
443400.00,3921350.00,1.55802,317.45,317.45,2.00
443400.00,3921400.00,1.72239,317.77,317.77,2.00
443400.00,3921450.00,2.40246,317.39,317.39,2.00
443400.00,3921500.00,2.74858,317.58,317.58,2.00
443400.00,3921550.00,2.79559,317.96,317.96,2.00
443400.00,3921600.00,3.00933,319.00,319.00,2.00
443400.00,3921650.00,2.37766,320.11,320.11,2.00
443400.00,3921700.00,1.99447,320.80,320.80,2.00
443400.00,3921750.00,1.8585,321.19,321.19,2.00
443400.00,3921800.00,2.70333,320.28,320.28,2.00
443400.00,3921850.00,3.23544,320.05,320.05,2.00
443400.00,3921900.00,2.54573,321.12,321.12,2.00
443400.00,3921950.00,2.3729,321.67,321.67,2.00
443400.00,3922000.00,2.45181,321.66,321.66,2.00
443400.00,3922050.00,2.54728,321.32,321.32,2.00
443400.00,3922100.00,2.60577,320.80,320.80,2.00
443400.00,3922150.00,2.71629,319.71,319.71,2.00
443400.00,3922200.00,2.58559,318.48,318.48,2.00
443400.00,3922250.00,2.64202,320.63,320.63,2.00
443400.00,3922300.00,2.81063,322.77,322.77,2.00
443450.00,3921300.00,1.78727,315.62,315.62,2.00
443450.00,3921350.00,1.34408,317.04,317.04,2.00
443450.00,3921400.00,1.19605,317.67,317.67,2.00
443450.00,3921450.00,1.45342,317.73,317.73,2.00
443450.00,3921500.00,1.96184,318.13,318.13,2.00
443450.00,3921550.00,2.38884,318.67,318.67,2.00
443450.00,3921600.00,2.50616,319.82,319.82,2.00
443450.00,3921650.00,1.51528,321.02,321.02,2.00
443450.00,3921700.00,1.4746,321.37,321.37,2.00
443450.00,3921750.00,1.58691,321.51,321.51,2.00
443450.00,3921800.00,2.37775,320.81,320.81,2.00
443450.00,3921850.00,2.81588,320.59,320.59,2.00
443450.00,3921900.00,2.40161,321.31,321.31,2.00
443450.00,3921950.00,2.36944,321.76,321.76,2.00
443450.00,3922000.00,2.49123,321.94,321.94,2.00
443450.00,3922050.00,2.488,321.63,321.63,2.00
443450.00,3922100.00,2.38631,321.06,321.06,2.00
443450.00,3922150.00,2.7284,319.90,319.90,2.00
443450.00,3922200.00,2.34052,318.60,318.60,2.00
443450.00,3922250.00,2.24525,320.32,320.32,2.00
443450.00,3922300.00,2.43448,322.12,322.12,2.00
443500.00,3921300.00,1.37149,315.55,315.55,2.00
443500.00,3921350.00,1.33024,316.58,316.58,2.00
443500.00,3921400.00,1.17601,317.65,317.65,2.00
443500.00,3921450.00,1.19637,318.73,318.73,2.00
443500.00,3921500.00,1.29979,319.38,319.38,2.00
443500.00,3921550.00,1.27245,319.90,319.90,2.00
443500.00,3921600.00,1.15609,320.45,320.45,2.00
443500.00,3921650.00,1.08954,320.97,320.97,2.00
443500.00,3921700.00,1.24352,320.99,320.99,2.00
443500.00,3921750.00,1.4077,321.00,321.00,2.00
443500.00,3921800.00,1.85155,321.00,321.00,2.00
443500.00,3921850.00,2.50245,321.00,321.00,2.00
443500.00,3921900.00,3.14474,321.00,321.00,2.00
443500.00,3921950.00,3.09438,321.28,321.28,2.00
443500.00,3922000.00,2.80308,321.82,321.82,2.00
443500.00,3922050.00,2.86055,322.34,322.34,2.00
443500.00,3922100.00,2.97522,322.84,322.84,2.00
443500.00,3922150.00,3.14735,322.46,322.46,2.00
443500.00,3922200.00,3.04756,321.87,321.87,2.00
443500.00,3922250.00,2.97336,321.92,321.92,2.00
443500.00,3922300.00,2.88042,322.12,322.12,2.00
443550.00,3921300.00,1.03354,316.55,316.55,2.00
443550.00,3921350.00,1.06852,316.87,316.87,2.00
443550.00,3921400.00,1.03839,317.65,317.65,2.00
443550.00,3921450.00,1.06299,318.74,318.74,2.00
443550.00,3921500.00,1.19655,318.85,318.85,2.00
443550.00,3921550.00,1.41002,318.65,318.65,2.00
443550.00,3921600.00,1.60128,319.13,319.13,2.00
443550.00,3921650.00,1.64304,319.69,319.69,2.00
443550.00,3921700.00,1.40849,320.43,320.43,2.00
443550.00,3921750.00,1.29885,321.08,321.08,2.00
443550.00,3921800.00,1.21629,321.43,321.43,2.00
443550.00,3921850.00,1.25759,321.79,321.79,2.00
443550.00,3921900.00,1.25133,322.14,322.14,2.00
443550.00,3921950.00,1.40961,322.40,322.40,2.00
443550.00,3922000.00,1.93527,322.58,322.58,2.00
443550.00,3922050.00,2.32742,323.46,323.46,2.00
443550.00,3922100.00,1.77925,324.69,324.69,2.00
443550.00,3922150.00,1.90565,324.18,324.18,2.00
443550.00,3922200.00,2.5883,323.29,323.29,2.00
443550.00,3922250.00,2.29503,323.58,323.58,2.00
443550.00,3922300.00,2.2236,323.95,323.95,2.00
443600.00,3921300.00,0.91511,316.73,316.73,2.00
443600.00,3921350.00,0.95199,316.92,316.92,2.00
443600.00,3921400.00,0.96429,317.42,317.42,2.00
443600.00,3921450.00,0.999,318.13,318.13,2.00
443600.00,3921500.00,1.08529,318.18,318.18,2.00
443600.00,3921550.00,1.15789,318.01,318.01,2.00
443600.00,3921600.00,1.24662,318.33,318.33,2.00
443600.00,3921650.00,1.38093,318.72,318.72,2.00
443600.00,3921700.00,1.42545,319.63,319.63,2.00
443600.00,3921750.00,1.2618,320.50,320.50,2.00
443600.00,3921800.00,1.14652,321.22,321.22,2.00
443600.00,3921850.00,1.10543,321.82,321.82,2.00
443600.00,3921900.00,1.15426,322.19,322.19,2.00
443600.00,3921950.00,1.25864,322.46,322.46,2.00
443600.00,3922000.00,1.48045,322.64,322.64,2.00
443600.00,3922050.00,1.75141,323.46,323.46,2.00
443600.00,3922100.00,0.94116,324.60,324.60,2.00
443600.00,3922150.00,1.13761,324.46,324.46,2.00
443600.00,3922200.00,1.32423,324.01,324.01,2.00
443600.00,3922250.00,1.33151,324.23,324.23,2.00
443600.00,3922300.00,1.42352,324.50,324.50,2.00
443650.00,3921300.00,0.8722,316.25,316.25,2.00
443650.00,3921350.00,0.87428,316.79,316.79,2.00
443650.00,3921400.00,0.89832,316.99,316.99,2.00
443650.00,3921450.00,0.93558,316.97,316.97,2.00
443650.00,3921500.00,0.95764,317.39,317.39,2.00
443650.00,3921550.00,0.99548,317.94,317.94,2.00
443650.00,3921600.00,1.03262,318.00,318.00,2.00
443650.00,3921650.00,1.06887,318.04,318.04,2.00
443650.00,3921700.00,1.16397,318.59,318.59,2.00
443650.00,3921750.00,1.24854,319.26,319.26,2.00
443650.00,3921800.00,1.19738,320.34,320.34,2.00
443650.00,3921850.00,1.13348,321.02,321.02,2.00
443650.00,3921900.00,1.21937,321.04,321.04,2.00
443650.00,3921950.00,1.24724,321.33,321.33,2.00
443650.00,3922000.00,1.27111,321.86,321.86,2.00
443650.00,3922050.00,1.36088,322.07,322.07,2.00
443650.00,3922100.00,1.47575,322.14,322.14,2.00
443650.00,3922150.00,1.52635,322.99,322.99,2.00
443650.00,3922200.00,1.18444,323.98,323.98,2.00
443650.00,3922250.00,1.45957,323.52,323.52,2.00
443650.00,3922300.00,1.87109,323.18,323.18,2.00
443700.00,3921300.00,0.79384,316.26,316.26,2.00
443700.00,3921350.00,0.79442,316.80,316.80,2.00
443700.00,3921400.00,0.82879,316.54,316.54,2.00
443700.00,3921450.00,0.86161,315.82,315.82,2.00
443700.00,3921500.00,0.87087,316.08,316.08,2.00
443700.00,3921550.00,0.8767,316.63,316.63,2.00
443700.00,3921600.00,0.88818,317.01,317.01,2.00
443700.00,3921650.00,0.90673,317.44,317.44,2.00
443700.00,3921700.00,0.99401,318.69,318.69,2.00
443700.00,3921750.00,1.02357,319.74,319.74,2.00
443700.00,3921800.00,1.03401,320.12,320.12,2.00
443700.00,3921850.00,1.03651,320.49,320.49,2.00
443700.00,3921900.00,1.03496,320.84,320.84,2.00
443700.00,3921950.00,1.03081,321.29,321.29,2.00
443700.00,3922000.00,1.04279,321.83,321.83,2.00
443700.00,3922050.00,1.07793,321.54,321.54,2.00
443700.00,3922100.00,1.0994,320.87,320.87,2.00
443700.00,3922150.00,1.22666,321.95,321.95,2.00
443700.00,3922200.00,1.13235,323.37,323.37,2.00
443700.00,3922250.00,1.15175,323.51,323.51,2.00
443700.00,3922300.00,1.20423,323.63,323.63,2.00
442700.00,3922400.00,0.86296,322.09,322.09,2.00
442700.00,3922500.00,0.82806,322.85,322.85,2.00
442700.00,3922600.00,0.76851,322.24,322.24,2.00
442700.00,3922700.00,0.71517,322.80,322.80,2.00
442700.00,3922800.00,0.66536,323.42,323.42,2.00
442700.00,3922900.00,0.61646,324.66,324.66,2.00
442700.00,3923000.00,0.54533,324.73,324.73,2.00
442700.00,3923100.00,0.45522,324.51,324.51,2.00
442700.00,3923200.00,0.37989,325.13,325.13,2.00
442700.00,3923300.00,0.31418,324.39,324.39,2.00
442800.00,3922400.00,0.94948,320.77,320.77,2.00
442800.00,3922500.00,0.91081,322.37,322.37,2.00
442800.00,3922600.00,0.87441,323.17,323.17,2.00
442800.00,3922700.00,0.84019,324.33,324.33,2.00
442800.00,3922800.00,0.7745,324.37,324.37,2.00
442800.00,3922900.00,0.72931,325.66,325.66,2.00
442800.00,3923000.00,0.65294,326.21,326.21,2.00
442800.00,3923100.00,0.55121,326.12,326.12,2.00
442800.00,3923200.00,0.43715,326.47,326.47,2.00
442800.00,3923300.00,0.32681,327.97,327.97,2.00
442900.00,3922400.00,1.06184,321.10,321.10,2.00
442900.00,3922500.00,1.01398,322.19,322.19,2.00
442900.00,3922600.00,0.97819,323.00,323.00,2.00
442900.00,3922700.00,0.94466,324.05,324.05,2.00
442900.00,3922800.00,0.90994,326.40,326.40,2.00
442900.00,3922900.00,0.85518,325.98,325.98,2.00
442900.00,3923000.00,0.77175,325.61,325.61,2.00
442900.00,3923100.00,0.66686,326.65,326.65,2.00
442900.00,3923200.00,0.49669,327.71,327.71,2.00
442900.00,3923300.00,0.37178,328.04,328.04,2.00
443000.00,3922400.00,1.19991,321.52,321.52,2.00
443000.00,3922500.00,1.17385,323.00,323.00,2.00
443000.00,3922600.00,1.11075,323.27,323.27,2.00
443000.00,3922700.00,1.09136,324.47,324.47,2.00
443000.00,3922800.00,1.04713,325.31,325.31,2.00
443000.00,3922900.00,0.99345,325.82,325.82,2.00
443000.00,3923000.00,0.92698,326.89,326.89,2.00
443000.00,3923100.00,0.82343,327.18,327.18,2.00
443000.00,3923200.00,0.65528,327.23,327.23,2.00
443000.00,3923300.00,0.41709,328.96,328.96,2.00
443100.00,3922400.00,1.40589,322.63,322.63,2.00
443100.00,3922500.00,1.31117,322.47,322.47,2.00
443100.00,3922600.00,1.29051,323.46,323.46,2.00
443100.00,3922700.00,1.2832,325.13,325.13,2.00
443100.00,3922800.00,1.23029,326.00,326.00,2.00
443100.00,3922900.00,1.15234,326.53,326.53,2.00
443100.00,3923000.00,1.00111,328.35,328.35,2.00
443100.00,3923100.00,0.89168,329.34,329.34,2.00
443100.00,3923200.00,0.92,327.40,327.40,2.00
443100.00,3923300.00,0.55499,328.53,328.53,2.00
443200.00,3922400.00,1.70839,324.10,324.10,2.00
443200.00,3922500.00,1.64553,324.73,324.73,2.00
443200.00,3922600.00,1.54526,323.99,323.99,2.00
443200.00,3922700.00,1.48263,324.41,324.41,2.00
443200.00,3922800.00,1.45589,325.48,325.48,2.00
443200.00,3922900.00,1.3932,326.03,326.03,2.00
443200.00,3923000.00,1.33083,326.76,326.76,2.00
443200.00,3923100.00,1.35435,327.17,327.17,2.00
443200.00,3923200.00,1.50631,326.97,326.97,2.00
443200.00,3923300.00,1.03564,326.29,326.29,2.00
443300.00,3922400.00,2.05487,323.82,323.82,2.00
443300.00,3922500.00,2.02011,324.62,324.62,2.00
443300.00,3922600.00,1.93799,324.58,324.58,2.00
443300.00,3922700.00,1.94507,325.18,325.18,2.00
443300.00,3922800.00,1.87899,325.46,325.46,2.00
443300.00,3922900.00,1.81923,326.29,326.29,2.00
443300.00,3923000.00,1.76189,326.66,326.66,2.00
443300.00,3923100.00,1.11494,328.16,328.16,2.00
443300.00,3923200.00,1.10981,328.16,328.16,2.00
443300.00,3923300.00,1.03186,328.61,328.61,2.00
443400.00,3922400.00,2.87649,323.77,323.77,2.00
443400.00,3922500.00,2.3559,324.70,324.70,2.00
443400.00,3922600.00,1.86592,325.30,325.30,2.00
443400.00,3922700.00,1.76513,325.85,325.85,2.00
443400.00,3922800.00,1.75907,326.06,326.06,2.00
443400.00,3922900.00,1.62012,327.36,327.36,2.00
443400.00,3923000.00,1.22815,328.20,328.20,2.00
443400.00,3923100.00,1.01635,328.90,328.90,2.00
443400.00,3923200.00,0.92724,329.57,329.57,2.00
443400.00,3923300.00,1.11188,330.83,330.83,2.00
443500.00,3922400.00,2.42794,324.14,324.14,2.00
443500.00,3922500.00,2.23649,325.21,325.21,2.00
443500.00,3922600.00,2.03154,325.96,325.96,2.00
443500.00,3922700.00,1.82904,325.64,325.64,2.00
443500.00,3922800.00,1.57305,325.12,325.12,2.00
443500.00,3922900.00,1.38906,327.74,327.74,2.00
443500.00,3923000.00,1.07708,329.36,329.36,2.00
443500.00,3923100.00,0.97908,330.39,330.39,2.00
443500.00,3923200.00,0.96637,330.98,330.98,2.00
443500.00,3923300.00,0.82872,331.00,331.00,2.00
443600.00,3922400.00,2.12082,325.58,325.58,2.00
443600.00,3922500.00,2.1039,326.44,326.44,2.00
443600.00,3922600.00,1.98916,327.00,327.00,2.00
443600.00,3922700.00,2.08484,326.80,326.80,2.00
443600.00,3922800.00,2.01939,326.48,326.48,2.00
443600.00,3922900.00,1.6638,325.94,325.94,2.00
443600.00,3923000.00,1.48107,327.12,327.12,2.00
443600.00,3923100.00,1.10402,329.29,329.29,2.00
443600.00,3923200.00,1.02227,331.57,331.57,2.00
443600.00,3923300.00,0.75529,331.11,331.11,2.00
443700.00,3922400.00,1.45596,324.38,324.38,2.00
443700.00,3922500.00,1.18722,326.55,326.55,2.00
443700.00,3922600.00,1.59506,327.19,327.19,2.00
443700.00,3922700.00,1.6437,327.74,327.74,2.00
443700.00,3922800.00,1.45476,328.00,328.00,2.00
443700.00,3922900.00,2.3578,327.30,327.30,2.00
443700.00,3923000.00,1.83646,327.91,327.91,2.00
443700.00,3923100.00,1.54759,330.45,330.45,2.00
443700.00,3923200.00,1.48827,330.97,330.97,2.00
443700.00,3923300.00,0.76315,331.00,331.00,2.00
443800.00,3922400.00,0.92543,324.33,324.33,2.00
443800.00,3922500.00,0.91546,326.47,326.47,2.00
443800.00,3922600.00,0.72224,327.93,327.93,2.00
443800.00,3922700.00,0.80321,328.37,328.37,2.00
443800.00,3922800.00,0.73431,328.45,328.45,2.00
443800.00,3922900.00,0.70112,328.57,328.57,2.00
443800.00,3923000.00,0.87369,329.00,329.00,2.00
443800.00,3923100.00,1.23216,331.95,331.95,2.00
443800.00,3923200.00,0.70818,333.34,333.34,2.00
443800.00,3923300.00,0.6318,331.24,331.24,2.00
443900.00,3922400.00,0.74663,322.13,322.13,2.00
443900.00,3922500.00,0.76771,324.03,324.03,2.00
443900.00,3922600.00,0.70433,327.52,327.52,2.00
443900.00,3922700.00,0.80025,327.42,327.42,2.00
443900.00,3922800.00,0.68856,328.10,328.10,2.00
443900.00,3922900.00,0.6274,328.78,328.78,2.00
443900.00,3923000.00,0.61365,329.73,329.73,2.00
443900.00,3923100.00,0.7208,330.61,330.61,2.00
443900.00,3923200.00,0.7038,331.65,331.65,2.00
443900.00,3923300.00,0.28342,332.28,332.28,2.00
444000.00,3922400.00,0.60413,323.22,323.22,2.00
444000.00,3922500.00,0.61593,324.52,324.52,2.00
444000.00,3922600.00,0.64264,326.63,326.63,2.00
444000.00,3922700.00,0.67564,326.35,326.35,2.00
444000.00,3922800.00,0.60559,327.45,327.45,2.00
444000.00,3922900.00,0.47555,328.85,328.85,2.00
444000.00,3923000.00,0.43201,330.17,330.17,2.00
444000.00,3923100.00,0.42967,330.13,330.13,2.00
444000.00,3923200.00,0.37302,330.83,330.83,2.00
444000.00,3923300.00,0.15761,333.30,333.30,2.00
444100.00,3922400.00,0.50077,324.18,324.18,2.00
444100.00,3922500.00,0.51144,325.07,325.07,2.00
444100.00,3922600.00,0.50488,324.87,324.87,2.00
444100.00,3922700.00,0.52242,326.05,326.05,2.00
444100.00,3922800.00,0.42835,328.19,328.19,2.00
444100.00,3922900.00,0.42482,328.03,328.03,2.00
444100.00,3923000.00,0.34002,330.08,330.08,2.00
444100.00,3923100.00,0.29572,331.49,331.49,2.00
444100.00,3923200.00,0.25708,330.42,330.42,2.00
444100.00,3923300.00,0.1931,331.29,331.29,2.00
444200.00,3922400.00,0.42814,324.38,324.38,2.00
444200.00,3922500.00,0.42985,325.73,325.73,2.00
444200.00,3922600.00,0.42678,325.71,325.71,2.00
444200.00,3922700.00,0.37503,327.87,327.87,2.00
444200.00,3922800.00,0.3119,329.34,329.34,2.00
444200.00,3922900.00,0.28029,330.47,330.47,2.00
444200.00,3923000.00,0.27054,330.21,330.21,2.00
444200.00,3923100.00,0.245,330.61,330.61,2.00
444200.00,3923200.00,0.2044,330.37,330.37,2.00
444200.00,3923300.00,0.16485,330.82,330.82,2.00
444300.00,3922400.00,0.369,324.29,324.29,2.00
444300.00,3922500.00,0.36381,324.76,324.76,2.00
444300.00,3922600.00,0.35211,323.85,323.85,2.00
444300.00,3922700.00,0.35014,326.15,326.15,2.00
444300.00,3922800.00,0.32785,327.01,327.01,2.00
444300.00,3922900.00,0.26189,329.14,329.14,2.00
444300.00,3923000.00,0.22714,330.13,330.13,2.00
444300.00,3923100.00,0.20619,330.35,330.35,2.00
444300.00,3923200.00,0.16948,330.59,330.59,2.00
444300.00,3923300.00,0.15501,329.62,329.62,2.00
444400.00,3922400.00,0.32208,324.03,324.03,2.00
444400.00,3922500.00,0.31542,323.98,323.98,2.00
444400.00,3922600.00,0.30741,323.99,323.99,2.00
444400.00,3922700.00,0.29655,324.90,324.90,2.00
444400.00,3922800.00,0.28257,325.53,325.53,2.00
444400.00,3922900.00,0.25161,327.46,327.46,2.00
444400.00,3923000.00,0.20706,329.09,329.09,2.00
444400.00,3923100.00,0.18427,329.41,329.41,2.00
444400.00,3923200.00,0.16246,329.06,329.06,2.00
444400.00,3923300.00,0.14414,329.00,329.00,2.00
444500.00,3922400.00,0.28861,319.14,319.14,2.00
444500.00,3922500.00,0.2812,321.46,321.46,2.00
444500.00,3922600.00,0.27075,324.33,324.33,2.00
444500.00,3922700.00,0.25717,324.10,324.10,2.00
444500.00,3922800.00,0.24321,323.03,323.03,2.00
444500.00,3922900.00,0.22807,323.77,323.77,2.00
444500.00,3923000.00,0.21186,324.94,324.94,2.00
444500.00,3923100.00,0.155,329.73,329.73,2.00
444500.00,3923200.00,0.12982,330.51,330.51,2.00
444500.00,3923300.00,0.12621,329.17,329.17,2.00
444600.00,3922400.00,0.25922,318.56,318.56,2.00
444600.00,3922500.00,0.25727,317.46,317.46,2.00
444600.00,3922600.00,0.24514,319.69,319.69,2.00
444600.00,3922700.00,0.22844,322.16,322.16,2.00
444600.00,3922800.00,0.2154,324.57,324.57,2.00
444600.00,3922900.00,0.17969,328.11,328.11,2.00
444600.00,3923000.00,0.18044,326.97,326.97,2.00
444600.00,3923100.00,0.13917,329.26,329.26,2.00
444600.00,3923200.00,0.08224,333.51,333.51,2.00
444600.00,3923300.00,0.09879,330.99,330.99,2.00
444700.00,3922400.00,0.23005,320.06,320.06,2.00
444700.00,3922500.00,0.22488,320.48,320.48,2.00
444700.00,3922600.00,0.21389,321.93,321.93,2.00
444700.00,3922700.00,0.20267,325.25,325.25,2.00
444700.00,3922800.00,0.18376,327.04,327.04,2.00
444700.00,3922900.00,0.15723,328.47,328.47,2.00
444700.00,3923000.00,0.15557,327.53,327.53,2.00
444700.00,3923100.00,0.13556,327.94,327.94,2.00
444700.00,3923200.00,0.08936,331.99,331.99,2.00
444700.00,3923300.00,0.07277,332.73,332.73,2.00
443800.00,3922300.00,0.83665,324.00,324.00,2.00
443800.00,3922200.00,0.83986,320.19,320.19,2.00
443800.00,3922100.00,0.82376,320.95,320.95,2.00
443800.00,3922000.00,0.81675,320.88,320.88,2.00
443800.00,3921900.00,0.83159,319.79,319.79,2.00
443800.00,3921800.00,0.8115,319.03,319.03,2.00
443800.00,3921700.00,0.76836,318.19,318.19,2.00
443800.00,3921600.00,0.73973,316.02,316.02,2.00
443800.00,3921500.00,0.72538,315.00,315.00,2.00
443800.00,3921400.00,0.68407,316.97,316.97,2.00
443800.00,3921300.00,0.64554,317.26,317.26,2.00
443800.00,3921200.00,0.59113,317.79,317.79,2.00
443800.00,3921100.00,0.60841,316.21,316.21,2.00
443800.00,3921000.00,0.6138,315.05,315.05,2.00
443800.00,3920900.00,0.59585,314.05,314.05,2.00
443800.00,3920800.00,0.5632,314.24,314.24,2.00
443800.00,3920700.00,0.52364,314.74,314.74,2.00
443800.00,3920600.00,0.50225,313.55,313.55,2.00
443800.00,3920500.00,0.46986,312.48,312.48,2.00
443800.00,3920400.00,0.44552,311.04,311.04,2.00
443800.00,3920300.00,0.41542,309.54,309.54,2.00
443900.00,3922300.00,0.74066,322.45,322.45,2.00
443900.00,3922200.00,0.70464,320.76,320.76,2.00
443900.00,3922100.00,0.7076,319.34,319.34,2.00
443900.00,3922000.00,0.68223,317.63,317.63,2.00
443900.00,3921900.00,0.68737,320.49,320.49,2.00
443900.00,3921800.00,0.67997,319.65,319.65,2.00
443900.00,3921700.00,0.66587,318.54,318.54,2.00
443900.00,3921600.00,0.64663,318.43,318.43,2.00
443900.00,3921500.00,0.61855,317.76,317.76,2.00
443900.00,3921400.00,0.59975,317.02,317.02,2.00
443900.00,3921300.00,0.581,316.67,316.67,2.00
443900.00,3921200.00,0.56849,316.12,316.12,2.00
443900.00,3921100.00,0.52476,316.90,316.90,2.00
443900.00,3921000.00,0.52221,316.02,316.02,2.00
443900.00,3920900.00,0.51138,315.40,315.40,2.00
443900.00,3920800.00,0.47427,315.86,315.86,2.00
443900.00,3920700.00,0.4747,314.42,314.42,2.00
443900.00,3920600.00,0.44508,311.73,311.73,2.00
443900.00,3920500.00,0.42171,310.51,310.51,2.00
443900.00,3920400.00,0.40851,310.81,310.81,2.00
443900.00,3920300.00,0.38933,310.26,310.26,2.00
444000.00,3922300.00,0.60223,322.89,322.89,2.00
444000.00,3922200.00,0.59428,319.47,319.47,2.00
444000.00,3922100.00,0.58689,320.00,320.00,2.00
444000.00,3922000.00,0.57327,322.23,322.23,2.00
444000.00,3921900.00,0.56845,321.16,321.16,2.00
444000.00,3921800.00,0.57476,319.76,319.76,2.00
444000.00,3921700.00,0.56667,319.42,319.42,2.00
444000.00,3921600.00,0.5326,320.52,320.52,2.00
444000.00,3921500.00,0.53177,319.44,319.44,2.00
444000.00,3921400.00,0.52449,317.49,317.49,2.00
444000.00,3921300.00,0.51428,316.65,316.65,2.00
444000.00,3921200.00,0.50631,316.13,316.13,2.00
444000.00,3921100.00,0.48606,316.29,316.29,2.00
444000.00,3921000.00,0.47162,316.01,316.01,2.00
444000.00,3920900.00,0.46206,315.31,315.31,2.00
444000.00,3920800.00,0.4433,315.17,315.17,2.00
444000.00,3920700.00,0.43316,314.02,314.02,2.00
444000.00,3920600.00,0.40792,312.02,312.02,2.00
444000.00,3920500.00,0.38494,310.21,310.21,2.00
444000.00,3920400.00,0.37625,310.87,310.87,2.00
444000.00,3920300.00,0.36288,311.13,311.13,2.00
444100.00,3922300.00,0.49656,323.81,323.81,2.00
444100.00,3922200.00,0.49798,320.86,320.86,2.00
444100.00,3922100.00,0.49446,321.81,321.81,2.00
444100.00,3922000.00,0.48868,322.78,322.78,2.00
444100.00,3921900.00,0.48699,320.98,320.98,2.00
444100.00,3921800.00,0.48982,320.32,320.32,2.00
444100.00,3921700.00,0.49395,319.01,319.01,2.00
444100.00,3921600.00,0.48252,319.52,319.52,2.00
444100.00,3921500.00,0.4621,319.98,319.98,2.00
444100.00,3921400.00,0.46506,317.47,317.47,2.00
444100.00,3921300.00,0.46241,316.02,316.02,2.00
444100.00,3921200.00,0.44389,316.79,316.79,2.00
444100.00,3921100.00,0.42625,316.99,316.99,2.00
444100.00,3921000.00,0.43304,315.07,315.07,2.00
444100.00,3920900.00,0.42166,313.98,313.98,2.00
444100.00,3920800.00,0.40629,313.70,313.70,2.00
444100.00,3920700.00,0.3818,311.93,311.93,2.00
444100.00,3920600.00,0.36657,311.34,311.34,2.00
444100.00,3920500.00,0.35037,310.32,310.32,2.00
444100.00,3920400.00,0.34248,310.90,310.90,2.00
444100.00,3920300.00,0.32872,310.38,310.38,2.00
444200.00,3922300.00,0.42672,324.00,324.00,2.00
444200.00,3922200.00,0.42947,322.49,322.49,2.00
444200.00,3922100.00,0.42003,323.45,323.45,2.00
444200.00,3922000.00,0.41523,323.07,323.07,2.00
444200.00,3921900.00,0.41853,321.84,321.84,2.00
444200.00,3921800.00,0.41513,321.56,321.56,2.00
444200.00,3921700.00,0.39994,322.06,322.06,2.00
444200.00,3921600.00,0.40953,320.59,320.59,2.00
444200.00,3921500.00,0.4098,319.91,319.91,2.00
444200.00,3921400.00,0.41461,318.00,318.00,2.00
444200.00,3921300.00,0.40698,317.38,317.38,2.00
444200.00,3921200.00,0.40184,316.66,316.66,2.00
444200.00,3921100.00,0.40315,314.94,314.94,2.00
444200.00,3921000.00,0.38209,311.84,311.84,2.00
444200.00,3920900.00,0.36694,310.65,310.65,2.00
444200.00,3920800.00,0.35283,309.90,309.90,2.00
444200.00,3920700.00,0.34059,309.28,309.28,2.00
444200.00,3920600.00,0.32827,308.90,308.90,2.00
444200.00,3920500.00,0.31775,308.77,308.77,2.00
444200.00,3920400.00,0.30843,309.00,309.00,2.00
444200.00,3920300.00,0.296,308.60,308.60,2.00
444300.00,3922300.00,0.37319,323.52,323.52,2.00
444300.00,3922200.00,0.36904,323.45,323.45,2.00
444300.00,3922100.00,0.3683,323.87,323.87,2.00
444300.00,3922000.00,0.36518,323.25,323.25,2.00
444300.00,3921900.00,0.36998,322.00,322.00,2.00
444300.00,3921800.00,0.3662,321.95,321.95,2.00
444300.00,3921700.00,0.36666,321.07,321.07,2.00
444300.00,3921600.00,0.37165,319.62,319.62,2.00
444300.00,3921500.00,0.36932,319.18,319.18,2.00
444300.00,3921400.00,0.37045,317.23,317.23,2.00
444300.00,3921300.00,0.37311,315.00,315.00,2.00
444300.00,3921200.00,0.36786,313.90,313.90,2.00
444300.00,3921100.00,0.35017,311.12,311.12,2.00
444300.00,3921000.00,0.33706,309.09,309.09,2.00
444300.00,3920900.00,0.32784,308.65,308.65,2.00
444300.00,3920800.00,0.32066,308.81,308.81,2.00
444300.00,3920700.00,0.31476,309.54,309.54,2.00
444300.00,3920600.00,0.30251,308.12,308.12,2.00
444300.00,3920500.00,0.30153,309.98,309.98,2.00
444300.00,3920400.00,0.29554,310.78,310.78,2.00
444300.00,3920300.00,0.28219,309.72,309.72,2.00
444400.00,3922300.00,0.32513,322.37,322.37,2.00
444400.00,3922200.00,0.33076,321.30,321.30,2.00
444400.00,3922100.00,0.33461,322.05,322.05,2.00
444400.00,3922000.00,0.33226,320.55,320.55,2.00
444400.00,3921900.00,0.33101,321.82,321.82,2.00
444400.00,3921800.00,0.33452,320.55,320.55,2.00
444400.00,3921700.00,0.33893,317.44,317.44,2.00
444400.00,3921600.00,0.34304,314.42,314.42,2.00
444400.00,3921500.00,0.34174,314.87,314.87,2.00
444400.00,3921400.00,0.3388,315.10,315.10,2.00
444400.00,3921300.00,0.33583,314.92,314.92,2.00
444400.00,3921200.00,0.33067,313.42,313.42,2.00
444400.00,3921100.00,0.32021,312.06,312.06,2.00
444400.00,3921000.00,0.30907,310.08,310.08,2.00
444400.00,3920900.00,0.304,310.92,310.92,2.00
444400.00,3920800.00,0.29557,309.98,309.98,2.00
444400.00,3920700.00,0.29041,310.18,310.18,2.00
444400.00,3920600.00,0.28868,311.26,311.26,2.00
444400.00,3920500.00,0.28638,312.35,312.35,2.00
444400.00,3920400.00,0.27947,313.42,313.42,2.00
444400.00,3920300.00,0.27069,312.95,312.95,2.00
444500.00,3922300.00,0.29258,317.55,317.55,2.00
444500.00,3922200.00,0.30622,316.25,316.25,2.00
444500.00,3922100.00,0.29975,317.22,317.22,2.00
444500.00,3922000.00,0.30079,317.65,317.65,2.00
444500.00,3921900.00,0.30438,316.73,316.73,2.00
444500.00,3921800.00,0.30506,316.89,316.89,2.00
444500.00,3921700.00,0.30878,314.74,314.74,2.00
444500.00,3921600.00,0.30961,313.42,313.42,2.00
444500.00,3921500.00,0.311,314.40,314.40,2.00
444500.00,3921400.00,0.30932,315.35,315.35,2.00
444500.00,3921300.00,0.30508,315.74,315.74,2.00
444500.00,3921200.00,0.30043,315.94,315.94,2.00
444500.00,3921100.00,0.29127,317.09,317.09,2.00
444500.00,3921000.00,0.2946,314.75,314.75,2.00
444500.00,3920900.00,0.28877,314.61,314.61,2.00
444500.00,3920800.00,0.28135,315.10,315.10,2.00
444500.00,3920700.00,0.27721,313.26,313.26,2.00
444500.00,3920600.00,0.27069,312.74,312.74,2.00
444500.00,3920500.00,0.26314,311.89,311.89,2.00
444500.00,3920400.00,0.25653,311.80,311.80,2.00
444500.00,3920300.00,0.24933,311.45,311.45,2.00
444600.00,3922300.00,0.26104,319.44,319.44,2.00
444600.00,3922200.00,0.27151,318.10,318.10,2.00
444600.00,3922100.00,0.2679,317.99,317.99,2.00
444600.00,3922000.00,0.27195,317.31,317.31,2.00
444600.00,3921900.00,0.27669,315.64,315.64,2.00
444600.00,3921800.00,0.27734,316.24,316.24,2.00
444600.00,3921700.00,0.27998,316.23,316.23,2.00
444600.00,3921600.00,0.28204,315.05,315.05,2.00
444600.00,3921500.00,0.28194,315.16,315.16,2.00
444600.00,3921400.00,0.28022,315.99,315.99,2.00
444600.00,3921300.00,0.27766,316.57,316.57,2.00
444600.00,3921200.00,0.27446,316.64,316.64,2.00
444600.00,3921100.00,0.2679,317.28,317.28,2.00
444600.00,3921000.00,0.26746,316.10,316.10,2.00
444600.00,3920900.00,0.26326,316.00,316.00,2.00
444600.00,3920800.00,0.25861,315.81,315.81,2.00
444600.00,3920700.00,0.258,313.94,313.94,2.00
444600.00,3920600.00,0.25241,313.38,313.38,2.00
444600.00,3920500.00,0.24613,312.53,312.53,2.00
444600.00,3920400.00,0.23891,311.90,311.90,2.00
444600.00,3920300.00,0.22943,310.49,310.49,2.00
444700.00,3922300.00,0.23692,320.71,320.71,2.00
444700.00,3922200.00,0.23668,322.24,322.24,2.00
444700.00,3922100.00,0.23907,319.70,319.70,2.00
444700.00,3922000.00,0.24483,320.52,320.52,2.00
444700.00,3921900.00,0.24762,320.15,320.15,2.00
444700.00,3921800.00,0.24957,319.40,319.40,2.00
444700.00,3921700.00,0.25388,317.82,317.82,2.00
444700.00,3921600.00,0.2564,316.64,316.64,2.00
444700.00,3921500.00,0.25672,318.24,318.24,2.00
444700.00,3921400.00,0.25486,317.73,317.73,2.00
444700.00,3921300.00,0.24901,318.91,318.91,2.00
444700.00,3921200.00,0.25203,316.99,316.99,2.00
444700.00,3921100.00,0.24952,316.85,316.85,2.00
444700.00,3921000.00,0.24998,315.22,315.22,2.00
444700.00,3920900.00,0.24713,313.19,313.19,2.00
444700.00,3920800.00,0.24434,314.02,314.02,2.00
444700.00,3920700.00,0.24005,312.88,312.88,2.00
444700.00,3920600.00,0.23551,312.55,312.55,2.00
444700.00,3920500.00,0.23203,313.32,313.32,2.00
444700.00,3920400.00,0.22317,311.20,311.20,2.00
444700.00,3920300.00,0.2145,310.01,310.01,2.00
443700.00,3921200.00,0.79185,314.92,314.92,2.00
443700.00,3921100.00,0.76187,314.33,314.33,2.00
443700.00,3921000.00,0.67693,315.70,315.70,2.00
443700.00,3920900.00,0.62912,315.79,315.79,2.00
443700.00,3920800.00,0.62143,313.07,313.07,2.00
443700.00,3920700.00,0.57756,312.71,312.71,2.00
443700.00,3920600.00,0.54946,313.57,313.57,2.00
443700.00,3920500.00,0.51303,312.95,312.95,2.00
443700.00,3920400.00,0.48284,312.36,312.36,2.00
443700.00,3920300.00,0.4544,311.87,311.87,2.00
443600.00,3921200.00,0.95165,314.96,314.96,2.00
443600.00,3921100.00,0.89205,314.97,314.97,2.00
443600.00,3921000.00,0.85095,314.39,314.39,2.00
443600.00,3920900.00,0.79228,314.09,314.09,2.00
443600.00,3920800.00,0.68793,312.49,312.49,2.00
443600.00,3920700.00,0.63627,311.24,311.24,2.00
443600.00,3920600.00,0.60586,311.95,311.95,2.00
443600.00,3920500.00,0.56725,311.28,311.28,2.00
443600.00,3920400.00,0.52958,310.32,310.32,2.00
443600.00,3920300.00,0.49497,310.05,310.05,2.00
443500.00,3921200.00,0.93617,316.61,316.61,2.00
443500.00,3921100.00,0.92142,316.01,316.01,2.00
443500.00,3921000.00,1.00027,314.92,314.92,2.00
443500.00,3920900.00,0.84249,312.16,312.16,2.00
443500.00,3920800.00,0.81118,312.89,312.89,2.00
443500.00,3920700.00,0.74117,312.16,312.16,2.00
443500.00,3920600.00,0.68812,312.56,312.56,2.00
443500.00,3920500.00,0.63575,311.47,311.47,2.00
443500.00,3920400.00,0.5728,308.58,308.58,2.00
443500.00,3920300.00,0.50447,305.83,305.83,2.00
443400.00,3921200.00,1.20722,316.55,316.55,2.00
443400.00,3921100.00,1.0342,316.74,316.74,2.00
443400.00,3921000.00,1.005,315.98,315.98,2.00
443400.00,3920900.00,1.24818,314.22,314.22,2.00
443400.00,3920800.00,1.06068,313.82,313.82,2.00
443400.00,3920700.00,0.91045,312.68,312.68,2.00
443400.00,3920600.00,0.82155,311.93,311.93,2.00
443400.00,3920500.00,0.73047,310.62,310.62,2.00
443400.00,3920400.00,0.65086,307.90,307.90,2.00
443400.00,3920300.00,0.57893,306.81,306.81,2.00
443300.00,3921200.00,3.07401,314.54,314.54,2.00
443300.00,3921100.00,3.93106,314.25,314.25,2.00
443300.00,3921000.00,1.66474,315.44,315.44,2.00
443300.00,3920900.00,1.49119,315.86,315.86,2.00
443300.00,3920800.00,1.59578,313.36,313.36,2.00
443300.00,3920700.00,1.28001,312.47,312.47,2.00
443300.00,3920600.00,1.06348,311.50,311.50,2.00
443300.00,3920500.00,0.93175,311.41,311.41,2.00
443300.00,3920400.00,0.81071,309.49,309.49,2.00
443300.00,3920300.00,0.72582,309.02,309.02,2.00
443200.00,3921200.00,2.34387,314.21,314.21,2.00
443200.00,3921100.00,2.11084,315.62,315.62,2.00
443200.00,3921000.00,1.90254,315.88,315.88,2.00
443200.00,3920900.00,2.64298,315.08,315.08,2.00
443200.00,3920800.00,3.09244,313.88,313.88,2.00
443200.00,3920700.00,2.57384,313.33,313.33,2.00
443200.00,3920600.00,1.95545,311.91,311.91,2.00
443200.00,3920500.00,1.3389,311.88,311.88,2.00
443200.00,3920400.00,1.00909,311.62,311.62,2.00
443200.00,3920300.00,0.81454,311.62,311.62,2.00
443100.00,3921200.00,2.00201,315.13,315.13,2.00
443100.00,3921100.00,2.02755,315.08,315.08,2.00
443100.00,3921000.00,1.93987,315.51,315.51,2.00
443100.00,3920900.00,2.368,313.86,313.86,2.00
443100.00,3920800.00,2.27325,312.64,312.64,2.00
443100.00,3920700.00,2.62689,312.31,312.31,2.00
443100.00,3920600.00,3.53003,312.55,312.55,2.00
443100.00,3920500.00,2.03289,310.76,310.76,2.00
443100.00,3920400.00,1.6462,311.32,311.32,2.00
443100.00,3920300.00,1.1754,311.22,311.22,2.00
443000.00,3921200.00,1.85967,315.13,315.13,2.00
443000.00,3921100.00,1.78287,313.18,313.18,2.00
443000.00,3921000.00,1.78066,312.92,312.92,2.00
443000.00,3920900.00,1.80196,312.69,312.69,2.00
443000.00,3920800.00,1.74252,310.35,310.35,2.00
443000.00,3920700.00,1.81139,307.84,307.84,2.00
443000.00,3920600.00,1.99426,308.40,308.40,2.00
443000.00,3920500.00,2.4402,309.78,309.78,2.00
443000.00,3920400.00,3.24571,310.55,310.55,2.00
443000.00,3920300.00,1.75403,311.20,311.20,2.00
442900.00,3921200.00,1.82809,314.24,314.24,2.00
442900.00,3921100.00,1.62042,312.32,312.32,2.00
442900.00,3921000.00,1.54025,308.62,308.62,2.00
442900.00,3920900.00,1.56419,310.25,310.25,2.00
442900.00,3920800.00,1.58579,310.11,310.11,2.00
442900.00,3920700.00,1.62359,309.44,309.44,2.00
442900.00,3920600.00,1.70062,307.39,307.39,2.00
442900.00,3920500.00,1.97905,309.19,309.19,2.00
442900.00,3920400.00,2.2505,310.62,310.62,2.00
442900.00,3920300.00,1.85746,312.00,312.00,2.00
442800.00,3921200.00,1.72564,315.89,315.89,2.00
442800.00,3921100.00,1.68146,314.25,314.25,2.00
442800.00,3921000.00,1.50579,309.99,309.99,2.00
442800.00,3920900.00,1.46508,310.13,310.13,2.00
442800.00,3920800.00,1.49623,311.05,311.05,2.00
442800.00,3920700.00,1.48936,306.75,306.75,2.00
442800.00,3920600.00,1.59188,307.12,307.12,2.00
442800.00,3920500.00,1.78971,309.24,309.24,2.00
442800.00,3920400.00,2.01281,309.87,309.87,2.00
442800.00,3920300.00,1.98641,309.87,309.87,2.00
442700.00,3921200.00,1.71906,315.95,315.95,2.00
442700.00,3921100.00,1.62839,315.02,315.02,2.00
442700.00,3921000.00,1.48806,311.43,311.43,2.00
442700.00,3920900.00,1.43458,310.00,310.00,2.00
442700.00,3920800.00,1.40306,309.95,309.95,2.00
442700.00,3920700.00,1.43398,309.01,309.01,2.00
442700.00,3920600.00,1.58568,307.18,307.18,2.00
442700.00,3920500.00,1.79569,308.18,308.18,2.00
442700.00,3920400.00,1.89165,309.00,309.00,2.00
442700.00,3920300.00,1.83415,308.43,308.43,2.00
442600.00,3921200.00,1.89231,314.23,314.23,2.00
442600.00,3921100.00,1.64874,314.17,314.17,2.00
442600.00,3921000.00,1.50448,314.53,314.53,2.00
442600.00,3920900.00,1.41364,312.67,312.67,2.00
442600.00,3920800.00,1.3933,312.29,312.29,2.00
442600.00,3920700.00,1.40726,309.72,309.72,2.00
442600.00,3920600.00,1.67015,308.50,308.50,2.00
442600.00,3920500.00,1.68035,309.67,309.67,2.00
442600.00,3920400.00,1.71894,308.48,308.48,2.00
442600.00,3920300.00,1.60912,307.17,307.17,2.00
442500.00,3921200.00,1.9482,312.85,312.85,2.00
442500.00,3921100.00,1.62634,312.53,312.53,2.00
442500.00,3921000.00,1.50218,313.64,313.64,2.00
442500.00,3920900.00,1.40304,312.68,312.68,2.00
442500.00,3920800.00,1.36657,310.91,310.91,2.00
442500.00,3920700.00,1.48085,307.97,307.97,2.00
442500.00,3920600.00,1.98905,308.36,308.36,2.00
442500.00,3920500.00,1.55593,310.32,310.32,2.00
442500.00,3920400.00,1.53232,309.28,309.28,2.00
442500.00,3920300.00,1.45895,306.38,306.38,2.00
442400.00,3921200.00,1.95772,313.41,313.41,2.00
442400.00,3921100.00,1.85653,310.97,310.97,2.00
442400.00,3921000.00,1.52768,311.96,311.96,2.00
442400.00,3920900.00,1.44195,311.21,311.21,2.00
442400.00,3920800.00,1.40086,309.65,309.65,2.00
442400.00,3920700.00,1.60204,310.00,310.00,2.00
442400.00,3920600.00,1.93027,309.59,309.59,2.00
442400.00,3920500.00,1.6086,309.00,309.00,2.00
442400.00,3920400.00,1.50152,308.52,308.52,2.00
442400.00,3920300.00,1.36397,309.37,309.37,2.00
442300.00,3921200.00,1.73434,313.16,313.16,2.00
442300.00,3921100.00,2.15465,311.19,311.19,2.00
442300.00,3921000.00,1.63171,310.32,310.32,2.00
442300.00,3920900.00,1.45974,309.22,309.22,2.00
442300.00,3920800.00,1.47458,308.28,308.28,2.00
442300.00,3920700.00,1.68882,308.97,308.97,2.00
442300.00,3920600.00,1.71905,310.22,310.22,2.00
442300.00,3920500.00,1.46854,310.13,310.13,2.00
442300.00,3920400.00,1.42693,308.59,308.59,2.00
442300.00,3920300.00,1.30136,309.23,309.23,2.00
442200.00,3921200.00,1.55672,313.18,313.18,2.00
442200.00,3921100.00,2.22821,312.00,312.00,2.00
442200.00,3921000.00,1.7049,311.82,311.82,2.00
442200.00,3920900.00,1.52245,309.88,309.88,2.00
442200.00,3920800.00,1.57865,308.80,308.80,2.00
442200.00,3920700.00,2.15583,308.88,308.88,2.00
442200.00,3920600.00,1.69148,309.04,309.04,2.00
442200.00,3920500.00,1.5009,308.46,308.46,2.00
442200.00,3920400.00,1.3767,307.87,307.87,2.00
442200.00,3920300.00,1.26704,308.55,308.55,2.00
442100.00,3921200.00,1.23995,314.41,314.41,2.00
442100.00,3921100.00,2.70601,311.54,311.54,2.00
442100.00,3921000.00,1.94163,311.02,311.02,2.00
442100.00,3920900.00,1.61209,309.57,309.57,2.00
442100.00,3920800.00,1.80633,307.11,307.11,2.00
442100.00,3920700.00,1.92968,307.96,307.96,2.00
442100.00,3920600.00,1.58138,309.08,309.08,2.00
442100.00,3920500.00,1.4351,307.57,307.57,2.00
442100.00,3920400.00,1.24661,306.00,306.00,2.00
442100.00,3920300.00,1.20079,306.93,306.93,2.00
442000.00,3921200.00,1.31823,311.01,311.01,2.00
442000.00,3921100.00,2.01305,309.52,309.52,2.00
442000.00,3921000.00,1.94976,311.49,311.49,2.00
442000.00,3920900.00,1.72903,311.16,311.16,2.00
442000.00,3920800.00,1.7584,310.58,310.58,2.00
442000.00,3920700.00,1.6359,309.78,309.78,2.00
442000.00,3920600.00,1.52838,308.25,308.25,2.00
442000.00,3920500.00,1.37976,307.36,307.36,2.00
442000.00,3920400.00,1.26166,307.42,307.42,2.00
442000.00,3920300.00,1.17401,307.81,307.81,2.00
441900.00,3921200.00,1.16883,308.53,308.53,2.00
441900.00,3921100.00,1.53859,307.33,307.33,2.00
441900.00,3921000.00,1.79316,311.87,311.87,2.00
441900.00,3920900.00,1.68988,312.59,312.59,2.00
441900.00,3920800.00,2.15147,311.05,311.05,2.00
441900.00,3920700.00,1.62824,309.28,309.28,2.00
441900.00,3920600.00,1.45078,308.60,308.60,2.00
441900.00,3920500.00,1.29989,306.44,306.44,2.00
441900.00,3920400.00,1.21421,307.18,307.18,2.00
441900.00,3920300.00,1.124,307.30,307.30,2.00
441800.00,3921200.00,1.00189,311.52,311.52,2.00
441800.00,3921100.00,1.32823,309.44,309.44,2.00
441800.00,3921000.00,1.9049,310.14,310.14,2.00
441800.00,3920900.00,2.21517,309.69,309.69,2.00
441800.00,3920800.00,2.04295,309.43,309.43,2.00
441800.00,3920700.00,1.56972,307.31,307.31,2.00
441800.00,3920600.00,1.34819,306.09,306.09,2.00
441800.00,3920500.00,1.21299,305.47,305.47,2.00
441800.00,3920400.00,1.13468,306.01,306.01,2.00
441800.00,3920300.00,1.0782,306.90,306.90,2.00
441700.00,3921200.00,0.94498,310.29,310.29,2.00
441700.00,3921100.00,1.13714,310.13,310.13,2.00
441700.00,3921000.00,1.30082,312.62,312.62,2.00
441700.00,3920900.00,2.00858,311.62,311.62,2.00
441700.00,3920800.00,1.95324,310.12,310.12,2.00
441700.00,3920700.00,1.51795,307.09,307.09,2.00
441700.00,3920600.00,1.25807,304.81,304.81,2.00
441700.00,3920500.00,1.16655,305.51,305.51,2.00
441700.00,3920400.00,1.0777,305.46,305.46,2.00
441700.00,3920300.00,1.00559,305.57,305.57,2.00
442600.00,3921300.00,2.88134,313.90,313.90,2.00
442600.00,3921400.00,1.63524,316.30,316.30,2.00
442600.00,3921500.00,1.30495,317.08,317.08,2.00
442600.00,3921600.00,1.18837,317.00,317.00,2.00
442600.00,3921700.00,1.11033,317.06,317.06,2.00
442600.00,3921800.00,1.05219,317.04,317.04,2.00
442600.00,3921900.00,1.00594,317.00,317.00,2.00
442600.00,3922000.00,0.95982,317.82,317.82,2.00
442600.00,3922100.00,0.91204,318.85,318.85,2.00
442600.00,3922200.00,0.86117,320.83,320.83,2.00
442600.00,3922300.00,0.82382,322.06,322.06,2.00
442600.00,3922400.00,0.79389,322.95,322.95,2.00
442600.00,3922500.00,0.73764,322.36,322.36,2.00
442600.00,3922600.00,0.68393,319.32,319.32,2.00
442600.00,3922700.00,0.63123,321.02,321.02,2.00
442600.00,3922800.00,0.57808,322.20,322.20,2.00
442600.00,3922900.00,0.52438,320.06,320.06,2.00
442600.00,3923000.00,0.45725,320.72,320.72,2.00
442600.00,3923100.00,0.39303,323.32,323.32,2.00
442600.00,3923200.00,0.33701,324.73,324.73,2.00
442600.00,3923300.00,0.29045,325.79,325.79,2.00
442500.00,3921300.00,2.37459,312.15,312.15,2.00
442500.00,3921400.00,1.42564,316.00,316.00,2.00
442500.00,3921500.00,1.24513,315.73,315.73,2.00
442500.00,3921600.00,1.13761,315.20,315.20,2.00
442500.00,3921700.00,1.04725,315.60,315.60,2.00
442500.00,3921800.00,0.97278,316.58,316.58,2.00
442500.00,3921900.00,0.92003,317.51,317.51,2.00
442500.00,3922000.00,0.87762,317.19,317.19,2.00
442500.00,3922100.00,0.83576,316.77,316.77,2.00
442500.00,3922200.00,0.79048,318.34,318.34,2.00
442500.00,3922300.00,0.75062,319.22,319.22,2.00
442500.00,3922400.00,0.70698,321.75,321.75,2.00
442500.00,3922500.00,0.65889,321.91,321.91,2.00
442500.00,3922600.00,0.61208,321.46,321.46,2.00
442500.00,3922700.00,0.56459,321.17,321.17,2.00
442500.00,3922800.00,0.51633,320.83,320.83,2.00
442500.00,3922900.00,0.46377,322.44,322.44,2.00
442500.00,3923000.00,0.4073,323.16,323.16,2.00
442500.00,3923100.00,0.35297,323.45,323.45,2.00
442500.00,3923200.00,0.30277,323.66,323.66,2.00
442500.00,3923300.00,0.26752,324.47,324.47,2.00
442400.00,3921300.00,1.66859,313.00,313.00,2.00
442400.00,3921400.00,1.27865,315.49,315.49,2.00
442400.00,3921500.00,1.12264,315.48,315.48,2.00
442400.00,3921600.00,1.01603,315.91,315.91,2.00
442400.00,3921700.00,0.94408,316.53,316.53,2.00
442400.00,3921800.00,0.89244,316.81,316.81,2.00
442400.00,3921900.00,0.84786,317.00,317.00,2.00
442400.00,3922000.00,0.80345,317.41,317.41,2.00
442400.00,3922100.00,0.75989,318.74,318.74,2.00
442400.00,3922200.00,0.72455,318.34,318.34,2.00
442400.00,3922300.00,0.69137,316.44,316.44,2.00
442400.00,3922400.00,0.63992,319.92,319.92,2.00
442400.00,3922500.00,0.59463,321.19,321.19,2.00
442400.00,3922600.00,0.55256,320.27,320.27,2.00
442400.00,3922700.00,0.51025,320.71,320.71,2.00
442400.00,3922800.00,0.46443,321.03,321.03,2.00
442400.00,3922900.00,0.41797,323.48,323.48,2.00
442400.00,3923000.00,0.36375,321.60,321.60,2.00
442400.00,3923100.00,0.32115,320.11,320.11,2.00
442400.00,3923200.00,0.27716,321.78,321.78,2.00
442400.00,3923300.00,0.24754,323.14,323.14,2.00
442300.00,3921300.00,1.39931,312.78,312.78,2.00
442300.00,3921400.00,1.16076,313.31,313.31,2.00
442300.00,3921500.00,1.0121,315.57,315.57,2.00
442300.00,3921600.00,0.94938,315.12,315.12,2.00
442300.00,3921700.00,0.89138,315.29,315.29,2.00
442300.00,3921800.00,0.8415,315.27,315.27,2.00
442300.00,3921900.00,0.79251,315.82,315.82,2.00
442300.00,3922000.00,0.7475,316.21,316.21,2.00
442300.00,3922100.00,0.70105,317.76,317.76,2.00
442300.00,3922200.00,0.66498,317.92,317.92,2.00
442300.00,3922300.00,0.63067,316.93,316.93,2.00
442300.00,3922400.00,0.58767,317.93,317.93,2.00
442300.00,3922500.00,0.55207,316.11,316.11,2.00
442300.00,3922600.00,0.50512,319.37,319.37,2.00
442300.00,3922700.00,0.47091,317.45,317.45,2.00
442300.00,3922800.00,0.42126,319.60,319.60,2.00
442300.00,3922900.00,0.37483,321.17,321.17,2.00
442300.00,3923000.00,0.3316,320.58,320.58,2.00
442300.00,3923100.00,0.29437,320.35,320.35,2.00
442300.00,3923200.00,0.25822,321.43,321.43,2.00
442300.00,3923300.00,0.23234,322.01,322.01,2.00
442200.00,3921300.00,1.29518,312.02,312.02,2.00
442200.00,3921400.00,1.0609,312.78,312.78,2.00
442200.00,3921500.00,0.93831,314.84,314.84,2.00
442200.00,3921600.00,0.88555,314.24,314.24,2.00
442200.00,3921700.00,0.8353,313.49,313.49,2.00
442200.00,3921800.00,0.78835,312.71,312.71,2.00
442200.00,3921900.00,0.73678,315.22,315.22,2.00
442200.00,3922000.00,0.68679,316.42,316.42,2.00
442200.00,3922100.00,0.65029,316.68,316.68,2.00
442200.00,3922200.00,0.61377,317.17,317.17,2.00
442200.00,3922300.00,0.57494,318.28,318.28,2.00
442200.00,3922400.00,0.54982,314.01,314.01,2.00
442200.00,3922500.00,0.51051,314.55,314.55,2.00
442200.00,3922600.00,0.46868,316.98,316.98,2.00
442200.00,3922700.00,0.42453,318.97,318.97,2.00
442200.00,3922800.00,0.38178,319.89,319.89,2.00
442200.00,3922900.00,0.34556,319.31,319.31,2.00
442200.00,3923000.00,0.30492,320.41,320.41,2.00
442200.00,3923100.00,0.26952,322.22,322.22,2.00
442200.00,3923200.00,0.24029,323.01,323.01,2.00
442200.00,3923300.00,0.21989,321.74,321.74,2.00
442100.00,3921300.00,1.11166,312.61,312.61,2.00
442100.00,3921400.00,0.95876,313.59,313.59,2.00
442100.00,3921500.00,0.8726,314.30,314.30,2.00
442100.00,3921600.00,0.81164,314.99,314.99,2.00
442100.00,3921700.00,0.77325,313.82,313.82,2.00
442100.00,3921800.00,0.73462,311.94,311.94,2.00
442100.00,3921900.00,0.68112,315.00,315.00,2.00
442100.00,3922000.00,0.63175,317.00,317.00,2.00
442100.00,3922100.00,0.60499,316.20,316.20,2.00
442100.00,3922200.00,0.56769,316.81,316.81,2.00
442100.00,3922300.00,0.5303,317.09,317.09,2.00
442100.00,3922400.00,0.50473,314.60,314.60,2.00
442100.00,3922500.00,0.46857,315.64,315.64,2.00
442100.00,3922600.00,0.43036,316.66,316.66,2.00
442100.00,3922700.00,0.38709,319.12,319.12,2.00
442100.00,3922800.00,0.34999,319.88,319.88,2.00
442100.00,3922900.00,0.31925,318.54,318.54,2.00
442100.00,3923000.00,0.28503,319.29,319.29,2.00
442100.00,3923100.00,0.25332,320.15,320.15,2.00
442100.00,3923200.00,0.22629,321.40,321.40,2.00
442100.00,3923300.00,0.20887,321.00,321.00,2.00
442000.00,3921300.00,0.99257,313.14,313.14,2.00
442000.00,3921400.00,0.87714,314.17,314.17,2.00
442000.00,3921500.00,0.80583,314.68,314.68,2.00
442000.00,3921600.00,0.75636,314.62,314.62,2.00
442000.00,3921700.00,0.71138,314.45,314.45,2.00
442000.00,3921800.00,0.67794,312.73,312.73,2.00
442000.00,3921900.00,0.63734,314.03,314.03,2.00
442000.00,3922000.00,0.60238,314.71,314.71,2.00
442000.00,3922100.00,0.57073,314.32,314.32,2.00
442000.00,3922200.00,0.53513,314.28,314.28,2.00
442000.00,3922300.00,0.49227,316.17,316.17,2.00
442000.00,3922400.00,0.45679,317.64,317.64,2.00
442000.00,3922500.00,0.42712,317.90,317.90,2.00
442000.00,3922600.00,0.39044,318.65,318.65,2.00
442000.00,3922700.00,0.35863,317.86,317.86,2.00
442000.00,3922800.00,0.32704,318.23,318.23,2.00
442000.00,3922900.00,0.29239,319.47,319.47,2.00
442000.00,3923000.00,0.26583,319.00,319.00,2.00
442000.00,3923100.00,0.24102,317.91,317.91,2.00
442000.00,3923200.00,0.21764,319.21,319.21,2.00
442000.00,3923300.00,0.19912,320.02,320.02,2.00
441900.00,3921300.00,0.97143,311.22,311.22,2.00
441900.00,3921400.00,0.83748,312.70,312.70,2.00
441900.00,3921500.00,0.76933,312.84,312.84,2.00
441900.00,3921600.00,0.71786,312.78,312.78,2.00
441900.00,3921700.00,0.66771,313.32,313.32,2.00
441900.00,3921800.00,0.62686,313.72,313.72,2.00
441900.00,3921900.00,0.59944,312.92,312.92,2.00
441900.00,3922000.00,0.56879,312.74,312.74,2.00
441900.00,3922100.00,0.53013,314.26,314.26,2.00
441900.00,3922200.00,0.49727,313.76,313.76,2.00
441900.00,3922300.00,0.46258,314.93,314.93,2.00
441900.00,3922400.00,0.42518,317.14,317.14,2.00
441900.00,3922500.00,0.40067,315.70,315.70,2.00
441900.00,3922600.00,0.36433,316.68,316.68,2.00
441900.00,3922700.00,0.33419,316.77,316.77,2.00
441900.00,3922800.00,0.30528,316.85,316.85,2.00
441900.00,3922900.00,0.27693,316.89,316.89,2.00
441900.00,3923000.00,0.25027,317.93,317.93,2.00
441900.00,3923100.00,0.22476,318.84,318.84,2.00
441900.00,3923200.00,0.20632,319.23,319.23,2.00
441900.00,3923300.00,0.19126,319.10,319.10,2.00
441800.00,3921300.00,0.90396,310.12,310.12,2.00
441800.00,3921400.00,0.80638,310.41,310.41,2.00
441800.00,3921500.00,0.7291,311.84,311.84,2.00
441800.00,3921600.00,0.67551,311.99,311.99,2.00
441800.00,3921700.00,0.62789,312.75,312.75,2.00
441800.00,3921800.00,0.58561,313.91,313.91,2.00
441800.00,3921900.00,0.55485,314.14,314.14,2.00
441800.00,3922000.00,0.52928,312.12,312.12,2.00
441800.00,3922100.00,0.49638,311.51,311.51,2.00
441800.00,3922200.00,0.46509,312.36,312.36,2.00
441800.00,3922300.00,0.43155,314.86,314.86,2.00
441800.00,3922400.00,0.40239,315.06,315.06,2.00
441800.00,3922500.00,0.36884,315.90,315.90,2.00
441800.00,3922600.00,0.33403,318.10,318.10,2.00
441800.00,3922700.00,0.3117,316.55,316.55,2.00
441800.00,3922800.00,0.28336,317.31,317.31,2.00
441800.00,3922900.00,0.25713,318.02,318.02,2.00
441800.00,3923000.00,0.23544,317.51,317.51,2.00
441800.00,3923100.00,0.21398,317.58,317.58,2.00
441800.00,3923200.00,0.19816,317.81,317.81,2.00
441800.00,3923300.00,0.18391,318.30,318.30,2.00
441700.00,3921300.00,0.82164,311.11,311.11,2.00
441700.00,3921400.00,0.7449,310.55,310.55,2.00
441700.00,3921500.00,0.65783,313.20,313.20,2.00
441700.00,3921600.00,0.60973,314.21,314.21,2.00
441700.00,3921700.00,0.58224,313.46,313.46,2.00
441700.00,3921800.00,0.54867,313.74,313.74,2.00
441700.00,3921900.00,0.52153,313.02,313.02,2.00
441700.00,3922000.00,0.4907,312.99,312.99,2.00
441700.00,3922100.00,0.46237,310.15,310.15,2.00
441700.00,3922200.00,0.43476,312.44,312.44,2.00
441700.00,3922300.00,0.40511,314.09,314.09,2.00
441700.00,3922400.00,0.36804,316.85,316.85,2.00
441700.00,3922500.00,0.34053,316.50,316.50,2.00
441700.00,3922600.00,0.32373,312.41,312.41,2.00
441700.00,3922700.00,0.2958,314.62,314.62,2.00
441700.00,3922800.00,0.26753,316.28,316.28,2.00
441700.00,3922900.00,0.24221,317.75,317.75,2.00
441700.00,3923000.00,0.22324,316.59,316.59,2.00
441700.00,3923100.00,0.20442,316.63,316.63,2.00
441700.00,3923200.00,0.18828,318.29,318.29,2.00
441700.00,3923300.00,0.17696,317.53,317.53,2.00
441700.00,3923550.00,0.14356,318.47,318.47,2.00
441700.00,3923800.00,0.12653,319.83,319.83,2.00
441700.00,3924050.00,0.10658,321.50,321.50,2.00
441700.00,3924300.00,0.09542,319.26,319.26,2.00
441700.00,3924550.00,0.08108,322.67,322.67,2.00
441700.00,3924800.00,0.07129,321.95,321.95,2.00
441950.00,3923550.00,0.15383,321.17,321.17,2.00
441950.00,3923800.00,0.13373,321.91,321.91,2.00
441950.00,3924050.00,0.11464,321.73,321.73,2.00
441950.00,3924300.00,0.09719,321.56,321.56,2.00
441950.00,3924550.00,0.08293,324.08,324.08,2.00
441950.00,3924800.00,0.06158,328.50,328.50,2.00
442200.00,3923550.00,0.17031,322.33,322.33,2.00
442200.00,3923800.00,0.14146,322.62,326.00,2.00
442200.00,3924050.00,0.11981,322.93,322.93,2.00
442200.00,3924300.00,0.10201,323.05,323.05,2.00
442200.00,3924550.00,0.0795,326.61,326.61,2.00
442200.00,3924800.00,0.05562,330.93,330.93,2.00
442450.00,3923550.00,0.19295,324.00,324.00,2.00
442450.00,3923800.00,0.1564,323.41,323.41,2.00
442450.00,3924050.00,0.12432,326.13,326.13,2.00
442450.00,3924300.00,0.09156,328.32,328.32,2.00
442450.00,3924550.00,0.07591,329.00,329.00,2.00
442450.00,3924800.00,0.06192,329.31,329.31,2.00
442700.00,3923550.00,0.22544,326.02,326.02,2.00
442700.00,3923800.00,0.14475,329.41,329.41,2.00
442700.00,3924050.00,0.11377,329.30,329.30,2.00
442700.00,3924300.00,0.08829,329.70,329.70,2.00
442700.00,3924550.00,0.06953,329.94,329.94,2.00
442700.00,3924800.00,0.05362,331.47,331.47,2.00
442950.00,3923550.00,0.21002,329.76,329.76,2.00
442950.00,3923800.00,0.1457,330.24,330.24,2.00
442950.00,3924050.00,0.08234,332.91,332.91,2.00
442950.00,3924300.00,0.05965,333.51,333.51,2.00
442950.00,3924550.00,0.06278,331.73,331.73,2.00
442950.00,3924800.00,0.03644,334.97,334.97,2.00
443200.00,3923550.00,0.24969,329.42,329.42,2.00
443200.00,3923800.00,0.12994,331.31,331.31,2.00
443200.00,3924050.00,0.0791,332.54,332.54,2.00
443200.00,3924300.00,0.04231,336.12,336.12,2.00
443200.00,3924550.00,0.0357,335.88,335.88,2.00
443200.00,3924800.00,0.02267,338.57,338.57,2.00
443450.00,3923550.00,0.17601,332.61,332.61,2.00
443450.00,3923800.00,0.07602,335.15,335.15,2.00
443450.00,3924050.00,0.05715,334.85,334.85,2.00
443450.00,3924300.00,0.03494,337.00,337.00,2.00
443450.00,3924550.00,0.02789,337.38,337.38,2.00
443450.00,3924800.00,0.01906,339.11,339.11,2.00
443700.00,3923550.00,0.18122,331.70,331.70,2.00
443700.00,3923800.00,0.08289,333.52,333.52,2.00
443700.00,3924050.00,0.0463,335.55,335.55,2.00
443700.00,3924300.00,0.02856,337.84,337.84,2.00
443700.00,3924550.00,0.01643,341.76,341.76,2.00
443700.00,3924800.00,0.01503,341.32,341.32,2.00
443950.00,3923550.00,0.09486,333.42,333.42,2.00
443950.00,3923800.00,0.05427,336.25,336.25,2.00
443950.00,3924050.00,0.03642,338.78,338.78,2.00
443950.00,3924300.00,0.02602,340.07,340.07,2.00
443950.00,3924550.00,0.0197,341.03,341.03,2.00
443950.00,3924800.00,0.0152,342.60,342.60,2.00
444200.00,3923550.00,0.08397,333.07,333.07,2.00
444200.00,3923800.00,0.03756,337.26,337.26,2.00
444200.00,3924050.00,0.02434,339.86,339.86,2.00
444200.00,3924300.00,0.01723,341.69,341.69,2.00
444200.00,3924550.00,0.01403,340.52,340.52,2.00
444200.00,3924800.00,0.01205,341.99,341.99,2.00
444450.00,3923550.00,0.1007,329.76,329.76,2.00
444450.00,3923800.00,0.04127,335.18,335.18,2.00
444450.00,3924050.00,0.02574,337.80,337.80,2.00
444450.00,3924300.00,0.01817,340.00,340.00,2.00
444450.00,3924550.00,0.01314,341.98,341.98,2.00
444450.00,3924800.00,0.0105,344.32,344.32,2.00
444700.00,3923550.00,0.05855,332.76,332.76,2.00
444700.00,3923800.00,0.04721,333.48,333.48,2.00
444700.00,3924050.00,0.03516,334.45,334.45,2.00
444700.00,3924300.00,0.01713,339.54,339.54,2.00
444700.00,3924550.00,0.0144,340.39,340.39,2.00
444700.00,3924800.00,0.00932,343.80,343.80,2.00
444950.00,3923550.00,0.04343,333.97,333.97,2.00
444950.00,3923800.00,0.02207,338.38,338.38,2.00
444950.00,3924050.00,0.02219,337.30,337.30,2.00
444950.00,3924300.00,0.01226,341.40,341.40,2.00
444950.00,3924550.00,0.01079,342.00,342.00,2.00
444950.00,3924800.00,0.00777,344.72,344.72,2.00
445200.00,3923550.00,0.03612,334.34,334.34,2.00
445200.00,3923800.00,0.02305,337.35,337.35,2.00
445200.00,3924050.00,0.01639,339.47,339.47,2.00
445200.00,3924300.00,0.01209,340.95,340.95,2.00
445200.00,3924550.00,0.00808,343.52,343.52,2.00
445200.00,3924800.00,0.00485,348.12,348.12,2.00
445450.00,3923550.00,0.03572,333.51,333.51,2.00
445450.00,3923800.00,0.02586,335.44,335.44,2.00
445450.00,3924050.00,0.01853,337.50,337.50,2.00
445450.00,3924300.00,0.01487,338.78,338.78,2.00
445450.00,3924550.00,0.01088,340.49,340.49,2.00
445450.00,3924800.00,0.00455,348.11,348.11,2.00
445700.00,3923550.00,0.03512,332.71,332.71,2.00
445700.00,3923800.00,0.02373,335.59,335.59,2.00
445700.00,3924050.00,0.01846,337.08,337.08,2.00
445700.00,3924300.00,0.01443,338.61,338.61,2.00
445700.00,3924550.00,0.00946,341.59,341.59,2.00
445700.00,3924800.00,0.00601,345.06,345.06,2.00
445950.00,3923550.00,0.03357,332.25,332.25,2.00
445950.00,3923800.00,0.02008,336.35,336.35,2.00
445950.00,3924050.00,0.01954,336.14,336.14,2.00
445950.00,3924300.00,0.01231,339.47,339.47,2.00
445950.00,3924550.00,0.0086,342.38,342.38,2.00
445950.00,3924800.00,0.00741,342.88,342.88,2.00
446200.00,3923550.00,0.02605,333.94,333.94,2.00
446200.00,3923800.00,0.01995,335.76,335.76,2.00
446200.00,3924050.00,0.01399,338.51,338.51,2.00
446200.00,3924300.00,0.00981,341.69,341.69,2.00
446200.00,3924550.00,0.0079,343.09,343.09,2.00
446200.00,3924800.00,0.0058,345.16,345.16,2.00
444950.00,3923300.00,0.06419,332.12,332.12,2.00
444950.00,3923050.00,0.08412,331.48,331.48,2.00
444950.00,3922800.00,0.13167,328.38,328.38,2.00
444950.00,3922550.00,0.15919,326.66,326.66,2.00
444950.00,3922300.00,0.17984,324.89,324.89,2.00
444950.00,3922050.00,0.19365,321.47,321.47,2.00
444950.00,3921800.00,0.20117,319.87,319.87,2.00
444950.00,3921550.00,0.20805,318.27,318.27,2.00
444950.00,3921300.00,0.20724,318.27,318.27,2.00
444950.00,3921050.00,0.20526,317.51,317.51,2.00
444950.00,3920800.00,0.20425,315.69,315.69,2.00
444950.00,3920550.00,0.19868,314.09,314.09,2.00
444950.00,3920300.00,0.18751,310.99,310.99,2.00
444950.00,3920050.00,0.17952,311.94,311.94,2.00
444950.00,3919800.00,0.16583,311.71,311.71,2.00
444950.00,3919550.00,0.14369,309.53,309.53,2.00
444950.00,3919300.00,0.13503,309.44,309.44,2.00
444950.00,3919050.00,0.11379,305.79,305.79,2.00
444950.00,3918800.00,0.10522,304.83,304.83,2.00
445200.00,3923300.00,0.05177,332.64,332.64,2.00
445200.00,3923050.00,0.07512,330.91,330.91,2.00
445200.00,3922800.00,0.11153,327.35,327.35,2.00
445200.00,3922550.00,0.12835,326.78,326.78,2.00
445200.00,3922300.00,0.14364,324.10,324.10,2.00
445200.00,3922050.00,0.15701,323.57,323.57,2.00
445200.00,3921800.00,0.16641,320.23,320.23,2.00
445200.00,3921550.00,0.17096,319.50,319.50,2.00
445200.00,3921300.00,0.17077,319.46,319.46,2.00
445200.00,3921050.00,0.1738,317.54,317.54,2.00
445200.00,3920800.00,0.17198,316.58,316.58,2.00
445200.00,3920550.00,0.17071,315.68,315.68,2.00
445200.00,3920300.00,0.16529,313.15,313.15,2.00
445200.00,3920050.00,0.15675,311.92,311.92,2.00
445200.00,3919800.00,0.14894,312.72,312.72,2.00
445200.00,3919550.00,0.13657,312.08,312.08,2.00
445200.00,3919300.00,0.12796,309.72,309.72,2.00
445200.00,3919050.00,0.11228,309.30,309.30,2.00
445200.00,3918800.00,0.10336,309.22,309.22,2.00
445450.00,3923300.00,0.04406,332.97,332.97,2.00
445450.00,3923050.00,0.07489,328.64,328.64,2.00
445450.00,3922800.00,0.09059,327.60,327.60,2.00
445450.00,3922550.00,0.10775,326.12,326.12,2.00
445450.00,3922300.00,0.12493,321.71,321.71,2.00
445450.00,3922050.00,0.13081,322.60,322.60,2.00
445450.00,3921800.00,0.13868,321.49,321.49,2.00
445450.00,3921550.00,0.14328,320.57,320.57,2.00
445450.00,3921300.00,0.14705,319.40,319.40,2.00
445450.00,3921050.00,0.1472,318.79,318.79,2.00
445450.00,3920800.00,0.15217,313.81,313.81,2.00
445450.00,3920550.00,0.14382,317.88,317.88,2.00
445450.00,3920300.00,0.14245,315.91,315.91,2.00
445450.00,3920050.00,0.13902,314.25,314.25,2.00
445450.00,3919800.00,0.12928,315.94,315.94,2.00
445450.00,3919550.00,0.12303,311.95,311.95,2.00
445450.00,3919300.00,0.11321,312.00,312.00,2.00
445450.00,3919050.00,0.10776,311.03,311.03,2.00
445450.00,3918800.00,0.09576,309.69,309.69,2.00
445700.00,3923300.00,0.0486,330.91,330.91,2.00
445700.00,3923050.00,0.06374,328.66,328.66,2.00
445700.00,3922800.00,0.07696,327.38,327.38,2.00
445700.00,3922550.00,0.09493,323.94,323.94,2.00
445700.00,3922300.00,0.10153,325.13,325.13,2.00
445700.00,3922050.00,0.10928,323.59,323.59,2.00
445700.00,3921800.00,0.11023,324.98,324.98,2.00
445700.00,3921550.00,0.12198,321.94,321.94,2.00
445700.00,3921300.00,0.12865,318.42,318.42,2.00
445700.00,3921050.00,0.12978,318.63,318.63,2.00
445700.00,3920800.00,0.1241,320.14,320.14,2.00
445700.00,3920550.00,0.12644,318.56,318.56,2.00
445700.00,3920300.00,0.12358,317.75,317.75,2.00
445700.00,3920050.00,0.12212,314.86,314.86,2.00
445700.00,3919800.00,0.11837,315.09,315.09,2.00
445700.00,3919550.00,0.11165,314.76,314.76,2.00
445700.00,3919300.00,0.10348,313.75,313.75,2.00
445700.00,3919050.00,0.10001,310.04,310.04,2.00
445700.00,3918800.00,0.0897,309.69,309.69,2.00
445950.00,3923300.00,0.04432,330.49,330.49,2.00
445950.00,3923050.00,0.05743,328.05,328.05,2.00
445950.00,3922800.00,0.06718,327.43,327.43,2.00
445950.00,3922550.00,0.07154,328.05,328.05,2.00
445950.00,3922300.00,0.08584,325.00,325.00,2.00
445950.00,3922050.00,0.09265,324.78,324.78,2.00
445950.00,3921800.00,0.0959,324.78,324.78,2.00
445950.00,3921550.00,0.10392,322.35,322.35,2.00
445950.00,3921300.00,0.11002,321.09,321.09,2.00
445950.00,3921050.00,0.11206,319.79,319.79,2.00
445950.00,3920800.00,0.10935,321.06,321.06,2.00
445950.00,3920550.00,0.10683,320.79,320.79,2.00
445950.00,3920300.00,0.10647,319.71,319.71,2.00
445950.00,3920050.00,0.10715,317.53,317.53,2.00
445950.00,3919800.00,0.10348,316.90,316.90,2.00
445950.00,3919550.00,0.10044,315.60,315.60,2.00
445950.00,3919300.00,0.09673,312.10,312.10,2.00
445950.00,3919050.00,0.09079,313.94,313.94,2.00
445950.00,3918800.00,0.08656,312.78,312.78,2.00
446200.00,3923300.00,0.03188,332.88,332.88,2.00
446200.00,3923050.00,0.04503,330.18,330.18,2.00
446200.00,3922800.00,0.05651,327.90,327.90,2.00
446200.00,3922550.00,0.064,327.88,327.88,2.00
446200.00,3922300.00,0.06714,328.26,328.26,2.00
446200.00,3922050.00,0.07828,325.98,325.98,2.00
446200.00,3921800.00,0.08051,326.46,326.46,2.00
446200.00,3921550.00,0.08581,325.05,325.05,2.00
446200.00,3921300.00,0.09485,321.84,321.84,2.00
446200.00,3921050.00,0.10053,319.68,319.68,2.00
446200.00,3920800.00,0.09098,323.98,323.98,2.00
446200.00,3920550.00,0.09566,321.47,321.47,2.00
446200.00,3920300.00,0.09809,318.86,318.86,2.00
446200.00,3920050.00,0.09673,317.42,317.42,2.00
446200.00,3919800.00,0.09362,317.84,317.84,2.00
446200.00,3919550.00,0.08927,318.20,318.20,2.00
446200.00,3919300.00,0.08463,317.11,317.11,2.00
446200.00,3919050.00,0.08105,315.23,315.23,2.00
446200.00,3918800.00,0.08185,314.32,314.32,2.00
444700.00,3920050.00,0.19908,309.39,309.39,2.00
444700.00,3919800.00,0.17774,308.15,308.15,2.00
444700.00,3919550.00,0.17142,310.18,310.18,2.00
444700.00,3919300.00,0.14488,308.41,308.41,2.00
444700.00,3919050.00,0.13267,308.09,308.09,2.00
444700.00,3918800.00,0.11221,303.17,303.17,2.00
444450.00,3920050.00,0.23601,309.62,309.62,2.00
444450.00,3919800.00,0.19712,306.90,306.90,2.00
444450.00,3919550.00,0.17671,306.28,306.28,2.00
444450.00,3919300.00,0.15481,306.23,306.23,2.00
444450.00,3919050.00,0.14192,306.93,306.93,2.00
444450.00,3918800.00,0.12062,304.16,304.16,2.00
444200.00,3920050.00,0.25906,306.60,306.60,2.00
444200.00,3919800.00,0.24136,309.39,309.39,2.00
444200.00,3919550.00,0.18741,303.14,303.14,2.00
444200.00,3919300.00,0.16695,300.93,300.93,2.00
444200.00,3919050.00,0.1478,302.03,302.03,2.00
444200.00,3918800.00,0.13332,304.12,304.12,2.00
443950.00,3920050.00,0.31935,309.14,309.14,2.00
443950.00,3919800.00,0.26775,308.01,308.01,2.00
443950.00,3919550.00,0.22149,306.37,306.37,2.00
443950.00,3919300.00,0.1804,303.38,303.38,2.00
443950.00,3919050.00,0.15382,302.35,302.35,2.00
443950.00,3918800.00,0.13233,300.46,300.46,2.00
443700.00,3920050.00,0.37729,309.69,309.69,2.00
443700.00,3919800.00,0.29422,307.41,307.41,2.00
443700.00,3919550.00,0.23704,306.05,306.05,2.00
443700.00,3919300.00,0.19021,302.76,302.76,2.00
443700.00,3919050.00,0.16044,301.59,301.59,2.00
443700.00,3918800.00,0.13852,300.77,300.77,2.00
443450.00,3920050.00,0.38676,303.90,303.90,2.00
443450.00,3919800.00,0.29146,302.02,302.02,2.00
443450.00,3919550.00,0.23772,305.30,305.30,2.00
443450.00,3919300.00,0.19443,305.83,305.83,2.00
443450.00,3919050.00,0.15502,301.92,301.92,2.00
443450.00,3918800.00,0.13385,303.29,303.29,2.00
443200.00,3920050.00,0.48292,303.05,303.05,2.00
443200.00,3919800.00,0.34902,301.36,301.36,2.00
443200.00,3919550.00,0.266,299.70,299.70,2.00
443200.00,3919300.00,0.21647,304.70,304.70,2.00
443200.00,3919050.00,0.17999,305.58,305.58,2.00
443200.00,3918800.00,0.14335,300.86,300.86,2.00
442950.00,3920050.00,0.74337,309.76,309.76,2.00
442950.00,3919800.00,0.49375,307.22,307.22,2.00
442950.00,3919550.00,0.34277,306.00,306.00,2.00
442950.00,3919300.00,0.23688,300.22,300.22,2.00
442950.00,3919050.00,0.19023,302.88,302.88,2.00
442950.00,3918800.00,0.16238,296.69,296.69,2.00
442700.00,3920050.00,1.06439,308.63,308.63,2.00
442700.00,3919800.00,0.5996,308.35,308.35,2.00
442700.00,3919550.00,0.38429,307.71,307.71,2.00
442700.00,3919300.00,0.30594,304.33,304.33,2.00
442700.00,3919050.00,0.25176,301.34,301.34,2.00
442700.00,3918800.00,0.20351,298.60,298.60,2.00
442450.00,3920050.00,1.10564,307.72,307.72,2.00
442450.00,3919800.00,0.68266,305.67,305.67,2.00
442450.00,3919550.00,0.4463,306.24,306.24,2.00
442450.00,3919300.00,0.32812,304.84,304.84,2.00
442450.00,3919050.00,0.24186,302.41,302.41,2.00
442450.00,3918800.00,0.19723,302.33,302.33,2.00
442200.00,3920050.00,1.04133,308.61,308.61,2.00
442200.00,3919800.00,0.70296,304.86,304.86,2.00
442200.00,3919550.00,0.53597,305.76,305.76,2.00
442200.00,3919300.00,0.39028,305.42,305.42,2.00
442200.00,3919050.00,0.27752,302.81,302.81,2.00
442200.00,3918800.00,0.22331,300.89,300.89,2.00
441950.00,3920050.00,0.92873,306.40,306.40,2.00
441950.00,3919800.00,0.70256,304.62,304.62,2.00
441950.00,3919550.00,0.53677,304.21,304.21,2.00
441950.00,3919300.00,0.41189,300.71,300.71,2.00
441950.00,3919050.00,0.32694,301.15,301.15,2.00
441950.00,3918800.00,0.24057,299.16,299.16,2.00
441700.00,3920050.00,0.82027,304.33,304.33,2.00
441700.00,3919800.00,0.69548,305.07,305.07,2.00
441700.00,3919550.00,0.53911,303.53,303.53,2.00
441700.00,3919300.00,0.43242,303.48,303.48,2.00
441700.00,3919050.00,0.34472,302.31,302.31,2.00
441700.00,3918800.00,0.28439,301.07,301.07,2.00
441450.00,3920050.00,0.77898,304.08,304.08,2.00
441450.00,3919800.00,0.66479,304.55,304.55,2.00
441450.00,3919550.00,0.55189,303.75,303.75,2.00
441450.00,3919300.00,0.43983,303.12,303.12,2.00
441450.00,3919050.00,0.3637,302.44,302.44,2.00
441450.00,3918800.00,0.29516,301.05,301.05,2.00
441200.00,3920050.00,0.73156,304.94,304.94,2.00
441200.00,3919800.00,0.64143,305.15,305.15,2.00
441200.00,3919550.00,0.54939,305.30,305.30,2.00
441200.00,3919300.00,0.44358,300.37,300.37,2.00
441200.00,3919050.00,0.36837,301.83,301.83,2.00
441200.00,3918800.00,0.30876,299.82,299.82,2.00
440950.00,3920050.00,0.65072,304.70,304.70,2.00
440950.00,3919800.00,0.59543,304.92,304.92,2.00
440950.00,3919550.00,0.51474,303.87,303.87,2.00
440950.00,3919300.00,0.44244,303.37,303.37,2.00
440950.00,3919050.00,0.36777,300.53,300.53,2.00
440950.00,3918800.00,0.31442,299.66,299.66,2.00
440700.00,3920050.00,0.56153,303.14,303.14,2.00
440700.00,3919800.00,0.53315,304.82,304.82,2.00
440700.00,3919550.00,0.47949,302.00,302.00,2.00
440700.00,3919300.00,0.41739,300.46,300.46,2.00
440700.00,3919050.00,0.36346,299.68,299.68,2.00
440700.00,3918800.00,0.31407,300.24,300.24,2.00
440450.00,3920050.00,0.51633,305.00,305.00,2.00
440450.00,3919800.00,0.46782,303.32,303.32,2.00
440450.00,3919550.00,0.43572,303.11,303.11,2.00
440450.00,3919300.00,0.39819,298.18,298.18,2.00
440450.00,3919050.00,0.3531,299.29,299.29,2.00
440450.00,3918800.00,0.30752,299.09,299.09,2.00
440200.00,3920050.00,0.44466,304.29,304.29,2.00
440200.00,3919800.00,0.43263,304.88,304.88,2.00
440200.00,3919550.00,0.39724,303.65,303.65,2.00
440200.00,3919300.00,0.36532,300.19,300.19,2.00
440200.00,3919050.00,0.34215,301.59,301.59,2.00
440200.00,3918800.00,0.30529,300.34,300.34,2.00
441450.00,3920300.00,0.9768,307.43,307.43,2.00
441450.00,3920550.00,1.1452,306.01,306.01,2.00
441450.00,3920800.00,1.5069,308.69,308.69,2.00
441450.00,3921050.00,0.88067,311.16,311.16,2.00
441450.00,3921300.00,0.66124,311.74,311.74,2.00
441450.00,3921550.00,0.55286,312.09,312.09,2.00
441450.00,3921800.00,0.47715,309.51,309.51,2.00
441450.00,3922050.00,0.41063,310.97,310.97,2.00
441450.00,3922300.00,0.3425,314.25,314.25,2.00
441450.00,3922550.00,0.28266,315.50,315.50,2.00
441450.00,3922800.00,0.23429,315.19,315.19,2.00
441450.00,3923050.00,0.18942,315.95,315.95,2.00
441450.00,3923300.00,0.16052,316.94,316.94,2.00
441450.00,3923550.00,0.13277,317.84,317.84,2.00
441450.00,3923800.00,0.11513,320.71,320.71,2.00
441450.00,3924050.00,0.10232,318.94,318.94,2.00
441450.00,3924300.00,0.09237,318.90,318.90,2.00
441450.00,3924550.00,0.07723,323.42,323.42,2.00
441450.00,3924800.00,0.0688,323.52,323.52,2.00
441200.00,3920300.00,0.81759,304.47,304.47,2.00
441200.00,3920550.00,0.92924,305.25,305.25,2.00
441200.00,3920800.00,0.87433,306.77,306.77,2.00
441200.00,3921050.00,0.66429,307.38,307.38,2.00
441200.00,3921300.00,0.55729,309.12,309.12,2.00
441200.00,3921550.00,0.47436,309.08,309.08,2.00
441200.00,3921800.00,0.40529,309.47,309.47,2.00
441200.00,3922050.00,0.35166,312.18,312.18,2.00
441200.00,3922300.00,0.29241,314.52,314.52,2.00
441200.00,3922550.00,0.25072,312.20,312.20,2.00
441200.00,3922800.00,0.20661,314.77,314.77,2.00
441200.00,3923050.00,0.17418,312.99,312.99,2.00
441200.00,3923300.00,0.15065,313.61,313.61,2.00
441200.00,3923550.00,0.1233,317.49,317.49,2.00
441200.00,3923800.00,0.11103,316.63,316.63,2.00
441200.00,3924050.00,0.09612,320.23,320.23,2.00
441200.00,3924300.00,0.08679,319.29,319.29,2.00
441200.00,3924550.00,0.07767,319.46,319.46,2.00
441200.00,3924800.00,0.06721,322.98,322.98,2.00
440950.00,3920300.00,0.69774,303.70,303.70,2.00
440950.00,3920550.00,0.7182,304.97,304.97,2.00
440950.00,3920800.00,0.62649,305.48,305.48,2.00
440950.00,3921050.00,0.52208,306.49,306.49,2.00
440950.00,3921300.00,0.45474,307.71,307.71,2.00
440950.00,3921550.00,0.40262,309.62,309.62,2.00
440950.00,3921800.00,0.35392,310.35,310.35,2.00
440950.00,3922050.00,0.29944,309.45,309.45,2.00
440950.00,3922300.00,0.25878,310.93,310.93,2.00
440950.00,3922550.00,0.21875,313.73,313.73,2.00
440950.00,3922800.00,0.18311,314.98,314.98,2.00
440950.00,3923050.00,0.14787,319.45,319.45,2.00
440950.00,3923300.00,0.13745,314.21,314.21,2.00
440950.00,3923550.00,0.11698,315.08,315.08,2.00
440950.00,3923800.00,0.10411,316.10,316.10,2.00
440950.00,3924050.00,0.09481,316.48,316.48,2.00
440950.00,3924300.00,0.08333,317.56,317.56,2.00
440950.00,3924550.00,0.07713,316.50,316.50,2.00
440950.00,3924800.00,0.06812,318.06,318.06,2.00
440700.00,3920300.00,0.60817,304.40,304.40,2.00
440700.00,3920550.00,0.56565,303.22,303.22,2.00
440700.00,3920800.00,0.49439,304.75,304.75,2.00
440700.00,3921050.00,0.42884,305.97,305.97,2.00
440700.00,3921300.00,0.37995,308.00,308.00,2.00
440700.00,3921550.00,0.34338,309.00,309.00,2.00
440700.00,3921800.00,0.30415,311.07,311.07,2.00
440700.00,3922050.00,0.24977,304.85,304.85,2.00
440700.00,3922300.00,0.22462,309.87,309.87,2.00
440700.00,3922550.00,0.19467,310.16,310.16,2.00
440700.00,3922800.00,0.1656,313.40,313.40,2.00
440700.00,3923050.00,0.14273,314.27,314.27,2.00
440700.00,3923300.00,0.12708,310.90,310.90,2.00
440700.00,3923550.00,0.10985,313.48,313.48,2.00
440700.00,3923800.00,0.09664,315.91,315.91,2.00
440700.00,3924050.00,0.09065,314.83,314.83,2.00
440700.00,3924300.00,0.07822,317.75,317.75,2.00
440700.00,3924550.00,0.07291,316.72,316.72,2.00
440700.00,3924800.00,0.06608,317.24,317.24,2.00
440450.00,3920300.00,0.50203,305.15,305.15,2.00
440450.00,3920550.00,0.46686,304.35,304.35,2.00
440450.00,3920800.00,0.40958,304.23,304.23,2.00
440450.00,3921050.00,0.35323,304.08,304.08,2.00
440450.00,3921300.00,0.31912,305.46,305.46,2.00
440450.00,3921550.00,0.29925,308.81,308.81,2.00
440450.00,3921800.00,0.25356,306.86,306.86,2.00
440450.00,3922050.00,0.22122,306.27,306.27,2.00
440450.00,3922300.00,0.19822,308.33,308.33,2.00
440450.00,3922550.00,0.17382,312.32,312.32,2.00
440450.00,3922800.00,0.14757,314.51,314.51,2.00
440450.00,3923050.00,0.1307,310.47,310.47,2.00
440450.00,3923300.00,0.11729,310.88,310.88,2.00
440450.00,3923550.00,0.0999,317.07,317.07,2.00
440450.00,3923800.00,0.0915,314.31,314.31,2.00
440450.00,3924050.00,0.08458,315.23,315.23,2.00
440450.00,3924300.00,0.07726,314.51,314.51,2.00
440450.00,3924550.00,0.07054,314.56,314.56,2.00
440450.00,3924800.00,0.06378,317.52,317.52,2.00
440200.00,3920300.00,0.41577,303.73,303.73,2.00
440200.00,3920550.00,0.38569,303.84,303.84,2.00
440200.00,3920800.00,0.34799,303.72,303.72,2.00
440200.00,3921050.00,0.30043,302.13,302.13,2.00
440200.00,3921300.00,0.29171,308.15,308.15,2.00
440200.00,3921550.00,0.24315,305.26,305.26,2.00
440200.00,3921800.00,0.22081,306.42,306.42,2.00
440200.00,3922050.00,0.19199,304.57,304.57,2.00
440200.00,3922300.00,0.17861,310.04,310.04,2.00
440200.00,3922550.00,0.15706,310.00,310.00,2.00
440200.00,3922800.00,0.1351,309.97,309.97,2.00
440200.00,3923050.00,0.12032,311.15,311.15,2.00
440200.00,3923300.00,0.1064,308.73,308.73,2.00
440200.00,3923550.00,0.09588,311.02,311.02,2.00
440200.00,3923800.00,0.08353,308.58,308.58,2.00
440200.00,3924050.00,0.07982,311.18,311.18,2.00
440200.00,3924300.00,0.07379,311.41,311.41,2.00
440200.00,3924550.00,0.06717,313.20,313.20,2.00
440200.00,3924800.00,0.06097,317.34,317.34,2.00
