OID_,TEMP_C,WS,WD,YAER,MONTH,HOUR,DAY
,20.300012207000002,9.316122899260000,54.082512986700003,2025,12,0,1
,20.222985839800000,9.349316626069999,55.084477652099999,2025,12,1,1
,20.142999267600000,9.285847665020000,57.486628293800003,2025,12,2,1
,20.058007812500001,9.276179203230001,59.595344531199999,2025,12,3,1
,19.990014648399999,9.167592181100000,62.728074550599999,2025,12,4,1
,19.989007568400002,8.862246524000000,66.561479617200007,2025,12,5,1
,20.014001464800000,8.604374203400001,69.792583319100004,2025,12,6,1
,19.988000488299999,8.477362613450000,72.262313948100001,2025,12,7,1
,19.981988525399998,8.458768585980000,77.909940650099998,2025,12,8,1
,20.001000976600000,8.369111225519999,83.240676140700003,2025,12,9,1
,20.382012939500001,7.733050608670000,84.649744487199996,2025,12,10,1
,20.447991943400002,7.999420621870000,85.842480011999996,2025,12,11,1
,20.627008056600001,8.011241643829999,91.487881642100007,2025,12,12,1
,20.767999267600000,7.994358457740000,95.461290846899999,2025,12,13,1
,20.804010009799999,8.061478897610000,98.166035811399993,2025,12,14,1
,20.775994872999998,8.323254504810000,101.590212906000005,2025,12,15,1
,20.705010986300000,8.537824061040000,106.951317544000005,2025,12,16,1
,20.628991699200000,8.556392078320000,110.804623957000004,2025,12,17,1
,20.680993652300000,8.482073111569999,114.814411914999994,2025,12,18,1
,20.738000488299999,8.638040166320000,117.881039826000006,2025,12,19,1
,20.779992675799999,8.672640819930001,120.459234222000006,2025,12,20,1
,20.571008300799999,8.999561722999999,123.707142344000005,2025,12,21,1
,20.988000488299999,9.396708671130000,127.421004120999996,2025,12,22,1
,20.960992431600001,9.566865211400000,132.738130071999990,2025,12,23,1
,20.902001953100001,9.598753975430000,137.611499111000001,2025,12,0,2
,20.784997558600001,9.349063242940000,143.436283906000000,2025,12,1,2
,20.666986084000001,9.267510825300000,149.424467510999989,2025,12,2,2
,20.547998046899998,9.275686118359999,156.624221108999990,2025,12,3,2
,20.475000000000001,9.124219051020001,164.210210004999993,2025,12,4,2
,20.399987793000001,8.844528972710000,172.630547143999991,2025,12,5,2
,20.301995849600001,8.860075100480000,177.817879788999988,2025,12,6,2
,20.385003662100001,8.826650526760000,178.590547872999991,2025,12,7,2
,20.602014160200000,8.448955078530000,180.335865882999997,2025,12,8,2
,20.895989990200000,8.015103388240000,184.387976941999995,2025,12,9,2
,21.066003418000001,7.658440724130000,188.290372692000005,2025,12,10,2
,21.222985839800000,7.982000128400000,192.393919157999989,2025,12,11,2
,21.511987304700000,8.076659551100001,197.935826652999992,2025,12,12,2
,21.688989257799999,7.812484863270000,201.671895895999995,2025,12,13,2
,21.782006835899999,7.847850685120000,202.096281854000011,2025,12,14,2
,21.840997314500001,8.100002392430000,205.011795444999990,2025,12,15,2
,21.917993164100000,8.004787919660000,214.501201802999987,2025,12,16,2
,22.036004638700000,7.816652460910000,221.863818868000010,2025,12,17,2
,21.954003906299999,7.625440240880000,225.481791719999990,2025,12,18,2
,21.606988525399998,7.505894950960000,231.933519832999991,2025,12,19,2
,21.464990234399998,7.343318585650000,240.131175898000009,2025,12,20,2
,21.396997070299999,7.012705579930000,245.018185592999998,2025,12,21,2
,21.751000976600000,5.582440243170000,239.643819003000004,2025,12,22,2
,21.818994140600001,5.404332521000000,229.515239264000002,2025,12,23,2
,21.662011718799999,5.646142517110000,225.831604872000014,2025,12,0,3
,21.602014160200000,5.992114289200000,227.356963374999992,2025,12,1,3
,21.260003662100001,6.259987442440000,234.432552055999992,2025,12,2,3
,20.576989746100001,6.273558505020000,246.620304725000011,2025,12,3,3
,20.391992187500001,5.771632096780000,243.713220925000002,2025,12,4,3
,20.503991699200000,4.991132502350000,233.990409499000009,2025,12,5,3
,20.748010253899999,5.165247978760000,227.771446564000001,2025,12,6,3
,20.894006347700000,5.901597223840000,239.271641482000007,2025,12,7,3
,21.020989990200000,5.919334168490000,245.739299523000000,2025,12,8,3
,21.083001709000001,5.411290812050000,242.081839245999987,2025,12,9,3
,21.326013183600001,4.890213531640000,245.842269912999996,2025,12,10,3
,21.382012939500001,4.825800956700000,238.292206475999990,2025,12,11,3
,21.515008544899999,4.871278173510000,217.438997666999995,2025,12,12,3
,21.584008789100000,5.610680048450000,205.870316341999995,2025,12,13,3
,21.623986816399999,6.717063514720000,207.355897706999997,2025,12,14,3
,21.623986816399999,7.268944291780000,207.811151701000000,2025,12,15,3
,21.676995849600001,7.609473257190000,207.069581672999988,2025,12,16,3
,21.624993896500001,8.038562340189999,207.838780164000013,2025,12,17,3
,21.596002197299999,8.302902302540000,210.266729258999987,2025,12,18,3
,21.567010497999998,8.286294343690001,212.345241246000001,2025,12,19,3
,21.597009277300000,8.232203390860001,208.714859375999993,2025,12,20,3
,21.674005127000001,8.708115083679999,203.960324474999993,2025,12,21,3
,21.938012695299999,9.461598733090000,196.673891448000006,2025,12,22,3
,21.939996337899998,10.557288695700001,197.343476683999995,2025,12,23,3
,22.024011230500001,10.996051079500001,202.034209870000012,2025,12,0,4
,22.162988281299999,11.650833139400000,210.797103297999996,2025,12,1,4
,22.213006591799999,11.353945519400000,211.890907010999996,2025,12,2,4
,22.161004638700000,11.504876471199999,213.177344557999987,2025,12,3,4
,22.136010742200000,11.733157809700000,216.259510890000001,2025,12,4,4
,22.059014892600000,11.611368041600000,216.615880911999994,2025,12,5,4
,22.076013183600001,11.906352525799999,219.449243069000005,2025,12,6,4
,22.129998779299999,12.035643729000000,226.181716633000008,2025,12,7,4
,22.189996337899998,11.802725810100000,232.659438426000008,2025,12,8,4
,22.166009521500001,11.106754729000000,234.044665358000003,2025,12,9,4
,21.672998046899998,10.321969048800000,242.930862302000008,2025,12,10,4
,21.350000000000001,9.818736433170001,243.025100011000006,2025,12,11,4
,21.640985107399999,9.690063531150001,241.316353982999999,2025,12,12,4
,21.563989257799999,9.721799709280001,244.520909722999988,2025,12,13,4
,21.126000976600000,9.499965466890000,243.168786673999989,2025,12,14,4
,21.225000000000001,9.331807238840000,251.755715393999992,2025,12,15,4
,21.454003906299999,9.750414326010000,255.758043065000010,2025,12,16,4
,21.636010742200000,8.562129771450000,256.568737979999980,2025,12,17,4
,21.801995849600001,7.378330577810000,262.730286770000021,2025,12,18,4
,21.951013183600001,7.336502979650000,262.937621885999988,2025,12,19,4
,21.109002685499998,8.100567041960000,257.936883867999995,2025,12,20,4
,21.011987304700000,7.051643602040000,252.485091267999991,2025,12,21,4
,21.628015136700000,6.001471656880000,231.809603436000003,2025,12,22,4
,21.745996093799999,5.634127522900000,221.209592888000003,2025,12,23,4
,21.761987304700000,6.418723565240000,219.420570169000001,2025,12,0,5
,21.769006347700000,7.394484304690000,215.654818949999992,2025,12,1,5
,21.896997070299999,7.949234826070000,213.789640711000004,2025,12,2,5
,21.732995605500001,8.352490137180000,217.865225089000006,2025,12,3,5
,21.903985595700000,8.901631975030000,218.513438030000003,2025,12,4,5
,22.176995849600001,9.464518089220000,215.544602531000010,2025,12,5,5
,22.033990478500002,10.436760242300000,217.953605807000002,2025,12,6,5
,21.877008056600001,10.906845994599999,221.197315989999993,2025,12,7,5
,22.153009033200000,10.994772622699999,226.208135112999997,2025,12,8,5
,22.270013427700000,11.131709786400000,226.453385356000013,2025,12,9,5
,21.451989746100001,11.714248484400001,223.642602323999995,2025,12,10,5
,21.277001953100001,12.603563295300001,223.019212415999988,2025,12,11,5
,21.321984863299999,12.813605135300000,220.085005018999993,2025,12,12,5
,21.887994384799999,12.517696214000001,217.939656530000008,2025,12,13,5
,21.471002197299999,12.355666963099999,218.283201856999995,2025,12,14,5
,21.412988281299999,13.488523903700001,223.735889160999989,2025,12,15,5
,21.425988769500002,14.869315463700000,232.798378495000009,2025,12,16,5
,21.490991210899999,14.125332178600001,239.874519464999992,2025,12,17,5
,21.619989013700000,13.299212921500001,249.460634962000000,2025,12,18,5
,21.020013427700000,11.553656087800000,254.906880075999993,2025,12,19,5
,21.265008544899999,10.116743324000000,260.966782765000005,2025,12,20,5
,21.275994872999998,9.868777475450001,265.813950533000025,2025,12,21,5
,22.195001220700000,8.952162872330000,269.699469431000011,2025,12,22,5
,21.740014648399999,9.435781562430000,273.923283550000008,2025,12,23,5
,21.253015136700000,9.737956115459999,284.513373441999988,2025,12,0,6
,21.094995117200000,9.587309523860000,292.380999719999977,2025,12,1,6
,20.770013427700000,9.641662047270000,299.747114646000000,2025,12,2,6
,20.620996093799999,9.660775812240001,307.138324991999980,2025,12,3,6
,20.614007568400002,10.452463354300001,313.732739557999992,2025,12,4,6
,20.372003173800000,10.417740260400000,320.916486874999975,2025,12,5,6
,19.955987548800000,9.196725378660000,325.375876656999992,2025,12,6,6
,19.623010253899999,8.756268245179999,326.084985809999978,2025,12,7,6
,19.064996337899998,8.794546032460000,323.573929333000024,2025,12,8,6
,19.072991943400002,7.923395556420000,321.452582348000021,2025,12,9,6
,18.801995849600001,8.405283365370000,316.644503546000010,2025,12,10,6
,18.396997070299999,8.625801380910000,318.793329422999989,2025,12,11,6
,18.234002685499998,7.821040253970000,319.309447881999972,2025,12,12,6
,18.172998046899998,7.875847664880000,320.679702495000015,2025,12,13,6
,17.999993896500001,7.045022860640000,321.533036007000021,2025,12,14,6
,17.757012939500001,6.337546636950000,322.095773430000008,2025,12,15,6
,17.601007080100000,6.671430729320000,322.975015906000010,2025,12,16,6
,17.475000000000001,6.222273092210000,324.336536046999981,2025,12,17,6
,17.606011962899998,5.084526839100000,318.368959277999977,2025,12,18,6
,17.804010009799999,4.360070176570000,304.461884895000026,2025,12,19,6
,17.903985595700000,4.097899452460000,296.533224291000010,2025,12,20,6
,17.933007812500001,4.809810134410000,299.244876793999993,2025,12,21,6
,17.652001953100001,4.060422160560000,289.775121738999985,2025,12,22,6
,17.641992187500001,3.656826397710000,282.192593041999999,2025,12,23,6
,17.697991943400002,3.184318001400000,261.680725920999976,2025,12,0,7
,17.898004150399998,4.075427804030000,243.383958785000004,2025,12,1,7
,18.291986084000001,4.956041506290000,227.175405893000004,2025,12,2,7
,18.602014160200000,5.914970620500000,213.634374895999997,2025,12,3,7
,18.645989990200000,6.694985451830000,208.438560993000010,2025,12,4,7
,19.305993652300000,8.738416579470000,204.857891193000000,2025,12,5,7
,19.919000244100001,13.040304647099999,207.276418019000005,2025,12,6,7
,20.636987304700000,15.188274096900001,214.568903481999996,2025,12,7,7
,21.054010009799999,15.207241461600001,215.602065551999999,2025,12,8,7
,21.260003662100001,15.221804709800001,218.014338207999998,2025,12,9,7
,21.615991210899999,16.489611505399999,233.439362405999987,2025,12,10,7
,22.179010009799999,16.417597452199999,246.834623184000009,2025,12,11,7
,22.390008544899999,16.234838367100000,249.127136080000014,2025,12,12,7
,22.426995849600001,16.394255287899998,249.811196563999999,2025,12,13,7
,22.413995361300000,15.990469001199999,251.153738793000002,2025,12,14,7
,22.348992919899999,15.628967269800000,252.673819634000012,2025,12,15,7
,22.283990478500002,15.659414249499999,254.374686816999997,2025,12,16,7
,22.193994140600001,16.449567998999999,257.154728880999983,2025,12,17,7
,21.671014404299999,15.949496193700000,257.218812300000025,2025,12,18,7
,22.132989502000001,16.610768587199999,256.424667896000017,2025,12,19,7
,21.331994628899999,18.974067257000002,253.950301908000000,2025,12,20,7
,21.010003662100001,19.957166198300001,258.033833296000012,2025,12,21,7
,20.895013427700000,19.702022173700001,261.618639767999980,2025,12,22,7
,21.262994384799999,17.013467278800000,262.548818512000025,2025,12,23,7
,21.089990234399998,17.141143985700001,265.718138103999991,2025,12,0,8
,20.659997558600001,17.765306347500001,281.385579974999985,2025,12,1,8
,19.658013916000002,12.467876202899999,318.037941365999984,2025,12,2,8
,18.477014160200000,12.546842164099999,358.600665427000024,2025,12,3,8
,17.869012451200000,11.519733250000000,9.803996808979999,2025,12,4,8
,17.745996093799999,9.650117278500000,359.535434496999983,2025,12,5,8
,17.778985595700000,9.089922227180001,350.258274484000026,2025,12,6,8
,17.842004394500002,9.028309274010001,352.738058142000000,2025,12,7,8
,17.704003906299999,9.313988483439999,357.535032059999992,2025,12,8,8
,17.425012207000002,9.125775029960000,1.776164751550000,2025,12,9,8
,16.850000000000001,8.003789004450001,8.156231788630000,2025,12,10,8
,16.740991210899999,7.300590010540000,10.033279871700000,2025,12,11,8
,16.825006103500002,6.270316405760000,9.722882438639999,2025,12,12,8
,16.876000976600000,4.811245643330000,13.321344523100001,2025,12,13,8
,16.846002197299999,3.801661735400000,20.537012134600001,2025,12,14,8
,16.856988525399998,2.524063268970000,22.925077699900001,2025,12,15,8
,16.857995605500001,1.440670828600000,30.176710325100000,2025,12,16,8
,16.856011962899998,0.679490510303000,51.890999875600002,2025,12,17,8
,16.946008300799999,0.691182353519000,141.905297036000007,2025,12,18,8
,17.101007080100000,1.955966317080000,164.903156598999999,2025,12,19,8
,17.438012695299999,3.072373957580000,158.998009956000004,2025,12,20,8
,17.840997314500001,3.889919232310000,166.581611552999988,2025,12,21,8
,18.863000488299999,6.660819477610000,162.018507145999990,2025,12,22,8
,19.241998291000002,8.602461848420001,173.483310278999994,2025,12,23,8
,19.571984863299999,9.748749481600001,187.427049732000000,2025,12,0,9
,19.838006591799999,10.208588100000000,193.206284232000002,2025,12,1,9
,20.097985839800000,10.730350722900001,195.481872186000004,2025,12,2,9
,20.309014892600000,11.041292887199999,199.276160685000008,2025,12,3,9
,20.084008789100000,11.351979866900001,206.344343656999996,2025,12,4,9
,19.995996093799999,10.972741077500000,211.005119912999987,2025,12,5,9
,20.317987060499998,10.474969365800000,216.766168676000007,2025,12,6,9
,20.530999755900002,10.605909722600000,215.444853246000008,2025,12,7,9
,20.590997314500001,11.040034181799999,214.884435991000004,2025,12,8,9
,20.799005127000001,11.010533924400001,205.919781389000008,2025,12,9,9
,21.071984863299999,10.162777724900000,204.351173670999998,2025,12,10,9
,20.877008056600001,11.046744468600000,197.717176103000014,2025,12,11,9
,20.977990722700000,12.580665625600000,187.176839177999994,2025,12,12,9
,21.261987304700000,17.682234232999999,199.107016796000011,2025,12,13,9
,21.878991699200000,18.539548099899999,206.114925230000011,2025,12,14,9
,22.228997802700000,19.296818066699998,240.555549641999988,2025,12,15,9
,21.919000244100001,17.294213287500000,248.989467026999989,2025,12,16,9
,22.667993164100000,15.321969230100001,245.906254187000002,2025,12,17,9
,22.805993652300000,14.157045994600001,237.906517787000013,2025,12,18,9
,23.240014648399999,15.583957816000000,233.346550917999991,2025,12,19,9
,23.477014160200000,16.311801237699999,232.659993385000007,2025,12,20,9
,23.352990722700000,16.673200216800002,233.493840833000007,2025,12,21,9
,23.571008300799999,16.379207623799999,228.563913732000003,2025,12,22,9
,23.546014404299999,16.673704467000000,230.955779860999996,2025,12,23,9
,23.429986572299999,17.130543055299999,232.951898774999989,2025,12,0,10
,23.278009033200000,17.441181846999999,234.534880087000005,2025,12,1,10
,22.751000976600000,17.851313763299999,236.696730145000004,2025,12,2,10
,22.947991943400002,17.699014858300000,239.454186929999992,2025,12,3,10
,22.830010986300000,17.573888378300001,241.683422914000005,2025,12,4,10
,22.818994140600001,17.702565601000000,242.709847454999988,2025,12,5,10
,23.015008544899999,17.630685308699999,247.045526203999998,2025,12,6,10
,23.071984863299999,18.316057608200001,256.735401168999999,2025,12,7,10
,21.080987548800000,14.926291885600000,330.047264448000021,2025,12,8,10
,17.152001953100001,16.071575287600002,1.998448672990000,2025,12,9,10
,16.739007568400002,13.383236639500000,2.327069216910000,2025,12,10,10
,16.950006103500002,11.421222381100000,359.233585097999992,2025,12,11,10
,17.139001464800000,10.667036487200001,353.877866304000008,2025,12,12,10
,16.965997314500001,10.237931007900000,356.656098035000014,2025,12,13,10
,16.792993164100000,9.668169978970001,2.615245780890000,2025,12,14,10
,16.503991699200000,9.058469941749999,7.042381476240000,2025,12,15,10
,16.460992431600001,8.499413413959999,8.969006410310000,2025,12,16,10
,16.361993408200000,7.811399336530000,11.272373474900000,2025,12,17,10
,16.178002929700000,7.347577854610000,13.528487049000001,2025,12,18,10
,16.170007324200000,7.011588177750000,17.116589119800000,2025,12,19,10
,16.253991699200000,6.903033720200000,19.305260054600001,2025,12,20,10
,16.193994140600001,6.783048189190000,24.838401735700000,2025,12,21,10
,16.369989013700000,7.829528804550000,38.964017584799997,2025,12,22,10
,16.381005859399998,7.752259940150000,48.419650549099998,2025,12,23,10
,16.434991455100000,7.119873076180000,63.140308572800002,2025,12,0,11
,16.568994140600001,7.021448789460000,82.845562856200004,2025,12,1,11
,16.777001953100001,6.931830211460000,92.466218160899999,2025,12,2,11
,16.969995117200000,6.354737636570000,98.564786435499997,2025,12,3,11
,17.128991699200000,6.380416663270000,106.568135634000001,2025,12,4,11
,17.334985351600000,6.160877637890000,112.495109760000005,2025,12,5,11
,17.580987548800000,5.731431252250000,118.718374056000002,2025,12,6,11
,17.770013427700000,5.357130998870000,115.222276973999996,2025,12,7,11
,17.903009033200000,5.526150869240000,110.938760539000000,2025,12,8,11
,18.029992675799999,6.165525932310000,110.873468004000003,2025,12,9,11
,18.576013183600001,6.927568079310000,105.296153884999995,2025,12,10,11
,18.840997314500001,7.668205549070000,111.719991543000006,2025,12,11,11
,19.251000976600000,8.502987504920000,120.012575745000007,2025,12,12,11
,19.730004882799999,8.909808174229999,128.520743051000011,2025,12,13,11
,20.014001464800000,9.326963930700000,137.192838566999995,2025,12,14,11
,20.206994628899999,9.355847134830000,149.075397455999990,2025,12,15,11
,20.330010986300000,9.643374652200000,156.713478449000007,2025,12,16,11
,20.559014892600000,10.075353528200001,158.709732293999991,2025,12,17,11
,20.646997070299999,10.202277015400000,161.013936486999995,2025,12,18,11
,20.885003662100001,10.656777645700000,162.884036873000014,2025,12,19,11
,21.037011718799999,10.624009030100000,164.933358539000011,2025,12,20,11
,21.119012451200000,10.577769060800000,167.190106281999988,2025,12,21,11
,21.536004638700000,11.149082135800001,163.699122727000002,2025,12,22,11
,21.573999023399999,11.242214306199999,165.020783287000000,2025,12,23,11
,21.528985595700000,11.129892023700000,164.168217303999995,2025,12,0,12
,21.541009521500001,11.410609585300000,163.591876469999988,2025,12,1,12
,21.688989257799999,12.836571091000000,173.144711505999993,2025,12,2,12
,21.843011474600001,11.388602706500000,176.202662959999998,2025,12,3,12
,21.952996826200000,12.316018468399999,181.369528223000003,2025,12,4,12
,21.967004394500002,12.609701121700001,187.007846480000012,2025,12,5,12
,21.830010986300000,12.370153229400000,188.957148340000003,2025,12,6,12
,21.817010497999998,12.707824363300000,193.297768560000009,2025,12,7,12
,21.817987060499998,12.640206121400000,199.345728825999998,2025,12,8,12
,21.903985595700000,12.143851500800000,204.652408643000001,2025,12,9,12
,21.902001953100001,10.253182266100000,205.860819625000005,2025,12,10,12
,21.882012939500001,10.699055097000000,205.548710747999991,2025,12,11,12
,21.838006591799999,11.093014459000001,203.666032851000011,2025,12,12,12
,21.797998046899998,11.397772159700001,202.773859273999989,2025,12,13,12
,21.762994384799999,11.088305703600000,203.135036344000014,2025,12,14,12
,21.732995605500001,11.124032310700001,202.302212059999988,2025,12,15,12
,21.751000976600000,11.258924547099999,201.896428168999989,2025,12,16,12
,21.817987060499998,11.204439264399999,202.791542838999987,2025,12,17,12
,21.878015136700000,11.555038766599999,203.433560997999990,2025,12,18,12
,21.960992431600001,12.104641842099999,209.081499229000002,2025,12,19,12
,22.003991699200000,11.986764602499999,212.160677913000001,2025,12,20,12
,21.990014648399999,11.924289923700000,212.224811197999998,2025,12,21,12
,22.059014892600000,12.638048133300000,212.466418221999987,2025,12,22,12
,22.041009521500001,12.026725255100001,211.153347727000011,2025,12,23,12
,22.033013916000002,11.917139715299999,209.864578746999996,2025,12,0,13
,22.027001953100001,12.204737284500000,209.353447074000002,2025,12,1,13
,22.093011474600001,12.442038470000000,208.664363869999988,2025,12,2,13
,22.110009765600001,12.427930668200000,208.173437745999991,2025,12,3,13
,22.102014160200000,12.393614053700000,207.231164366999991,2025,12,4,13
,22.028985595700000,12.092240902300000,207.734565792000012,2025,12,5,13
,21.904992675799999,12.514031431399999,214.094062156999996,2025,12,6,13
,21.504998779299999,12.781860038500000,221.152017381000007,2025,12,7,13
,21.799005127000001,10.591486236100000,220.890923659000009,2025,12,8,13
,22.007989502000001,11.937977406800000,224.428385128999992,2025,12,9,13
,21.386987304700000,11.129375154700000,221.688981595999991,2025,12,10,13
,21.379998779299999,11.094851672900001,217.081722344000013,2025,12,11,13
,21.352014160200000,11.042045692300000,221.038485893000001,2025,12,12,13
,21.399011230500001,10.891832676000000,225.868097094999996,2025,12,13,13
,21.313012695299999,10.721763254000001,231.433697381999991,2025,12,14,13
,21.322991943400002,10.417893685899999,232.157117389000007,2025,12,15,13
,21.333001709000001,10.804171667800000,232.297876255999995,2025,12,16,13
,21.028985595700000,11.156804602599999,238.557648596000007,2025,12,17,13
,21.060998535200000,11.188102833800000,249.542673285000006,2025,12,18,13
,20.891992187500001,9.197815378620000,262.656393490000028,2025,12,19,13
,21.053002929700000,7.794085230960000,273.240866851000021,2025,12,20,13
,20.688012695299999,6.587025182650000,273.401624326999979,2025,12,21,13
,21.791986084000001,6.112338622910000,271.025303640000004,2025,12,22,13
,21.654992675799999,5.827786924150000,279.048730544000023,2025,12,23,13
,21.352014160200000,6.001539032960000,293.812910632000012,2025,12,0,14
,21.011987304700000,6.232344447280000,309.039150920999987,2025,12,1,14
,20.693994140600001,6.182305515680000,322.502091584000027,2025,12,2,14
,20.313012695299999,5.975964405330000,335.941252893000012,2025,12,3,14
,19.889001464800000,5.594334406670000,350.079714237000019,2025,12,4,14
,19.542993164100000,5.407175679420000,4.680980742630000,2025,12,5,14
,19.382012939500001,5.410945374820000,17.178828241800002,2025,12,6,14
,19.353997802700000,5.612046309660000,23.558145407300000,2025,12,7,14
,19.377008056600001,6.201005472670000,23.875897222599999,2025,12,8,14
,19.316003418000001,6.656905021140000,26.840420707600000,2025,12,9,14
,19.294000244100001,5.377810785670000,26.810813202199999,2025,12,10,14
,19.245996093799999,5.293379899280000,28.443079317999999,2025,12,11,14
,19.183007812500001,5.655223437140000,29.266580144500001,2025,12,12,14
,19.132989502000001,5.787172325530000,31.323445866499998,2025,12,13,14
,19.059991455100000,5.410104424950000,34.157247055200003,2025,12,14,14
,18.964013671899998,5.342513984370000,32.593502810300002,2025,12,15,14
,18.834008789100000,5.340465584790000,33.244856528800000,2025,12,16,14
,18.736993408200000,5.486336990190000,41.223011842299996,2025,12,17,14
,18.715997314500001,5.540818209220000,52.207674605699999,2025,12,18,14
,18.753991699200000,5.462798624150000,63.364543866299996,2025,12,19,14
,18.865014648399999,5.337937970030000,71.979837187499996,2025,12,20,14
,18.972985839800000,5.406638776440000,81.835546292000004,2025,12,21,14
,19.040002441399999,5.552201585300000,99.370747930500002,2025,12,22,14
,19.191003418000001,5.787573742650000,114.655370710000000,2025,12,23,14
,19.419000244100001,6.195098834780000,128.423347591000010,2025,12,0,15
,19.684991455100000,6.710196795020000,139.462757396999990,2025,12,1,15
,19.973992919899999,7.083875867220000,147.051440982999992,2025,12,2,15
,20.200006103500002,7.421266165410000,152.191877062000003,2025,12,3,15
,20.356011962899998,7.936100633680000,158.458329569000000,2025,12,4,15
,20.434014892600000,8.771075779209999,160.717210712999986,2025,12,5,15
,20.530999755900002,9.282382677619999,162.340887071999987,2025,12,6,15
,20.481011962899998,9.579158061390000,163.801617982000010,2025,12,7,15
,20.602014160200000,10.365066736899999,164.702474251000012,2025,12,8,15
,20.741998291000002,11.088354555600000,166.739304492000002,2025,12,9,15
,20.741998291000002,11.138068592000000,165.759193514999993,2025,12,10,15
,21.058007812500001,11.258068666800000,172.580188146000012,2025,12,11,15
,21.307000732399999,10.842826869900000,178.187250291999987,2025,12,12,15
,21.576989746100001,10.765851066900000,183.177490277000004,2025,12,13,15
,21.666009521500001,11.567275592100000,187.617310346000011,2025,12,14,15
,21.711999511700000,11.829500750799999,195.250964159000006,2025,12,15,15
,21.672998046899998,11.777375492299999,200.768372626000001,2025,12,16,15
,21.575006103500002,11.544605161100000,199.070583357999993,2025,12,17,15
,21.490014648399999,11.754916846500000,197.290723950999990,2025,12,18,15
,21.478997802700000,12.036781525700000,196.318083215999991,2025,12,19,15
,21.544000244100001,12.283394895600001,197.332965905000009,2025,12,20,15
,21.606011962899998,12.188979152000000,198.267438599999991,2025,12,21,15
,21.735009765600001,12.120087877200000,191.247677181000000,2025,12,22,15
,21.757012939500001,13.593019242200000,193.112526695000014,2025,12,23,15
,21.820001220700000,13.880592112800000,195.911132591000012,2025,12,0,16
,21.905999755900002,15.123027578300000,202.680051953000003,2025,12,1,16
,21.907006835899999,15.217858635000001,203.950015130999986,2025,12,2,16
,21.879998779299999,15.403421076500001,205.745155041999993,2025,12,3,16
,21.853997802700000,15.207707529000000,209.018339771000001,2025,12,4,16
,21.943994140600001,14.999690751999999,213.088962134000013,2025,12,5,16
,22.126000976600000,15.063737873799999,213.272854800999994,2025,12,6,16
,22.010003662100001,15.033319723300000,211.909822897999987,2025,12,7,16
,22.092004394500002,14.672217676900001,214.784811227000006,2025,12,8,16
,21.719995117200000,14.180649502500000,221.709803931000010,2025,12,9,16
,21.559991455100000,12.921998988600000,222.977316844999990,2025,12,10,16
,21.404992675799999,13.112486477999999,228.019552812000001,2025,12,11,16
,21.204003906299999,11.833910717600000,237.923105392999986,2025,12,12,16
,20.866998291000002,9.841113703280000,254.114551465000005,2025,12,13,16
,20.313989257799999,7.697735678920000,268.552731873000027,2025,12,14,16
,20.006005859399998,6.333406180250000,268.605365383999981,2025,12,15,16
,20.222985839800000,6.023743380490000,256.193871983000008,2025,12,16,16
,20.459008789100000,6.116101710590000,250.332822821999997,2025,12,17,16
,20.477014160200000,6.253438690260000,256.824261515999979,2025,12,18,16
,20.382012939500001,5.626943125480000,276.621415281999987,2025,12,19,16
,20.313989257799999,4.817982510850000,299.665214923999997,2025,12,20,16
,20.226007080100000,4.181791143370000,317.343465620000018,2025,12,21,16
,20.412011718799999,4.756246374780000,293.124468580999974,2025,12,22,16
,20.323999023399999,5.019660063400000,296.977354821999995,2025,12,23,16
,20.226007080100000,4.584568111670000,301.058233625000014,2025,12,0,17
,20.124993896500001,5.125173798380000,305.427617520000013,2025,12,1,17
,19.951989746100001,5.484070685220000,304.504541177000021,2025,12,2,17
,19.533990478500002,5.129080659760000,300.006573573000026,2025,12,3,17
,19.221002197299999,5.371512057570000,297.847019497000019,2025,12,4,17
,18.990014648399999,6.015964250780000,300.928688610999984,2025,12,5,17
,18.903009033200000,5.532990435040000,316.964739344000009,2025,12,6,17
,18.861993408200000,5.582742612340000,324.915006413000015,2025,12,7,17
,18.839990234399998,5.002414120570000,328.208368558000018,2025,12,8,17
,18.710992431600001,5.349190780900000,337.147760973999993,2025,12,9,17
,18.439996337899998,5.959949976560000,330.324445072000003,2025,12,10,17
,18.361993408200000,7.582798474350000,338.888281656999993,2025,12,11,17
,18.342004394500002,8.020085393210000,342.524689430000024,2025,12,12,17
,18.434991455100000,7.858755887410000,350.313290572000028,2025,12,13,17
,18.402001953100001,7.933598077450000,351.978802464000012,2025,12,14,17
,18.297998046899998,8.183764821450000,354.323242699999980,2025,12,15,17
,18.176995849600001,8.243451380440000,2.727904484320000,2025,12,16,17
,17.965997314500001,8.559477112390001,7.231598018410000,2025,12,17,17
,17.702996826200000,8.544641290040000,13.613902205800001,2025,12,18,17
,17.530999755900002,8.475682197950000,19.928048912800001,2025,12,19,17
,17.541986084000001,8.411338202190001,26.702408932400001,2025,12,20,17
,17.542993164100000,8.330119110760000,31.005549495000000,2025,12,21,17
,17.659997558600001,8.035237906730000,32.532383744000001,2025,12,22,17
,17.573999023399999,8.215826290500001,36.301493245499998,2025,12,23,17
,17.468988037100001,8.159029549130000,41.074526492700002,2025,12,0,18
,17.421014404299999,7.857568491520000,44.631492578100001,2025,12,1,18
,17.392999267600000,7.530061620130000,50.201043894300000,2025,12,2,18
,17.419000244100001,7.028271124620000,53.689775172499999,2025,12,3,18
,17.340997314500001,6.581836224390000,51.713353753100002,2025,12,4,18
,17.287988281299999,6.784862768910000,53.531412229799997,2025,12,5,18
,17.260003662100001,6.778822222560000,61.004331741500003,2025,12,6,18
,17.294000244100001,6.514924448530000,69.470933347400006,2025,12,7,18
,17.374993896500001,6.689683789360000,76.213611153800002,2025,12,8,18
,17.506005859399998,6.624024517290000,80.261893883400006,2025,12,9,18
,17.364007568400002,6.210824487970000,82.321854593300003,2025,12,10,18
,17.520989990200000,5.962702218710000,94.216932892900005,2025,12,11,18
,17.760003662100001,6.162270018210000,100.513858952999996,2025,12,12,18
,18.053002929700000,6.477435634090000,101.721033234999993,2025,12,13,18
,18.471002197299999,6.680959194550000,108.648923233999994,2025,12,14,18
,18.790002441399999,6.513963226710000,116.219283955999998,2025,12,15,18
,19.115991210899999,6.190944136930000,124.109000652000006,2025,12,16,18
,19.372003173800000,6.036334646790000,124.505555647999998,2025,12,17,18
,19.602990722700000,6.279196636060000,127.294948265000002,2025,12,18,18
,19.800012207000002,6.436813169710000,129.564092812000013,2025,12,19,18
,19.489007568400002,6.006745043940000,133.166385509999998,2025,12,20,18
,19.448999023399999,4.984004565980000,131.843026385999991,2025,12,21,18
,19.635003662100001,4.505637134880000,117.956393000000006,2025,12,22,18
,19.696008300799999,4.883657544060000,112.101513651999994,2025,12,23,18
,19.413995361300000,4.552127072660000,102.854643628999995,2025,12,0,19
,18.973992919899999,4.391544557980000,84.638315708999997,2025,12,1,19
,18.825006103500002,4.818556108540000,88.543797103000003,2025,12,2,19
,18.757989502000001,4.585448776800000,92.047963006800003,2025,12,3,19
,18.834985351600000,4.430903945560000,82.014620228900000,2025,12,4,19
,18.738000488299999,4.741200578480000,66.497092884500006,2025,12,5,19
,18.662988281299999,6.404916913030000,50.188931151799999,2025,12,6,19
,18.601007080100000,8.173187558910000,45.304111449300002,2025,12,7,19
,18.640008544899999,8.830881414260000,50.939894818500001,2025,12,8,19
,18.752008056600001,8.985335801210001,52.773865619399999,2025,12,9,19
,19.166986084000001,11.000037800099999,49.791808778600000,2025,12,10,19
,19.042993164100000,11.546818176900000,46.045051869799998,2025,12,11,19
,19.015985107399999,12.064176610900001,47.124934580800002,2025,12,12,19
,19.086999511700000,12.148566870300000,51.086491634799998,2025,12,13,19
,19.103997802700000,12.078963829199999,56.250928154900002,2025,12,14,19
,19.158990478500002,11.862675424900001,62.208317244600003,2025,12,15,19
,19.182000732399999,11.441477599900001,66.227440596099996,2025,12,16,19
,19.231988525399998,11.327178705100000,68.805621089599995,2025,12,17,19
,19.260003662100001,11.555614503899999,71.868213894199997,2025,12,18,19
,19.316003418000001,11.827884404500001,73.757644933199998,2025,12,19,19
,19.378015136700000,12.199104301200000,76.493114029500006,2025,12,20,19
,19.402001953100001,12.234320746400000,79.875275655799996,2025,12,21,19
,19.598992919899999,12.962802782600001,82.960936022200002,2025,12,22,19
,19.725000000000001,12.793861490799999,88.325765547200007,2025,12,23,19
,19.874993896500001,12.724911408800001,91.832943913899996,2025,12,0,20
,19.993005371100001,12.379271107399999,94.863492015600002,2025,12,1,20
,19.976007080100000,12.502995246599999,97.511563467900004,2025,12,2,20
,20.028009033200000,12.721308720300000,101.722079972000003,2025,12,3,20
,20.045007324200000,12.721738122200000,105.495856270999994,2025,12,4,20
,19.941003418000001,12.517567001700000,108.388673933999996,2025,12,5,20
,19.988000488299999,12.505255853000000,110.913684480000001,2025,12,6,20
,20.037011718799999,12.292906066100000,112.212830330000003,2025,12,7,20
,20.042993164100000,12.254053184900000,114.023379302999999,2025,12,8,20
,20.158013916000002,12.251357645600001,116.893080456999996,2025,12,9,20
,20.058007812500001,11.871605960300000,116.034427158000000,2025,12,10,20
,20.238000488299999,12.260325537100000,118.000243698000006,2025,12,11,20
,20.361993408200000,12.379717919699999,121.325461392999998,2025,12,12,20
,20.504998779299999,12.383708317400000,125.987642436000002,2025,12,13,20
,20.661004638700000,11.995817727200000,131.247126744000013,2025,12,14,20
,20.788995361300000,11.409316395399999,137.080869032999999,2025,12,15,20
,20.947991943400002,11.168981473500001,141.190167085000013,2025,12,16,20
,20.999993896500001,11.108671056100000,140.704264193000000,2025,12,17,20
,20.994989013700000,11.266922493799999,139.413746919000005,2025,12,18,20
,21.067987060499998,10.988027819899999,144.798815483999988,2025,12,19,20
,21.140985107399999,10.737425080700000,152.083160488999994,2025,12,20,20
,21.175012207000002,9.930511512450000,159.154281628000007,2025,12,21,20
,21.166986084000001,8.168769202469999,159.842230747000002,2025,12,22,20
,21.215997314500001,9.019428898559999,162.930342415000013,2025,12,23,20
,21.188012695299999,9.467514712890001,166.663613421000008,2025,12,0,21
,21.162988281299999,9.699497988579999,172.490160481999993,2025,12,1,21
,21.111993408200000,10.011773998200001,177.846010922999994,2025,12,2,21
,21.170007324200000,10.223303663899999,181.862915412999996,2025,12,3,21
,21.088006591799999,10.468332037500000,183.842439923999990,2025,12,4,21
,21.001000976600000,10.445018504500000,186.671070243000003,2025,12,5,21
,20.563989257799999,10.966284667700000,190.660852688000006,2025,12,6,21
,20.663995361300000,12.005890989699999,194.543307558000009,2025,12,7,21
,20.879998779299999,11.932729996400001,196.076058609999990,2025,12,8,21
,20.850000000000001,12.528425930599999,198.978349355999995,2025,12,9,21
,20.993005371100001,11.429173508200000,195.777086940999993,2025,12,10,21
,20.903009033200000,11.822173179500000,195.478332773999995,2025,12,11,21
,20.797998046899998,12.368211521899999,198.808024197999998,2025,12,12,21
,20.723992919899999,12.683327275300000,205.946358800000013,2025,12,13,21
,20.473992919899999,11.815614642900000,209.854425996999993,2025,12,14,21
,20.262994384799999,11.695097223699999,212.464740731999996,2025,12,15,21
,20.274011230500001,10.677987488699999,216.397070087000003,2025,12,16,21
,20.442987060499998,10.212172511600000,222.968977787000000,2025,12,17,21
,20.296990966799999,9.321816514100000,234.053592420999991,2025,12,18,21
,20.458001709000001,7.704581287450000,254.452223664000002,2025,12,19,21
,20.222985839800000,6.500907541150000,284.944543044000000,2025,12,20,21
,20.073999023399999,5.418873244560000,312.116290918000004,2025,12,21,21
,20.218988037100001,3.504332721660000,356.310578782999983,2025,12,22,21
,20.059014892600000,3.627123506700000,41.208438182599998,2025,12,23,21
,19.879998779299999,2.994793188120000,76.668472749900005,2025,12,0,22
,19.722985839800000,2.305597158110000,113.599578332999997,2025,12,1,22
,19.586999511700000,2.304614670460000,151.218625403000004,2025,12,2,22
,19.433007812500001,2.557180419080000,174.298480783000002,2025,12,3,22
,19.294000244100001,2.485633579280000,193.381532448999991,2025,12,4,22
,19.265008544899999,2.188407927510000,214.326473123000000,2025,12,5,22
,19.179010009799999,1.771238198470000,235.364094550000004,2025,12,6,22
,19.106988525399998,1.513767480600000,250.454698946000008,2025,12,7,22
,18.982995605500001,1.300045962620000,259.701034891000006,2025,12,8,22
,18.961999511700000,1.314130814420000,258.918839850999973,2025,12,9,22
,19.722985839800000,2.335065187610000,238.303764803999997,2025,12,10,22
,19.666986084000001,2.385651944700000,249.360964077999995,2025,12,11,22
,19.589990234399998,2.259834730300000,256.767033614000013,2025,12,12,22
,19.563989257799999,1.960846127510000,260.768545494000023,2025,12,13,22
,19.485986328100001,1.544585797860000,254.443197623000003,2025,12,14,22
,19.417993164100000,1.635254270750000,243.108083369000013,2025,12,15,22
,19.386010742200000,2.066546545330000,246.704051009000011,2025,12,16,22
,19.381005859399998,2.453110810260000,252.921759947999988,2025,12,17,22
,19.346002197299999,2.453070767530000,254.574146875999986,2025,12,18,22
,19.320001220700000,2.427470284150000,251.482343119999996,2025,12,19,22
,19.335992431600001,2.440571732370000,241.533659239000002,2025,12,20,22
,19.365991210899999,2.994977880020000,229.684476475999986,2025,12,21,22
,19.671014404299999,3.291201659240000,221.203939641999995,2025,12,22,22
,19.709008789100000,4.301681438210000,223.096602050000001,2025,12,23,22
,19.761010742200000,5.093809349790000,223.147676456999989,2025,12,0,23
,19.718988037100001,5.608413316330000,218.195710686000012,2025,12,1,23
,19.632989502000001,6.505395850440000,209.658590497999995,2025,12,2,23
,19.508996582000002,7.680672443670000,205.259858022000003,2025,12,3,23
,19.456994628899999,8.314343699729999,202.370561850000001,2025,12,4,23
,19.429010009799999,8.487546436930000,201.617613745999989,2025,12,5,23
,19.653009033200000,8.901317421780000,205.162681061999990,2025,12,6,23
,20.234002685499998,8.618656202750000,202.324416573000008,2025,12,7,23
,20.428002929700000,9.615466660370000,199.356830540000004,2025,12,8,23
,20.575006103500002,11.301013826800000,205.160236399000013,2025,12,9,23
,20.327996826200000,10.934875870999999,213.641166019999986,2025,12,10,23
,20.527001953100001,10.260403819300000,218.105981281999988,2025,12,11,23
,20.594995117200000,10.324875682600000,226.081110725999991,2025,12,12,23
,20.365991210899999,11.268021115800000,229.499292609999998,2025,12,13,23
,19.926995849600001,11.892296973000001,242.502126943000007,2025,12,14,23
,19.658013916000002,11.413230954499999,264.500654557000018,2025,12,15,23
,19.274011230500001,11.222616820300001,274.416036028000008,2025,12,16,23
,18.778009033200000,11.222758902500001,268.776340425000001,2025,12,17,23
,18.645013427700000,11.515927107600000,265.028283509999994,2025,12,18,23
,18.480004882799999,12.216802339399999,266.092320508000000,2025,12,19,23
,18.023004150399998,12.371456987700000,269.507433311000000,2025,12,20,23
,17.508996582000002,12.582329581600000,273.459576051999989,2025,12,21,23
,16.985986328100001,12.512408392099999,271.235426944999972,2025,12,22,23
,16.611993408200000,13.367158391400000,278.575973348999980,2025,12,23,23
,16.313012695299999,12.869740421099999,288.105597262999993,2025,12,0,24
,16.020989990200000,12.428710899100000,294.073482447000004,2025,12,1,24
,15.913995361300000,12.398978997300000,294.247951431999979,2025,12,2,24
,15.948999023400001,12.798765385199999,293.133972012000015,2025,12,3,24
,15.839013671900000,12.874722672200001,296.074258455000006,2025,12,4,24
,15.549005126999999,12.441168929300000,300.470712272000014,2025,12,5,24
,15.463006591799999,12.580350273800001,301.903973743999984,2025,12,6,24
,15.359002685500000,12.848003639100000,307.121147154000028,2025,12,7,24
,15.271997070299999,12.821983437700000,314.765261668999983,2025,12,8,24
,15.211999511700000,12.589163198100000,321.602384373999996,2025,12,9,24
,15.585992431599999,11.192444459900001,324.754482370999995,2025,12,10,24
,15.576989746100001,10.571824151100000,330.875199814999974,2025,12,11,24
,15.559014892600000,9.775102042129999,336.500656072000027,2025,12,12,24
,15.558007812500000,9.134666861570000,342.092091636000021,2025,12,13,24
,15.581994628900000,8.743306678950001,346.873703782000007,2025,12,14,24
,15.596002197300001,8.556877573540000,351.616884006000021,2025,12,15,24
,15.614007568400000,8.251963063970001,358.910101438000027,2025,12,16,24
,15.653985595700000,7.872232828950000,10.444410863800000,2025,12,17,24
,15.775994873000000,7.352018336110000,24.087851563200001,2025,12,18,24
,15.883996582000000,7.027262052660000,42.624652514799998,2025,12,19,24
,16.064996337899998,7.118454988850000,63.850668026100003,2025,12,20,24
,16.313989257799999,7.584208706930000,82.206216161499995,2025,12,21,24
,16.605004882799999,8.400052987790000,109.432827173999996,2025,12,22,24
,16.968988037100001,8.892625097680000,117.537579535999996,2025,12,23,24
,17.326013183600001,9.416200969509999,122.259270826999995,2025,12,0,25
,17.698999023399999,9.900854332020000,126.437295638999998,2025,12,1,25
,18.030999755900002,10.284743437300000,129.840008586000010,2025,12,2,25
,18.286004638700000,11.129853293700000,134.664959514000003,2025,12,3,25
,18.355004882799999,11.331551879299999,138.446532041000012,2025,12,4,25
,18.475000000000001,11.242893263099999,141.672652454000001,2025,12,5,25
,18.506005859399998,11.672090704600000,143.748964857999994,2025,12,6,25
,18.377008056600001,12.001826465200001,146.908267255999988,2025,12,7,25
,18.564996337899998,12.009184819100000,151.362547761999991,2025,12,8,25
,18.847985839800000,11.646110808900000,152.239816501999996,2025,12,9,25
,18.999993896500001,12.407884466100001,146.390066969999992,2025,12,10,25
,19.346002197299999,13.148950431899999,147.942137086999992,2025,12,11,25
,19.405999755900002,12.869032578700001,149.994581165999989,2025,12,12,25
,19.661004638700000,12.802883204900001,150.037414506000005,2025,12,13,25
,19.682000732399999,12.855280023700001,146.802122031000010,2025,12,14,25
,19.773004150399998,13.870347901300001,141.956523075999996,2025,12,15,25
,19.728997802700000,14.965494267700000,140.011116214999987,2025,12,16,25
,19.243005371100001,14.108813708700000,145.148507956999993,2025,12,17,25
,19.261987304700000,13.420552198499999,157.676100934000004,2025,12,18,25
,19.429986572299999,12.499210180100000,160.961524830000002,2025,12,19,25
,19.239007568400002,11.917823433000001,168.025678895999988,2025,12,20,25
,19.626000976600000,11.471915408499999,176.045345620999996,2025,12,21,25
,20.110986328100001,10.940461024999999,170.662586876999995,2025,12,22,25
,19.852990722700000,11.350510613499999,180.424133067000014,2025,12,23,25
,19.912988281299999,11.282399295999999,182.075221785999986,2025,12,0,26
,19.735986328100001,12.079195002300001,192.444441955000002,2025,12,1,26
,19.251000976600000,12.499390854300000,211.463859433000010,2025,12,2,26
,19.469995117200000,11.215845778800000,221.540703927999999,2025,12,3,26
,19.438989257799999,9.589827043010001,235.877781765999998,2025,12,4,26
,19.415002441399999,8.772399134350000,258.276728079999998,2025,12,5,26
,19.187005615200000,8.328897694429999,277.840821367999979,2025,12,6,26
,18.663995361300000,8.144127968879999,294.871619443999975,2025,12,7,26
,18.179986572299999,7.715892927080000,308.075160101999984,2025,12,8,26
,17.788995361300000,6.587325161490000,318.819786065000017,2025,12,9,26
,17.807000732399999,4.375260263600000,325.634871420000025,2025,12,10,26
,17.645013427700000,3.000381763330000,338.186533881000003,2025,12,11,26
,17.575006103500002,1.844652181470000,11.196966254199999,2025,12,12,26
,17.649987793000001,1.614171703740000,82.182453085800006,2025,12,13,26
,17.825006103500002,2.644030930760000,134.358416573000000,2025,12,14,26
,17.973992919899999,3.616211069360000,159.610481676000006,2025,12,15,26
,18.192987060499998,4.553056532870000,172.543078194000003,2025,12,16,26
,18.433007812500001,5.418922345900000,180.643993945000005,2025,12,17,26
,18.740991210899999,6.600490216630000,189.221332022000013,2025,12,18,26
,18.952996826200000,7.459818970880000,201.343464573999995,2025,12,19,26
,19.033990478500002,8.225178688220000,213.072262069000004,2025,12,20,26
,18.968011474600001,7.837434330960000,218.054974783000006,2025,12,21,26
,19.305993652300000,7.141802868010000,215.908858194999993,2025,12,22,26
,19.355004882799999,7.074456011340000,207.040765867000005,2025,12,23,26
,19.301995849600001,6.888512389170000,200.335206303999996,2025,12,0,27
,19.322991943400002,7.385962921160000,193.070547169000008,2025,12,1,27
,19.558007812500001,8.590650186680000,188.950615975000005,2025,12,2,27
,19.502008056600001,9.183534350220000,191.081994441999996,2025,12,3,27
,19.497003173800000,9.843652730790000,198.460496758999994,2025,12,4,27
,19.504998779299999,10.178751366000000,202.032498736000008,2025,12,5,27
,19.666009521500001,10.436279591000000,204.858439596000011,2025,12,6,27
,20.058007812500001,10.702487720500001,204.940373034999993,2025,12,7,27
,20.304986572299999,11.627430651499999,214.139395868000008,2025,12,8,27
,19.835992431600001,13.142054349700000,229.761859847000011,2025,12,9,27
,18.614007568400002,11.089371109800000,245.448986555999994,2025,12,10,27
,18.629998779299999,10.246692030600000,264.469866261999982,2025,12,11,27
,18.403985595700000,9.999518573620000,284.370369412999992,2025,12,12,27
,17.964990234399998,9.785305169770000,290.117614130999982,2025,12,13,27
,17.602990722700000,8.836727090189999,289.158090741000024,2025,12,14,27
,17.383996582000002,8.274496988639999,284.348363231000008,2025,12,15,27
,17.326989746100001,7.770676134850000,278.699785134000024,2025,12,16,27
,17.235986328100001,7.466163346950000,273.908312895999984,2025,12,17,27
,17.278009033200000,7.480208413800000,272.327005641000028,2025,12,18,27
,17.278009033200000,7.434101257800000,272.804080952999982,2025,12,19,27
,17.291009521500001,7.393187774150000,270.644306224999980,2025,12,20,27
,17.411004638700000,7.274732038140000,266.129563603000008,2025,12,21,27
,17.922998046899998,7.592285266160000,258.445688222999991,2025,12,22,27
,18.012994384799999,7.880528038650000,256.090666199999987,2025,12,23,27
,18.001000976600000,7.838960560770000,256.336295867999979,2025,12,0,28
,17.787011718799999,7.739516273780000,255.511699907999997,2025,12,1,28
,17.622003173800000,7.386458208240000,253.516887174999994,2025,12,2,28
,17.657006835899999,7.112516208090000,251.470644005999986,2025,12,3,28
,17.731011962899998,6.346704856590000,245.192129246999997,2025,12,4,28
,17.825006103500002,6.115140492030000,237.318097155000004,2025,12,5,28
,17.988000488299999,6.262899590880000,227.922245677000006,2025,12,6,28
,18.222009277300000,6.714401186150000,222.808122704999988,2025,12,7,28
,18.408990478500002,6.680410459780000,217.805312544999992,2025,12,8,28
,18.471002197299999,6.784658955130000,211.592210583999986,2025,12,9,28
,18.501000976600000,6.249437230520000,204.034576697999995,2025,12,10,28
,18.711999511700000,6.668415539550000,187.281336417999995,2025,12,11,28
,18.853997802700000,8.096054397160000,176.690199775999986,2025,12,12,28
,18.973992919899999,10.001746597300000,173.059710830000000,2025,12,13,28
,19.248986816399999,11.524479560900000,174.797271012000010,2025,12,14,28
,19.291009521500001,11.952687772799999,175.577531327000003,2025,12,15,28
,19.600000000000001,11.964116805800000,176.249969563999997,2025,12,16,28
,19.879998779299999,13.209367168100000,182.691044436999988,2025,12,17,28
,19.999993896500001,13.072741714299999,188.369982563999997,2025,12,18,28
,19.184991455100000,13.807072051900001,194.648162735999989,2025,12,19,28
,18.467004394500002,14.540822934600000,200.627712897999999,2025,12,20,28
,18.115991210899999,13.944939377000001,205.452207439999995,2025,12,21,28
,18.267999267600000,12.363391710600000,216.941618233000014,2025,12,22,28
,18.516992187500001,10.566016339800001,205.573094755999989,2025,12,23,28
,18.580010986300000,10.522577625900000,211.786270741999999,2025,12,0,29
,18.675988769500002,10.156381083899999,225.025011296999992,2025,12,1,29
,19.040002441399999,9.696443625470000,236.996068624999992,2025,12,2,29
,18.676995849600001,8.657779489619999,245.390372380999992,2025,12,3,29
,17.933007812500001,7.787238210620000,249.453634082999997,2025,12,4,29
,17.435998535200000,7.192183320490000,258.627042765999988,2025,12,5,29
,17.420007324200000,7.082280907330000,273.315051325000013,2025,12,6,29
,17.225000000000001,8.084441381060000,279.587980814999980,2025,12,7,29
,16.982995605500001,8.498179072390000,278.750601328000016,2025,12,8,29
,17.145989990200000,7.915277566680000,284.660380866000025,2025,12,9,29
,17.291009521500001,8.731212828329999,294.276965302000008,2025,12,10,29
,16.765985107399999,9.191799273759999,288.268976835999979,2025,12,11,29
,16.438989257799999,9.077274039690000,286.737236058999997,2025,12,12,29
,16.714990234399998,8.647902006060001,290.488829721000002,2025,12,13,29
,16.615014648399999,9.378869644090001,288.454595679000022,2025,12,14,29
,16.541986084000001,9.832252399930001,286.198113327999977,2025,12,15,29
,16.571008300799999,9.688528486230000,282.467223142000023,2025,12,16,29
,16.661004638700000,9.558299220280000,276.475987386999975,2025,12,17,29
,16.709985351600000,9.631415668820001,270.064028597999993,2025,12,18,29
,16.839990234399998,9.397902526599999,264.517407015999993,2025,12,19,29
,16.915002441399999,9.689385605929999,258.537186183000017,2025,12,20,29
,17.033013916000002,10.075494751200001,254.609669532999987,2025,12,21,29
,16.347985839800000,11.726317218200000,256.109565187999976,2025,12,22,29
,16.064996337899998,11.710194142300001,263.121170806999999,2025,12,23,29
,16.032006835899999,11.328061691600000,269.610316511999997,2025,12,0,30
,16.415002441399999,11.876633060000000,273.859365619000016,2025,12,1,30
,16.632989502000001,12.472053109399999,278.191666069999997,2025,12,2,30
,16.722009277300000,12.641985354399999,282.227381673000025,2025,12,3,30
,16.848992919899999,12.380532001200001,283.748675970000022,2025,12,4,30
,16.415002441399999,12.540719808700000,284.621193057000028,2025,12,5,30
,16.754998779299999,12.931023934900001,285.642425661999994,2025,12,6,30
,16.856988525399998,12.823525053599999,287.080772333000027,2025,12,7,30
,17.041009521500001,12.949116232600000,289.133143281999992,2025,12,8,30
,17.184014892600000,12.599707924000001,290.871990177999976,2025,12,9,30
,17.610986328100001,12.642313048800000,289.307220893000022,2025,12,10,30
,17.735009765600001,13.055651169700001,288.527403505999985,2025,12,11,30
,17.868005371100001,13.097494896300001,286.601908888000025,2025,12,12,30
,18.103997802700000,13.245244162300001,287.407895863000022,2025,12,13,30
,18.455987548800000,13.577336647299999,287.994730296000000,2025,12,14,30
,18.615991210899999,14.125464507700000,287.091996097999981,2025,12,15,30
,18.839990234399998,13.855704422500001,288.197778302000017,2025,12,16,30
,19.251000976600000,13.371724235600000,290.529615994999972,2025,12,17,30
,19.516992187500001,11.998605011300000,290.194571721999978,2025,12,18,30
,19.445001220700000,11.265603328699999,281.534204709999983,2025,12,19,30
,19.330010986300000,12.145006172400000,278.801222564000000,2025,12,20,30
,19.377008056600001,12.149345575000000,276.921643167000013,2025,12,21,30
,19.429986572299999,12.576360391600000,274.291490738999983,2025,12,22,30
,19.472985839800000,13.019171443399999,275.140914864000024,2025,12,23,30
,19.369012451200000,13.577345076100000,277.775862437999990,2025,12,0,31
,19.379998779299999,13.557420473800001,280.567042559000015,2025,12,1,31
,19.520989990200000,13.246073590900000,282.310509201000002,2025,12,2,31
,19.671990966799999,13.048295908800000,283.018892939000011,2025,12,3,31
,19.657006835899999,12.438543381400001,280.830010695999988,2025,12,4,31
,19.611993408200000,12.044356066700001,278.749334133999980,2025,12,5,31
,19.633996582000002,11.839518332100001,279.620803367999997,2025,12,6,31
,19.764001464800000,11.563200728300000,281.461818343999994,2025,12,7,31
,19.924005127000001,11.208541773600000,282.100583697999980,2025,12,8,31
,19.999993896500001,10.781514305500000,283.091464529000007,2025,12,9,31
,20.110009765600001,9.796711459460001,288.025088987999993,2025,12,10,31
,20.110986328100001,9.314795294420000,290.085330676000012,2025,12,11,31
,20.149011230500001,8.651271448790000,293.750789327999996,2025,12,12,31
,20.157006835899999,8.263540542339999,297.379778547999990,2025,12,13,31
,20.166009521500001,7.567524399510000,296.479927722000014,2025,12,14,31
,20.100000000000001,7.361665729610000,294.934455445000026,2025,12,15,31
,20.058007812500001,7.044825219830000,296.477503694999996,2025,12,16,31
,20.050988769500002,6.856512006620000,297.484977216999994,2025,12,17,31
,20.049005127000001,6.405863829350000,297.299431196999990,2025,12,18,31
,20.030999755900002,5.808902734830000,295.969546594999997,2025,12,19,31
,20.007012939500001,5.211869140800000,292.883257534999984,2025,12,20,31
,19.978997802700000,4.698420303760000,288.890074114000015,2025,12,21,31
,19.917993164100000,4.373507871940000,281.892789336000021,2025,12,22,31
,19.882012939500001,4.017057764370000,275.320627345999981,2025,12,23,31